source,image_path,mask_path_or_label_path,group_id,split,width,height,labels_crack,labels_pothole
pothole,Pothole_Segmentation_YOLOv8/valid/images/pic-114-_jpg.rf.a0f30e06b3b96d7879d5f55a7012433c.jpg,Pothole_Segmentation_YOLOv8/valid/labels/pic-114-_jpg.rf.a0f30e06b3b96d7879d5f55a7012433c.txt,pic-114,test,640,640,False,True
pothole,Pothole_Segmentation_YOLOv8/valid/images/pic-116-_jpg.rf.ddcb9d0e0bcf2a1a5096c4f04e6b7f9e.jpg,Pothole_Segmentation_YOLOv8/valid/labels/pic-116-_jpg.rf.ddcb9d0e0bcf2a1a5096c4f04e6b7f9e.txt,pic-116,test,640,640,False,True
pothole,Pothole_Segmentation_YOLOv8/valid/images/pic-123-_jpg.rf.385ae3fbcdabda81f72ddf11f6a4b93d.jpg,Pothole_Segmentation_YOLOv8/valid/labels/pic-123-_jpg.rf.385ae3fbcdabda81f72ddf11f6a4b93d.txt,pic-123,test,640,640,False,True
pothole,Pothole_Segmentation_YOLOv8/valid/images/pic-125-_jpg.rf.3d316e9144cb7438021e01065de91057.jpg,Pothole_Segmentation_YOLOv8/valid/labels/pic-125-_jpg.rf.3d316e9144cb7438021e01065de91057.txt,pic-125,test,640,640,False,True
pothole,Pothole_Segmentation_YOLOv8/valid/images/pic-129-_jpg.rf.d307956eee8ac32fbe793335e87c7b67.jpg,Pothole_Segmentation_YOLOv8/valid/labels/pic-129-_jpg.rf.d307956eee8ac32fbe793335e87c7b67.txt,pic-129,test,640,640,False,True
pothole,Pothole_Segmentation_YOLOv8/valid/images/pic-140-_jpg.rf.430bfe74decf2b904377d127914f2092.jpg,Pothole_Segmentation_YOLOv8/valid/labels/pic-140-_jpg.rf.430bfe74decf2b904377d127914f2092.txt,pic-140,test,640,640,False,True
pothole,Pothole_Segmentation_YOLOv8/valid/images/pic-144-_jpg.rf.61a3b886f058ed3a4788426cfa7c4988.jpg,Pothole_Segmentation_YOLOv8/valid/labels/pic-144-_jpg.rf.61a3b886f058ed3a4788426cfa7c4988.txt,pic-144,test,640,640,False,True
pothole,Pothole_Segmentation_YOLOv8/valid/images/pic-151-_jpg.rf.45a82558c583efe9dda4ea02e294595a.jpg,Pothole_Segmentation_YOLOv8/valid/labels/pic-151-_jpg.rf.45a82558c583efe9dda4ea02e294595a.txt,pic-151,test,640,640,False,True
pothole,Pothole_Segmentation_YOLOv8/valid/images/pic-152-_jpg.rf.510fb0040c8523bb66ec10b0fe67b4b4.jpg,Pothole_Segmentation_YOLOv8/valid/labels/pic-152-_jpg.rf.510fb0040c8523bb66ec10b0fe67b4b4.txt,pic-152,test,640,640,False,True
pothole,Pothole_Segmentation_YOLOv8/valid/images/pic-154-_jpg.rf.a9e6b534da24b1c1815902210ab23be9.jpg,Pothole_Segmentation_YOLOv8/valid/labels/pic-154-_jpg.rf.a9e6b534da24b1c1815902210ab23be9.txt,pic-154,test,640,640,False,True
pothole,Pothole_Segmentation_YOLOv8/valid/images/pic-157-_jpg.rf.2247b000d655232fbf8a58b5add102ca.jpg,Pothole_Segmentation_YOLOv8/valid/labels/pic-157-_jpg.rf.2247b000d655232fbf8a58b5add102ca.txt,pic-157,test,640,640,False,True
pothole,Pothole_Segmentation_YOLOv8/valid/images/pic-161-_jpg.rf.1cff77d21f54b7ed9234e896abcf0f5b.jpg,Pothole_Segmentation_YOLOv8/valid/labels/pic-161-_jpg.rf.1cff77d21f54b7ed9234e896abcf0f5b.txt,pic-161,test,640,640,False,True
pothole,Pothole_Segmentation_YOLOv8/valid/images/pic-165-_jpg.rf.82b3db37518b15aa73be6e4093deaf46.jpg,Pothole_Segmentation_YOLOv8/valid/labels/pic-165-_jpg.rf.82b3db37518b15aa73be6e4093deaf46.txt,pic-165,test,640,640,False,True
pothole,Pothole_Segmentation_YOLOv8/valid/images/pic-17-_jpg.rf.0d172b6accedf4c52a3868d9b690d48b.jpg,Pothole_Segmentation_YOLOv8/valid/labels/pic-17-_jpg.rf.0d172b6accedf4c52a3868d9b690d48b.txt,pic-17,test,640,640,False,True
pothole,Pothole_Segmentation_YOLOv8/valid/images/pic-173-_jpg.rf.73512294c1b7b5c500eac27a0fb669f7.jpg,Pothole_Segmentation_YOLOv8/valid/labels/pic-173-_jpg.rf.73512294c1b7b5c500eac27a0fb669f7.txt,pic-173,test,640,640,False,True
pothole,Pothole_Segmentation_YOLOv8/valid/images/pic-175-_jpg.rf.9fc746d4865c11f38047cf383baa30a6.jpg,Pothole_Segmentation_YOLOv8/valid/labels/pic-175-_jpg.rf.9fc746d4865c11f38047cf383baa30a6.txt,pic-175,test,640,640,False,True
pothole,Pothole_Segmentation_YOLOv8/valid/images/pic-178-_jpg.rf.2e27d006aec1544f1eec88d9170fd6ce.jpg,Pothole_Segmentation_YOLOv8/valid/labels/pic-178-_jpg.rf.2e27d006aec1544f1eec88d9170fd6ce.txt,pic-178,test,640,640,False,True
pothole,Pothole_Segmentation_YOLOv8/valid/images/pic-183-_jpg.rf.277cfed19f046acc63dc9640b239f1df.jpg,Pothole_Segmentation_YOLOv8/valid/labels/pic-183-_jpg.rf.277cfed19f046acc63dc9640b239f1df.txt,pic-183,test,640,640,False,True
pothole,Pothole_Segmentation_YOLOv8/valid/images/pic-184-_jpg.rf.cb753b5f714073fc4a8c2de602386399.jpg,Pothole_Segmentation_YOLOv8/valid/labels/pic-184-_jpg.rf.cb753b5f714073fc4a8c2de602386399.txt,pic-184,test,640,640,False,True
pothole,Pothole_Segmentation_YOLOv8/valid/images/pic-192-_jpg.rf.e0b55409488785e7156677026d372c23.jpg,Pothole_Segmentation_YOLOv8/valid/labels/pic-192-_jpg.rf.e0b55409488785e7156677026d372c23.txt,pic-192,test,640,640,False,True
pothole,Pothole_Segmentation_YOLOv8/valid/images/pic-193-_jpg.rf.4520ff34079afc8e9f9b50a633c08876.jpg,Pothole_Segmentation_YOLOv8/valid/labels/pic-193-_jpg.rf.4520ff34079afc8e9f9b50a633c08876.txt,pic-193,test,640,640,False,True
pothole,Pothole_Segmentation_YOLOv8/valid/images/pic-20-_jpg.rf.4b34591f154f226347c9ca9dfb33b2e4.jpg,Pothole_Segmentation_YOLOv8/valid/labels/pic-20-_jpg.rf.4b34591f154f226347c9ca9dfb33b2e4.txt,pic-20,test,640,640,False,True
pothole,Pothole_Segmentation_YOLOv8/valid/images/pic-202-_jpg.rf.8c64ec46a9e120007c12c2e4841c9555.jpg,Pothole_Segmentation_YOLOv8/valid/labels/pic-202-_jpg.rf.8c64ec46a9e120007c12c2e4841c9555.txt,pic-202,test,640,640,False,True
pothole,Pothole_Segmentation_YOLOv8/valid/images/pic-204-_jpg.rf.c3990b25e295bfd6b4605c6305cce37c.jpg,Pothole_Segmentation_YOLOv8/valid/labels/pic-204-_jpg.rf.c3990b25e295bfd6b4605c6305cce37c.txt,pic-204,test,640,640,False,True
pothole,Pothole_Segmentation_YOLOv8/valid/images/pic-205-_jpg.rf.cf4be807bced55552b98c208585d2c56.jpg,Pothole_Segmentation_YOLOv8/valid/labels/pic-205-_jpg.rf.cf4be807bced55552b98c208585d2c56.txt,pic-205,test,640,640,False,True
pothole,Pothole_Segmentation_YOLOv8/valid/images/pic-209-_jpg.rf.533a84bcc43e29e16c0f80069ee7f8df.jpg,Pothole_Segmentation_YOLOv8/valid/labels/pic-209-_jpg.rf.533a84bcc43e29e16c0f80069ee7f8df.txt,pic-209,test,640,640,False,True
pothole,Pothole_Segmentation_YOLOv8/valid/images/pic-22-_jpg.rf.aec225ee7ab2b5f7791d6579b213600b.jpg,Pothole_Segmentation_YOLOv8/valid/labels/pic-22-_jpg.rf.aec225ee7ab2b5f7791d6579b213600b.txt,pic-22,test,640,640,False,True
pothole,Pothole_Segmentation_YOLOv8/valid/images/pic-225-_jpg.rf.38cc0deddb897c98814f644451130bb7.jpg,Pothole_Segmentation_YOLOv8/valid/labels/pic-225-_jpg.rf.38cc0deddb897c98814f644451130bb7.txt,pic-225,test,640,640,False,True
pothole,Pothole_Segmentation_YOLOv8/valid/images/pic-228-_jpg.rf.4dcc6aa7dfc0c9a59a7f033e2ed12413.jpg,Pothole_Segmentation_YOLOv8/valid/labels/pic-228-_jpg.rf.4dcc6aa7dfc0c9a59a7f033e2ed12413.txt,pic-228,test,640,640,False,True
pothole,Pothole_Segmentation_YOLOv8/valid/images/pic-230-_jpg.rf.ffe557c4b95e23f1a4323cf7768060f2.jpg,Pothole_Segmentation_YOLOv8/valid/labels/pic-230-_jpg.rf.ffe557c4b95e23f1a4323cf7768060f2.txt,pic-230,test,640,640,False,True
pothole,Pothole_Segmentation_YOLOv8/valid/images/pic-236-_jpg.rf.34f38065b7233d8b9c03b746ffc9a780.jpg,Pothole_Segmentation_YOLOv8/valid/labels/pic-236-_jpg.rf.34f38065b7233d8b9c03b746ffc9a780.txt,pic-236,test,640,640,False,True
pothole,Pothole_Segmentation_YOLOv8/valid/images/pic-254-_jpg.rf.2b5c3b2efce3960f4f29319ebaa1d220.jpg,Pothole_Segmentation_YOLOv8/valid/labels/pic-254-_jpg.rf.2b5c3b2efce3960f4f29319ebaa1d220.txt,pic-254,test,640,640,False,True
pothole,Pothole_Segmentation_YOLOv8/valid/images/pic-257-_jpg.rf.09cb9983a70f1bd7ba096c252b64f909.jpg,Pothole_Segmentation_YOLOv8/valid/labels/pic-257-_jpg.rf.09cb9983a70f1bd7ba096c252b64f909.txt,pic-257,test,640,640,False,True
pothole,Pothole_Segmentation_YOLOv8/valid/images/pic-262-_jpg.rf.02970860794f859699c9f743bc0fd7d1.jpg,Pothole_Segmentation_YOLOv8/valid/labels/pic-262-_jpg.rf.02970860794f859699c9f743bc0fd7d1.txt,pic-262,test,640,640,False,True
pothole,Pothole_Segmentation_YOLOv8/valid/images/pic-263-_jpg.rf.47073e3fbc426b15c3caa7e8daa66719.jpg,Pothole_Segmentation_YOLOv8/valid/labels/pic-263-_jpg.rf.47073e3fbc426b15c3caa7e8daa66719.txt,pic-263,test,640,640,False,True
pothole,Pothole_Segmentation_YOLOv8/valid/images/pic-269-_jpg.rf.196b54c0db633b6b02612f69072abb99.jpg,Pothole_Segmentation_YOLOv8/valid/labels/pic-269-_jpg.rf.196b54c0db633b6b02612f69072abb99.txt,pic-269,test,640,640,False,True
pothole,Pothole_Segmentation_YOLOv8/valid/images/pic-27-_jpg.rf.b4cd8eb26d6941eabfc17280f03bca69.jpg,Pothole_Segmentation_YOLOv8/valid/labels/pic-27-_jpg.rf.b4cd8eb26d6941eabfc17280f03bca69.txt,pic-27,test,640,640,False,True
pothole,Pothole_Segmentation_YOLOv8/valid/images/pic-270-_jpg.rf.2a0793533346a7355bbeb34291b4a067.jpg,Pothole_Segmentation_YOLOv8/valid/labels/pic-270-_jpg.rf.2a0793533346a7355bbeb34291b4a067.txt,pic-270,test,640,640,False,True
pothole,Pothole_Segmentation_YOLOv8/valid/images/pic-271-_jpg.rf.0210435cf32159dca447e61250afb67f.jpg,Pothole_Segmentation_YOLOv8/valid/labels/pic-271-_jpg.rf.0210435cf32159dca447e61250afb67f.txt,pic-271,test,640,640,False,True
pothole,Pothole_Segmentation_YOLOv8/valid/images/pic-273-_jpg.rf.36d10c68fb23799bd0a58e48e0b995ce.jpg,Pothole_Segmentation_YOLOv8/valid/labels/pic-273-_jpg.rf.36d10c68fb23799bd0a58e48e0b995ce.txt,pic-273,test,640,640,False,True
pothole,Pothole_Segmentation_YOLOv8/valid/images/pic-28-_jpg.rf.fe8316c392940899d9211be3305c9ab6.jpg,Pothole_Segmentation_YOLOv8/valid/labels/pic-28-_jpg.rf.fe8316c392940899d9211be3305c9ab6.txt,pic-28,test,640,640,False,True
pothole,Pothole_Segmentation_YOLOv8/valid/images/pic-288-_jpg.rf.26f8da57a5a023907e5e061dbd0a5632.jpg,Pothole_Segmentation_YOLOv8/valid/labels/pic-288-_jpg.rf.26f8da57a5a023907e5e061dbd0a5632.txt,pic-288,test,640,640,False,True
pothole,Pothole_Segmentation_YOLOv8/valid/images/pic-290-_jpg.rf.bcf58ab867c40a607759aec5666fece4.jpg,Pothole_Segmentation_YOLOv8/valid/labels/pic-290-_jpg.rf.bcf58ab867c40a607759aec5666fece4.txt,pic-290,test,640,640,False,True
pothole,Pothole_Segmentation_YOLOv8/valid/images/pic-292-_jpg.rf.f3d0a40ac5190529f4dd4886d6f5e5d0.jpg,Pothole_Segmentation_YOLOv8/valid/labels/pic-292-_jpg.rf.f3d0a40ac5190529f4dd4886d6f5e5d0.txt,pic-292,test,640,640,False,True
pothole,Pothole_Segmentation_YOLOv8/valid/images/pic-303-_jpg.rf.236ed95889a91baf47b304faa7cbae01.jpg,Pothole_Segmentation_YOLOv8/valid/labels/pic-303-_jpg.rf.236ed95889a91baf47b304faa7cbae01.txt,pic-303,test,640,640,False,True
pothole,Pothole_Segmentation_YOLOv8/valid/images/pic-308-_jpg.rf.8f5b6dc0b616365d05bce17bf30eff39.jpg,Pothole_Segmentation_YOLOv8/valid/labels/pic-308-_jpg.rf.8f5b6dc0b616365d05bce17bf30eff39.txt,pic-308,test,640,640,False,True
pothole,Pothole_Segmentation_YOLOv8/valid/images/pic-33-_jpg.rf.143c56d136e3245555b26b4d5108a4e1.jpg,Pothole_Segmentation_YOLOv8/valid/labels/pic-33-_jpg.rf.143c56d136e3245555b26b4d5108a4e1.txt,pic-33,test,640,640,False,True
pothole,Pothole_Segmentation_YOLOv8/valid/images/pic-36-_jpg.rf.13a668c4003681c4631508465eef5a9f.jpg,Pothole_Segmentation_YOLOv8/valid/labels/pic-36-_jpg.rf.13a668c4003681c4631508465eef5a9f.txt,pic-36,test,640,640,False,True
pothole,Pothole_Segmentation_YOLOv8/valid/images/pic-42-_jpg.rf.28b626ac5e887c92feeed1a3c5e85b64.jpg,Pothole_Segmentation_YOLOv8/valid/labels/pic-42-_jpg.rf.28b626ac5e887c92feeed1a3c5e85b64.txt,pic-42,test,640,640,False,True
pothole,Pothole_Segmentation_YOLOv8/valid/images/pic-45-_jpg.rf.8e102a986584d47797dc92558c2af624.jpg,Pothole_Segmentation_YOLOv8/valid/labels/pic-45-_jpg.rf.8e102a986584d47797dc92558c2af624.txt,pic-45,test,640,640,False,True
pothole,Pothole_Segmentation_YOLOv8/valid/images/pic-50-_jpg.rf.cb41506e84f6cac629bd55e40e329834.jpg,Pothole_Segmentation_YOLOv8/valid/labels/pic-50-_jpg.rf.cb41506e84f6cac629bd55e40e329834.txt,pic-50,test,640,640,False,True
pothole,Pothole_Segmentation_YOLOv8/valid/images/pic-58-_jpg.rf.8f585bdabd7d6e5b0285121867659f37.jpg,Pothole_Segmentation_YOLOv8/valid/labels/pic-58-_jpg.rf.8f585bdabd7d6e5b0285121867659f37.txt,pic-58,test,640,640,False,True
pothole,Pothole_Segmentation_YOLOv8/valid/images/pic-60-_jpg.rf.4e715308cc8dc7455b767414cda028ab.jpg,Pothole_Segmentation_YOLOv8/valid/labels/pic-60-_jpg.rf.4e715308cc8dc7455b767414cda028ab.txt,pic-60,test,640,640,False,True
pothole,Pothole_Segmentation_YOLOv8/valid/images/pic-61-_jpg.rf.72ad391fcf2334c24de5ed48dda25001.jpg,Pothole_Segmentation_YOLOv8/valid/labels/pic-61-_jpg.rf.72ad391fcf2334c24de5ed48dda25001.txt,pic-61,test,640,640,False,True
pothole,Pothole_Segmentation_YOLOv8/valid/images/pic-67-_jpg.rf.663b4f930bb764609355101fbce07ab1.jpg,Pothole_Segmentation_YOLOv8/valid/labels/pic-67-_jpg.rf.663b4f930bb764609355101fbce07ab1.txt,pic-67,test,640,640,False,True
pothole,Pothole_Segmentation_YOLOv8/valid/images/pic-69-_jpg.rf.0fcb6cd22beb140d931a387036b7eab6.jpg,Pothole_Segmentation_YOLOv8/valid/labels/pic-69-_jpg.rf.0fcb6cd22beb140d931a387036b7eab6.txt,pic-69,test,640,640,False,True
pothole,Pothole_Segmentation_YOLOv8/valid/images/pic-72-_jpg.rf.82c8314917ff5284106bd3428cff5792.jpg,Pothole_Segmentation_YOLOv8/valid/labels/pic-72-_jpg.rf.82c8314917ff5284106bd3428cff5792.txt,pic-72,test,640,640,False,True
pothole,Pothole_Segmentation_YOLOv8/valid/images/pic-88-_jpg.rf.1cb5c1768861244cf01d2c5691bb3e08.jpg,Pothole_Segmentation_YOLOv8/valid/labels/pic-88-_jpg.rf.1cb5c1768861244cf01d2c5691bb3e08.txt,pic-88,test,640,640,False,True
pothole,Pothole_Segmentation_YOLOv8/valid/images/pic-95-_jpg.rf.eca25439e9e1dd31f29df105f4faa122.jpg,Pothole_Segmentation_YOLOv8/valid/labels/pic-95-_jpg.rf.eca25439e9e1dd31f29df105f4faa122.txt,pic-95,test,640,640,False,True
pothole,Pothole_Segmentation_YOLOv8/valid/images/pic-99-_jpg.rf.28d287fa96c09a12f2511e1b4df7e5a1.jpg,Pothole_Segmentation_YOLOv8/valid/labels/pic-99-_jpg.rf.28d287fa96c09a12f2511e1b4df7e5a1.txt,pic-99,test,640,640,False,True
pothole,Pothole_Segmentation_YOLOv8/train/images/pic-1-_jpg.rf.49882cdb272111f43a6656b1494a4918.jpg,Pothole_Segmentation_YOLOv8/train/labels/pic-1-_jpg.rf.49882cdb272111f43a6656b1494a4918.txt,pic-1,train,640,640,False,True
pothole,Pothole_Segmentation_YOLOv8/train/images/pic-1-_jpg.rf.8d95dd1d29760a2634a45cc7fdd84b31.jpg,Pothole_Segmentation_YOLOv8/train/labels/pic-1-_jpg.rf.8d95dd1d29760a2634a45cc7fdd84b31.txt,pic-1,train,640,640,False,True
pothole,Pothole_Segmentation_YOLOv8/train/images/pic-1-_jpg.rf.e238c9bf3fe82e8ac55b0014a27fc529.jpg,Pothole_Segmentation_YOLOv8/train/labels/pic-1-_jpg.rf.e238c9bf3fe82e8ac55b0014a27fc529.txt,pic-1,train,640,640,False,True
pothole,Pothole_Segmentation_YOLOv8/train/images/pic-10-_jpg.rf.1d433d21e11d000b6b498eacb88fe4a9.jpg,Pothole_Segmentation_YOLOv8/train/labels/pic-10-_jpg.rf.1d433d21e11d000b6b498eacb88fe4a9.txt,pic-10,train,640,640,False,True
pothole,Pothole_Segmentation_YOLOv8/train/images/pic-10-_jpg.rf.500c683a687e403f4cdade4826a84b5b.jpg,Pothole_Segmentation_YOLOv8/train/labels/pic-10-_jpg.rf.500c683a687e403f4cdade4826a84b5b.txt,pic-10,train,640,640,False,True
pothole,Pothole_Segmentation_YOLOv8/train/images/pic-10-_jpg.rf.5a901c212d899a7dc7dc78be7de892c0.jpg,Pothole_Segmentation_YOLOv8/train/labels/pic-10-_jpg.rf.5a901c212d899a7dc7dc78be7de892c0.txt,pic-10,train,640,640,False,True
pothole,Pothole_Segmentation_YOLOv8/train/images/pic-100-_jpg.rf.17047bb032a49c96643c5f2108bb99dd.jpg,Pothole_Segmentation_YOLOv8/train/labels/pic-100-_jpg.rf.17047bb032a49c96643c5f2108bb99dd.txt,pic-100,train,640,640,False,True
pothole,Pothole_Segmentation_YOLOv8/train/images/pic-100-_jpg.rf.8c9076ee84698f90f04765f4e794a819.jpg,Pothole_Segmentation_YOLOv8/train/labels/pic-100-_jpg.rf.8c9076ee84698f90f04765f4e794a819.txt,pic-100,train,640,640,False,True
pothole,Pothole_Segmentation_YOLOv8/train/images/pic-100-_jpg.rf.ebc3af260e989e6f9e1e9221b9dff6b0.jpg,Pothole_Segmentation_YOLOv8/train/labels/pic-100-_jpg.rf.ebc3af260e989e6f9e1e9221b9dff6b0.txt,pic-100,train,640,640,False,True
pothole,Pothole_Segmentation_YOLOv8/train/images/pic-101-_jpg.rf.1e32a49f89a38974ded11bba8dd3e56b.jpg,Pothole_Segmentation_YOLOv8/train/labels/pic-101-_jpg.rf.1e32a49f89a38974ded11bba8dd3e56b.txt,pic-101,train,640,640,False,True
pothole,Pothole_Segmentation_YOLOv8/train/images/pic-101-_jpg.rf.4abe48a3d2a5e556908bf4286446e5ce.jpg,Pothole_Segmentation_YOLOv8/train/labels/pic-101-_jpg.rf.4abe48a3d2a5e556908bf4286446e5ce.txt,pic-101,train,640,640,False,True
pothole,Pothole_Segmentation_YOLOv8/train/images/pic-101-_jpg.rf.8380b58f6540ec91db66934b342f7f9e.jpg,Pothole_Segmentation_YOLOv8/train/labels/pic-101-_jpg.rf.8380b58f6540ec91db66934b342f7f9e.txt,pic-101,train,640,640,False,True
pothole,Pothole_Segmentation_YOLOv8/train/images/pic-102-_jpg.rf.bb6db5bdb59d1a6af15b0a0b565a3cdb.jpg,Pothole_Segmentation_YOLOv8/train/labels/pic-102-_jpg.rf.bb6db5bdb59d1a6af15b0a0b565a3cdb.txt,pic-102,train,640,640,False,True
pothole,Pothole_Segmentation_YOLOv8/train/images/pic-102-_jpg.rf.cd0b0b3a64e3a11005884c98c1f6c3aa.jpg,Pothole_Segmentation_YOLOv8/train/labels/pic-102-_jpg.rf.cd0b0b3a64e3a11005884c98c1f6c3aa.txt,pic-102,train,640,640,False,True
pothole,Pothole_Segmentation_YOLOv8/train/images/pic-102-_jpg.rf.df35bf045672f19a05f84a8c365dab3a.jpg,Pothole_Segmentation_YOLOv8/train/labels/pic-102-_jpg.rf.df35bf045672f19a05f84a8c365dab3a.txt,pic-102,train,640,640,False,True
pothole,Pothole_Segmentation_YOLOv8/train/images/pic-103-_jpg.rf.26017e20e92320bcde575710389353b1.jpg,Pothole_Segmentation_YOLOv8/train/labels/pic-103-_jpg.rf.26017e20e92320bcde575710389353b1.txt,pic-103,train,640,640,False,True
pothole,Pothole_Segmentation_YOLOv8/train/images/pic-103-_jpg.rf.4fa35472ae606aca56d49966dc91b5b6.jpg,Pothole_Segmentation_YOLOv8/train/labels/pic-103-_jpg.rf.4fa35472ae606aca56d49966dc91b5b6.txt,pic-103,train,640,640,False,True
pothole,Pothole_Segmentation_YOLOv8/train/images/pic-103-_jpg.rf.e204fd0f4f80094ec52c54c31ab06db0.jpg,Pothole_Segmentation_YOLOv8/train/labels/pic-103-_jpg.rf.e204fd0f4f80094ec52c54c31ab06db0.txt,pic-103,train,640,640,False,True
pothole,Pothole_Segmentation_YOLOv8/train/images/pic-104-_jpg.rf.117ec7cfcc77d6e6f80130934b1d5aa1.jpg,Pothole_Segmentation_YOLOv8/train/labels/pic-104-_jpg.rf.117ec7cfcc77d6e6f80130934b1d5aa1.txt,pic-104,train,640,640,False,True
pothole,Pothole_Segmentation_YOLOv8/train/images/pic-104-_jpg.rf.e4efc52e048da0b6918c135b1bd39962.jpg,Pothole_Segmentation_YOLOv8/train/labels/pic-104-_jpg.rf.e4efc52e048da0b6918c135b1bd39962.txt,pic-104,train,640,640,False,True
pothole,Pothole_Segmentation_YOLOv8/train/images/pic-104-_jpg.rf.f986cb78d75fc164de95ac33c56d9474.jpg,Pothole_Segmentation_YOLOv8/train/labels/pic-104-_jpg.rf.f986cb78d75fc164de95ac33c56d9474.txt,pic-104,train,640,640,False,True
pothole,Pothole_Segmentation_YOLOv8/train/images/pic-105-_jpg.rf.0b52d3fe11f0b249a5eb2f14a8f0a14f.jpg,Pothole_Segmentation_YOLOv8/train/labels/pic-105-_jpg.rf.0b52d3fe11f0b249a5eb2f14a8f0a14f.txt,pic-105,train,640,640,False,True
pothole,Pothole_Segmentation_YOLOv8/train/images/pic-105-_jpg.rf.0ce0939aec2bb2ab235addf64d130914.jpg,Pothole_Segmentation_YOLOv8/train/labels/pic-105-_jpg.rf.0ce0939aec2bb2ab235addf64d130914.txt,pic-105,train,640,640,False,True
pothole,Pothole_Segmentation_YOLOv8/train/images/pic-105-_jpg.rf.859bee21c8abeda9bc4ef41da6d2d0bf.jpg,Pothole_Segmentation_YOLOv8/train/labels/pic-105-_jpg.rf.859bee21c8abeda9bc4ef41da6d2d0bf.txt,pic-105,train,640,640,False,True
pothole,Pothole_Segmentation_YOLOv8/train/images/pic-106-_jpg.rf.0cbfb7193cdb49723d65f538678e22d2.jpg,Pothole_Segmentation_YOLOv8/train/labels/pic-106-_jpg.rf.0cbfb7193cdb49723d65f538678e22d2.txt,pic-106,train,640,640,False,True
pothole,Pothole_Segmentation_YOLOv8/train/images/pic-106-_jpg.rf.ac62ec1fab28b4344978edf35e9d2f3b.jpg,Pothole_Segmentation_YOLOv8/train/labels/pic-106-_jpg.rf.ac62ec1fab28b4344978edf35e9d2f3b.txt,pic-106,train,640,640,False,True
pothole,Pothole_Segmentation_YOLOv8/train/images/pic-106-_jpg.rf.e4becd5b84615a7550986c2835dc285e.jpg,Pothole_Segmentation_YOLOv8/train/labels/pic-106-_jpg.rf.e4becd5b84615a7550986c2835dc285e.txt,pic-106,train,640,640,False,True
pothole,Pothole_Segmentation_YOLOv8/train/images/pic-107-_jpg.rf.03fc77860b4af0df70c5ab46db783441.jpg,Pothole_Segmentation_YOLOv8/train/labels/pic-107-_jpg.rf.03fc77860b4af0df70c5ab46db783441.txt,pic-107,val,640,640,False,True
pothole,Pothole_Segmentation_YOLOv8/train/images/pic-107-_jpg.rf.3553f8919ce95633136ebe837864a734.jpg,Pothole_Segmentation_YOLOv8/train/labels/pic-107-_jpg.rf.3553f8919ce95633136ebe837864a734.txt,pic-107,val,640,640,False,True
pothole,Pothole_Segmentation_YOLOv8/train/images/pic-107-_jpg.rf.f0ad7fbe0407cb85527525e503913079.jpg,Pothole_Segmentation_YOLOv8/train/labels/pic-107-_jpg.rf.f0ad7fbe0407cb85527525e503913079.txt,pic-107,val,640,640,False,True
pothole,Pothole_Segmentation_YOLOv8/train/images/pic-108-_jpg.rf.0a11aa9e03c7bce050328b7bb2341bad.jpg,Pothole_Segmentation_YOLOv8/train/labels/pic-108-_jpg.rf.0a11aa9e03c7bce050328b7bb2341bad.txt,pic-108,train,640,640,False,True
pothole,Pothole_Segmentation_YOLOv8/train/images/pic-108-_jpg.rf.1dee3ebe35fda326931fb1a1a3162f56.jpg,Pothole_Segmentation_YOLOv8/train/labels/pic-108-_jpg.rf.1dee3ebe35fda326931fb1a1a3162f56.txt,pic-108,train,640,640,False,True
pothole,Pothole_Segmentation_YOLOv8/train/images/pic-108-_jpg.rf.539074c8d5134b846ed4b34e66362766.jpg,Pothole_Segmentation_YOLOv8/train/labels/pic-108-_jpg.rf.539074c8d5134b846ed4b34e66362766.txt,pic-108,train,640,640,False,True
pothole,Pothole_Segmentation_YOLOv8/train/images/pic-109-_jpg.rf.04274b3be06ee972e8900a1875f45611.jpg,Pothole_Segmentation_YOLOv8/train/labels/pic-109-_jpg.rf.04274b3be06ee972e8900a1875f45611.txt,pic-109,train,640,640,False,True
pothole,Pothole_Segmentation_YOLOv8/train/images/pic-109-_jpg.rf.b84c3f664bd7ae818c9af8fb6bc95a9c.jpg,Pothole_Segmentation_YOLOv8/train/labels/pic-109-_jpg.rf.b84c3f664bd7ae818c9af8fb6bc95a9c.txt,pic-109,train,640,640,False,True
pothole,Pothole_Segmentation_YOLOv8/train/images/pic-109-_jpg.rf.de4b44ded5874999731e65adcf907536.jpg,Pothole_Segmentation_YOLOv8/train/labels/pic-109-_jpg.rf.de4b44ded5874999731e65adcf907536.txt,pic-109,train,640,640,False,True
pothole,Pothole_Segmentation_YOLOv8/train/images/pic-11-_jpg.rf.39503b2272330e0dd57ffe9fc6ed720e.jpg,Pothole_Segmentation_YOLOv8/train/labels/pic-11-_jpg.rf.39503b2272330e0dd57ffe9fc6ed720e.txt,pic-11,val,640,640,False,True
pothole,Pothole_Segmentation_YOLOv8/train/images/pic-11-_jpg.rf.489d3c93901c3240d87b78333702d26c.jpg,Pothole_Segmentation_YOLOv8/train/labels/pic-11-_jpg.rf.489d3c93901c3240d87b78333702d26c.txt,pic-11,val,640,640,False,True
pothole,Pothole_Segmentation_YOLOv8/train/images/pic-11-_jpg.rf.7bf3ce1997b0a5d878ad6fabe1e5772a.jpg,Pothole_Segmentation_YOLOv8/train/labels/pic-11-_jpg.rf.7bf3ce1997b0a5d878ad6fabe1e5772a.txt,pic-11,val,640,640,False,True
pothole,Pothole_Segmentation_YOLOv8/train/images/pic-110-_jpg.rf.c61b825409e38c7651bca32e1d9680b5.jpg,Pothole_Segmentation_YOLOv8/train/labels/pic-110-_jpg.rf.c61b825409e38c7651bca32e1d9680b5.txt,pic-110,train,640,640,False,True
pothole,Pothole_Segmentation_YOLOv8/train/images/pic-110-_jpg.rf.c9150ba543315705a5bb08654144ccf9.jpg,Pothole_Segmentation_YOLOv8/train/labels/pic-110-_jpg.rf.c9150ba543315705a5bb08654144ccf9.txt,pic-110,train,640,640,False,True
pothole,Pothole_Segmentation_YOLOv8/train/images/pic-110-_jpg.rf.ddb9b30f00ca7dfad4235fcd67610a9b.jpg,Pothole_Segmentation_YOLOv8/train/labels/pic-110-_jpg.rf.ddb9b30f00ca7dfad4235fcd67610a9b.txt,pic-110,train,640,640,False,True
pothole,Pothole_Segmentation_YOLOv8/train/images/pic-111-_jpg.rf.39065e4e7f12e6c9d4e829f9df001cec.jpg,Pothole_Segmentation_YOLOv8/train/labels/pic-111-_jpg.rf.39065e4e7f12e6c9d4e829f9df001cec.txt,pic-111,train,640,640,False,True
pothole,Pothole_Segmentation_YOLOv8/train/images/pic-111-_jpg.rf.3a38a17ad93dbe166ddcc54aae67d206.jpg,Pothole_Segmentation_YOLOv8/train/labels/pic-111-_jpg.rf.3a38a17ad93dbe166ddcc54aae67d206.txt,pic-111,train,640,640,False,True
pothole,Pothole_Segmentation_YOLOv8/train/images/pic-111-_jpg.rf.748bde6c84a85700fe3e4a8ad8e5c83c.jpg,Pothole_Segmentation_YOLOv8/train/labels/pic-111-_jpg.rf.748bde6c84a85700fe3e4a8ad8e5c83c.txt,pic-111,train,640,640,False,True
pothole,Pothole_Segmentation_YOLOv8/train/images/pic-112-_jpg.rf.3d443fe242b14e97a21264faecffde8c.jpg,Pothole_Segmentation_YOLOv8/train/labels/pic-112-_jpg.rf.3d443fe242b14e97a21264faecffde8c.txt,pic-112,train,640,640,False,True
pothole,Pothole_Segmentation_YOLOv8/train/images/pic-112-_jpg.rf.565a4282cf6d23cbb37f3ee73567ec2b.jpg,Pothole_Segmentation_YOLOv8/train/labels/pic-112-_jpg.rf.565a4282cf6d23cbb37f3ee73567ec2b.txt,pic-112,train,640,640,False,True
pothole,Pothole_Segmentation_YOLOv8/train/images/pic-112-_jpg.rf.a0296021fd4252e341077743b0990cb8.jpg,Pothole_Segmentation_YOLOv8/train/labels/pic-112-_jpg.rf.a0296021fd4252e341077743b0990cb8.txt,pic-112,train,640,640,False,True
pothole,Pothole_Segmentation_YOLOv8/train/images/pic-113-_jpg.rf.59ab5bd4ba9f0202cd15f82e7109fc77.jpg,Pothole_Segmentation_YOLOv8/train/labels/pic-113-_jpg.rf.59ab5bd4ba9f0202cd15f82e7109fc77.txt,pic-113,train,640,640,False,True
pothole,Pothole_Segmentation_YOLOv8/train/images/pic-113-_jpg.rf.b8d031ce65af24e0b5e80cab8723335b.jpg,Pothole_Segmentation_YOLOv8/train/labels/pic-113-_jpg.rf.b8d031ce65af24e0b5e80cab8723335b.txt,pic-113,train,640,640,False,True
pothole,Pothole_Segmentation_YOLOv8/train/images/pic-113-_jpg.rf.dfebb14b79daa214f3f87995192a85ae.jpg,Pothole_Segmentation_YOLOv8/train/labels/pic-113-_jpg.rf.dfebb14b79daa214f3f87995192a85ae.txt,pic-113,train,640,640,False,True
pothole,Pothole_Segmentation_YOLOv8/train/images/pic-115-_jpg.rf.1da712be935af009c0a9e04f0276f225.jpg,Pothole_Segmentation_YOLOv8/train/labels/pic-115-_jpg.rf.1da712be935af009c0a9e04f0276f225.txt,pic-115,train,640,640,False,True
pothole,Pothole_Segmentation_YOLOv8/train/images/pic-115-_jpg.rf.2ac2c551c23ad08dd5599f320c8dd310.jpg,Pothole_Segmentation_YOLOv8/train/labels/pic-115-_jpg.rf.2ac2c551c23ad08dd5599f320c8dd310.txt,pic-115,train,640,640,False,True
pothole,Pothole_Segmentation_YOLOv8/train/images/pic-115-_jpg.rf.a808c9e7b2121bd93dbc59332a6d12cb.jpg,Pothole_Segmentation_YOLOv8/train/labels/pic-115-_jpg.rf.a808c9e7b2121bd93dbc59332a6d12cb.txt,pic-115,train,640,640,False,True
pothole,Pothole_Segmentation_YOLOv8/train/images/pic-117-_jpg.rf.23537a5a480ec24a62b83163a80c4db3.jpg,Pothole_Segmentation_YOLOv8/train/labels/pic-117-_jpg.rf.23537a5a480ec24a62b83163a80c4db3.txt,pic-117,train,640,640,False,True
pothole,Pothole_Segmentation_YOLOv8/train/images/pic-117-_jpg.rf.8e6e071e8f8e9e9d6f84a1f35766ebf0.jpg,Pothole_Segmentation_YOLOv8/train/labels/pic-117-_jpg.rf.8e6e071e8f8e9e9d6f84a1f35766ebf0.txt,pic-117,train,640,640,False,True
pothole,Pothole_Segmentation_YOLOv8/train/images/pic-117-_jpg.rf.a5e887bf3c2428e83a81dc48e4f80b0e.jpg,Pothole_Segmentation_YOLOv8/train/labels/pic-117-_jpg.rf.a5e887bf3c2428e83a81dc48e4f80b0e.txt,pic-117,train,640,640,False,True
pothole,Pothole_Segmentation_YOLOv8/train/images/pic-118-_jpg.rf.8beeeda1ce5f8d0cf75e8634f45e6e7e.jpg,Pothole_Segmentation_YOLOv8/train/labels/pic-118-_jpg.rf.8beeeda1ce5f8d0cf75e8634f45e6e7e.txt,pic-118,train,640,640,False,True
pothole,Pothole_Segmentation_YOLOv8/train/images/pic-118-_jpg.rf.aa2953e739d235b2eddafdea4a1dab6e.jpg,Pothole_Segmentation_YOLOv8/train/labels/pic-118-_jpg.rf.aa2953e739d235b2eddafdea4a1dab6e.txt,pic-118,train,640,640,False,True
pothole,Pothole_Segmentation_YOLOv8/train/images/pic-118-_jpg.rf.cf3c2b75ffec6c9e27d18a6b98b67bf9.jpg,Pothole_Segmentation_YOLOv8/train/labels/pic-118-_jpg.rf.cf3c2b75ffec6c9e27d18a6b98b67bf9.txt,pic-118,train,640,640,False,True
pothole,Pothole_Segmentation_YOLOv8/train/images/pic-119-_jpg.rf.4871608ed18b586f1e4e5f2e440b1320.jpg,Pothole_Segmentation_YOLOv8/train/labels/pic-119-_jpg.rf.4871608ed18b586f1e4e5f2e440b1320.txt,pic-119,train,640,640,False,True
pothole,Pothole_Segmentation_YOLOv8/train/images/pic-119-_jpg.rf.8c7abcd78dd1d16256589acaf80a4182.jpg,Pothole_Segmentation_YOLOv8/train/labels/pic-119-_jpg.rf.8c7abcd78dd1d16256589acaf80a4182.txt,pic-119,train,640,640,False,True
pothole,Pothole_Segmentation_YOLOv8/train/images/pic-119-_jpg.rf.efb59ea51e49ee98c39fcda52e3b6389.jpg,Pothole_Segmentation_YOLOv8/train/labels/pic-119-_jpg.rf.efb59ea51e49ee98c39fcda52e3b6389.txt,pic-119,train,640,640,False,True
pothole,Pothole_Segmentation_YOLOv8/train/images/pic-12-_jpg.rf.3145a5860685e71bb38756743d8c5132.jpg,Pothole_Segmentation_YOLOv8/train/labels/pic-12-_jpg.rf.3145a5860685e71bb38756743d8c5132.txt,pic-12,val,640,640,False,True
pothole,Pothole_Segmentation_YOLOv8/train/images/pic-12-_jpg.rf.40ca7474661c6928638675cb6b4f648f.jpg,Pothole_Segmentation_YOLOv8/train/labels/pic-12-_jpg.rf.40ca7474661c6928638675cb6b4f648f.txt,pic-12,val,640,640,False,True
pothole,Pothole_Segmentation_YOLOv8/train/images/pic-12-_jpg.rf.f538915b42230d73cd5e22bcb4b06ce6.jpg,Pothole_Segmentation_YOLOv8/train/labels/pic-12-_jpg.rf.f538915b42230d73cd5e22bcb4b06ce6.txt,pic-12,val,640,640,False,True
pothole,Pothole_Segmentation_YOLOv8/train/images/pic-121-_jpg.rf.292a7daa7fa877194720b879161d8c40.jpg,Pothole_Segmentation_YOLOv8/train/labels/pic-121-_jpg.rf.292a7daa7fa877194720b879161d8c40.txt,pic-121,train,640,640,False,True
pothole,Pothole_Segmentation_YOLOv8/train/images/pic-121-_jpg.rf.6550c19d889288f83dca4f4c57545348.jpg,Pothole_Segmentation_YOLOv8/train/labels/pic-121-_jpg.rf.6550c19d889288f83dca4f4c57545348.txt,pic-121,train,640,640,False,True
pothole,Pothole_Segmentation_YOLOv8/train/images/pic-121-_jpg.rf.ca379af880817bcbc914bac8fd00d7e6.jpg,Pothole_Segmentation_YOLOv8/train/labels/pic-121-_jpg.rf.ca379af880817bcbc914bac8fd00d7e6.txt,pic-121,train,640,640,False,True
pothole,Pothole_Segmentation_YOLOv8/train/images/pic-122-_jpg.rf.727dc87f7e5fb44ce14cf3878f669aa7.jpg,Pothole_Segmentation_YOLOv8/train/labels/pic-122-_jpg.rf.727dc87f7e5fb44ce14cf3878f669aa7.txt,pic-122,train,640,640,False,True
pothole,Pothole_Segmentation_YOLOv8/train/images/pic-122-_jpg.rf.a7402de11b1c3f7af0cc32933211e3f6.jpg,Pothole_Segmentation_YOLOv8/train/labels/pic-122-_jpg.rf.a7402de11b1c3f7af0cc32933211e3f6.txt,pic-122,train,640,640,False,True
pothole,Pothole_Segmentation_YOLOv8/train/images/pic-122-_jpg.rf.c136dab4f56b39061798109d2420b61f.jpg,Pothole_Segmentation_YOLOv8/train/labels/pic-122-_jpg.rf.c136dab4f56b39061798109d2420b61f.txt,pic-122,train,640,640,False,True
pothole,Pothole_Segmentation_YOLOv8/train/images/pic-124-_jpg.rf.5e69150b156446dbd25a1ba55e83d665.jpg,Pothole_Segmentation_YOLOv8/train/labels/pic-124-_jpg.rf.5e69150b156446dbd25a1ba55e83d665.txt,pic-124,train,640,640,False,True
pothole,Pothole_Segmentation_YOLOv8/train/images/pic-124-_jpg.rf.5f9ee27d0fe8571af0685b1746b9d7fc.jpg,Pothole_Segmentation_YOLOv8/train/labels/pic-124-_jpg.rf.5f9ee27d0fe8571af0685b1746b9d7fc.txt,pic-124,train,640,640,False,True
pothole,Pothole_Segmentation_YOLOv8/train/images/pic-124-_jpg.rf.e75e7815306ccb81e78d7f8b63857483.jpg,Pothole_Segmentation_YOLOv8/train/labels/pic-124-_jpg.rf.e75e7815306ccb81e78d7f8b63857483.txt,pic-124,train,640,640,False,True
pothole,Pothole_Segmentation_YOLOv8/train/images/pic-126-_jpg.rf.260cc574c3efc137da742a912741a3fb.jpg,Pothole_Segmentation_YOLOv8/train/labels/pic-126-_jpg.rf.260cc574c3efc137da742a912741a3fb.txt,pic-126,train,640,640,False,True
pothole,Pothole_Segmentation_YOLOv8/train/images/pic-126-_jpg.rf.4d5c28bfd2ec83debd1fa97e86bbddb4.jpg,Pothole_Segmentation_YOLOv8/train/labels/pic-126-_jpg.rf.4d5c28bfd2ec83debd1fa97e86bbddb4.txt,pic-126,train,640,640,False,True
pothole,Pothole_Segmentation_YOLOv8/train/images/pic-126-_jpg.rf.c72b1826e8aaa63d8f1713c2957e93e5.jpg,Pothole_Segmentation_YOLOv8/train/labels/pic-126-_jpg.rf.c72b1826e8aaa63d8f1713c2957e93e5.txt,pic-126,train,640,640,False,True
pothole,Pothole_Segmentation_YOLOv8/train/images/pic-127-_jpg.rf.4aebae9cb49eac155acea198eb8d4649.jpg,Pothole_Segmentation_YOLOv8/train/labels/pic-127-_jpg.rf.4aebae9cb49eac155acea198eb8d4649.txt,pic-127,train,640,640,False,True
pothole,Pothole_Segmentation_YOLOv8/train/images/pic-127-_jpg.rf.513297c58b670dfbcee0c02f22a76c9f.jpg,Pothole_Segmentation_YOLOv8/train/labels/pic-127-_jpg.rf.513297c58b670dfbcee0c02f22a76c9f.txt,pic-127,train,640,640,False,True
pothole,Pothole_Segmentation_YOLOv8/train/images/pic-127-_jpg.rf.762e69fb9b1c80f586c501b5b9c515db.jpg,Pothole_Segmentation_YOLOv8/train/labels/pic-127-_jpg.rf.762e69fb9b1c80f586c501b5b9c515db.txt,pic-127,train,640,640,False,True
pothole,Pothole_Segmentation_YOLOv8/train/images/pic-128-_jpg.rf.0ac3472d1668a73f904ec562bcfc43ff.jpg,Pothole_Segmentation_YOLOv8/train/labels/pic-128-_jpg.rf.0ac3472d1668a73f904ec562bcfc43ff.txt,pic-128,train,640,640,False,True
pothole,Pothole_Segmentation_YOLOv8/train/images/pic-128-_jpg.rf.145c4607840c2bcac86b2f76c28a7750.jpg,Pothole_Segmentation_YOLOv8/train/labels/pic-128-_jpg.rf.145c4607840c2bcac86b2f76c28a7750.txt,pic-128,train,640,640,False,True
pothole,Pothole_Segmentation_YOLOv8/train/images/pic-128-_jpg.rf.e9d874018c8eb5296749630aca5603e6.jpg,Pothole_Segmentation_YOLOv8/train/labels/pic-128-_jpg.rf.e9d874018c8eb5296749630aca5603e6.txt,pic-128,train,640,640,False,True
pothole,Pothole_Segmentation_YOLOv8/train/images/pic-13-_jpg.rf.6ada3c0e80b409618278df949cd6b7e5.jpg,Pothole_Segmentation_YOLOv8/train/labels/pic-13-_jpg.rf.6ada3c0e80b409618278df949cd6b7e5.txt,pic-13,train,640,640,False,True
pothole,Pothole_Segmentation_YOLOv8/train/images/pic-13-_jpg.rf.b5e4ccd6fb004ba11f36c902116a6dfa.jpg,Pothole_Segmentation_YOLOv8/train/labels/pic-13-_jpg.rf.b5e4ccd6fb004ba11f36c902116a6dfa.txt,pic-13,train,640,640,False,True
pothole,Pothole_Segmentation_YOLOv8/train/images/pic-13-_jpg.rf.f7751cf8a51dd62c4e458caa96bc1906.jpg,Pothole_Segmentation_YOLOv8/train/labels/pic-13-_jpg.rf.f7751cf8a51dd62c4e458caa96bc1906.txt,pic-13,train,640,640,False,True
pothole,Pothole_Segmentation_YOLOv8/train/images/pic-130-_jpg.rf.0f6726c68af9fe60c2249e2349f8c049.jpg,Pothole_Segmentation_YOLOv8/train/labels/pic-130-_jpg.rf.0f6726c68af9fe60c2249e2349f8c049.txt,pic-130,val,640,640,False,True
pothole,Pothole_Segmentation_YOLOv8/train/images/pic-130-_jpg.rf.2326fd752be4eb885ad113b533f9ac5c.jpg,Pothole_Segmentation_YOLOv8/train/labels/pic-130-_jpg.rf.2326fd752be4eb885ad113b533f9ac5c.txt,pic-130,val,640,640,False,True
pothole,Pothole_Segmentation_YOLOv8/train/images/pic-130-_jpg.rf.573aa03e77804ed419f1fd0a190ba13a.jpg,Pothole_Segmentation_YOLOv8/train/labels/pic-130-_jpg.rf.573aa03e77804ed419f1fd0a190ba13a.txt,pic-130,val,640,640,False,True
pothole,Pothole_Segmentation_YOLOv8/train/images/pic-131-_jpg.rf.30c2f70058a6fad525c31f57d3952d4d.jpg,Pothole_Segmentation_YOLOv8/train/labels/pic-131-_jpg.rf.30c2f70058a6fad525c31f57d3952d4d.txt,pic-131,train,640,640,False,True
pothole,Pothole_Segmentation_YOLOv8/train/images/pic-131-_jpg.rf.7a54a7e1ad2243629779c48a41b94ca1.jpg,Pothole_Segmentation_YOLOv8/train/labels/pic-131-_jpg.rf.7a54a7e1ad2243629779c48a41b94ca1.txt,pic-131,train,640,640,False,True
pothole,Pothole_Segmentation_YOLOv8/train/images/pic-131-_jpg.rf.9506d58945bc1f6e0cd0b6810ca40ad5.jpg,Pothole_Segmentation_YOLOv8/train/labels/pic-131-_jpg.rf.9506d58945bc1f6e0cd0b6810ca40ad5.txt,pic-131,train,640,640,False,True
pothole,Pothole_Segmentation_YOLOv8/train/images/pic-132-_jpg.rf.17911c1b0d9ce482c109ce1e784940b4.jpg,Pothole_Segmentation_YOLOv8/train/labels/pic-132-_jpg.rf.17911c1b0d9ce482c109ce1e784940b4.txt,pic-132,train,640,640,False,True
pothole,Pothole_Segmentation_YOLOv8/train/images/pic-132-_jpg.rf.797a01efcb3ccc31edc05fbd79854344.jpg,Pothole_Segmentation_YOLOv8/train/labels/pic-132-_jpg.rf.797a01efcb3ccc31edc05fbd79854344.txt,pic-132,train,640,640,False,True
pothole,Pothole_Segmentation_YOLOv8/train/images/pic-132-_jpg.rf.955ee641285edaa97d368881f70563fd.jpg,Pothole_Segmentation_YOLOv8/train/labels/pic-132-_jpg.rf.955ee641285edaa97d368881f70563fd.txt,pic-132,train,640,640,False,True
pothole,Pothole_Segmentation_YOLOv8/train/images/pic-133-_jpg.rf.24a41f4b91e68f7e35f7d2feff83054d.jpg,Pothole_Segmentation_YOLOv8/train/labels/pic-133-_jpg.rf.24a41f4b91e68f7e35f7d2feff83054d.txt,pic-133,train,640,640,False,True
pothole,Pothole_Segmentation_YOLOv8/train/images/pic-133-_jpg.rf.7aa442a433a0074d31ec5ba2de39c2a4.jpg,Pothole_Segmentation_YOLOv8/train/labels/pic-133-_jpg.rf.7aa442a433a0074d31ec5ba2de39c2a4.txt,pic-133,train,640,640,False,True
pothole,Pothole_Segmentation_YOLOv8/train/images/pic-133-_jpg.rf.8dc9e79be10c01f6f279b4c27266ab65.jpg,Pothole_Segmentation_YOLOv8/train/labels/pic-133-_jpg.rf.8dc9e79be10c01f6f279b4c27266ab65.txt,pic-133,train,640,640,False,True
pothole,Pothole_Segmentation_YOLOv8/train/images/pic-134-_jpg.rf.517c7c3c07571b10697a58b567940b58.jpg,Pothole_Segmentation_YOLOv8/train/labels/pic-134-_jpg.rf.517c7c3c07571b10697a58b567940b58.txt,pic-134,train,640,640,False,True
pothole,Pothole_Segmentation_YOLOv8/train/images/pic-134-_jpg.rf.a84bccc6824f607509bb701d8ccd3c87.jpg,Pothole_Segmentation_YOLOv8/train/labels/pic-134-_jpg.rf.a84bccc6824f607509bb701d8ccd3c87.txt,pic-134,train,640,640,False,True
pothole,Pothole_Segmentation_YOLOv8/train/images/pic-134-_jpg.rf.e15dd6f2f2bc285d64fef68fb2d92164.jpg,Pothole_Segmentation_YOLOv8/train/labels/pic-134-_jpg.rf.e15dd6f2f2bc285d64fef68fb2d92164.txt,pic-134,train,640,640,False,True
pothole,Pothole_Segmentation_YOLOv8/train/images/pic-135-_jpg.rf.1ee928d9f772b66ef1a56bc9ddc702b2.jpg,Pothole_Segmentation_YOLOv8/train/labels/pic-135-_jpg.rf.1ee928d9f772b66ef1a56bc9ddc702b2.txt,pic-135,train,640,640,False,True
pothole,Pothole_Segmentation_YOLOv8/train/images/pic-135-_jpg.rf.9cee00f51ec30b4e0f591b2da2007a10.jpg,Pothole_Segmentation_YOLOv8/train/labels/pic-135-_jpg.rf.9cee00f51ec30b4e0f591b2da2007a10.txt,pic-135,train,640,640,False,True
pothole,Pothole_Segmentation_YOLOv8/train/images/pic-135-_jpg.rf.d3d07ce395c3562793390b1003e99d1f.jpg,Pothole_Segmentation_YOLOv8/train/labels/pic-135-_jpg.rf.d3d07ce395c3562793390b1003e99d1f.txt,pic-135,train,640,640,False,True
pothole,Pothole_Segmentation_YOLOv8/train/images/pic-136-_jpg.rf.28112df3106c2b4485053cd6371a47ef.jpg,Pothole_Segmentation_YOLOv8/train/labels/pic-136-_jpg.rf.28112df3106c2b4485053cd6371a47ef.txt,pic-136,train,640,640,False,True
pothole,Pothole_Segmentation_YOLOv8/train/images/pic-136-_jpg.rf.af169e1464071ae718f22b5baebe13a6.jpg,Pothole_Segmentation_YOLOv8/train/labels/pic-136-_jpg.rf.af169e1464071ae718f22b5baebe13a6.txt,pic-136,train,640,640,False,True
pothole,Pothole_Segmentation_YOLOv8/train/images/pic-136-_jpg.rf.d694cf94912347ceff66727b95ecb05a.jpg,Pothole_Segmentation_YOLOv8/train/labels/pic-136-_jpg.rf.d694cf94912347ceff66727b95ecb05a.txt,pic-136,train,640,640,False,True
pothole,Pothole_Segmentation_YOLOv8/train/images/pic-137-_jpg.rf.374184952caf59cfa399166b0111b640.jpg,Pothole_Segmentation_YOLOv8/train/labels/pic-137-_jpg.rf.374184952caf59cfa399166b0111b640.txt,pic-137,train,640,640,False,True
pothole,Pothole_Segmentation_YOLOv8/train/images/pic-137-_jpg.rf.5b5d603ae481652805ea93e3698ea609.jpg,Pothole_Segmentation_YOLOv8/train/labels/pic-137-_jpg.rf.5b5d603ae481652805ea93e3698ea609.txt,pic-137,train,640,640,False,True
pothole,Pothole_Segmentation_YOLOv8/train/images/pic-137-_jpg.rf.eec8497f7279810ff44902d6eca0121b.jpg,Pothole_Segmentation_YOLOv8/train/labels/pic-137-_jpg.rf.eec8497f7279810ff44902d6eca0121b.txt,pic-137,train,640,640,False,True
pothole,Pothole_Segmentation_YOLOv8/train/images/pic-138-_jpg.rf.07fa25bc5fbd7c2711b9ce8ac28ad6a2.jpg,Pothole_Segmentation_YOLOv8/train/labels/pic-138-_jpg.rf.07fa25bc5fbd7c2711b9ce8ac28ad6a2.txt,pic-138,train,640,640,False,True
pothole,Pothole_Segmentation_YOLOv8/train/images/pic-138-_jpg.rf.766c3d35632f4641ce9d5207a3cadd70.jpg,Pothole_Segmentation_YOLOv8/train/labels/pic-138-_jpg.rf.766c3d35632f4641ce9d5207a3cadd70.txt,pic-138,train,640,640,False,True
pothole,Pothole_Segmentation_YOLOv8/train/images/pic-138-_jpg.rf.8b1343ad71a58c8daf99e2311627f0c8.jpg,Pothole_Segmentation_YOLOv8/train/labels/pic-138-_jpg.rf.8b1343ad71a58c8daf99e2311627f0c8.txt,pic-138,train,640,640,False,True
pothole,Pothole_Segmentation_YOLOv8/train/images/pic-139-_jpg.rf.68c4e347a47e89fb46aedd298c2c3e5c.jpg,Pothole_Segmentation_YOLOv8/train/labels/pic-139-_jpg.rf.68c4e347a47e89fb46aedd298c2c3e5c.txt,pic-139,train,640,640,False,True
pothole,Pothole_Segmentation_YOLOv8/train/images/pic-139-_jpg.rf.738912a20f4c9753a555bf9e7a468851.jpg,Pothole_Segmentation_YOLOv8/train/labels/pic-139-_jpg.rf.738912a20f4c9753a555bf9e7a468851.txt,pic-139,train,640,640,False,True
pothole,Pothole_Segmentation_YOLOv8/train/images/pic-139-_jpg.rf.87bfef6ce65eb5df5b6053523e6b4954.jpg,Pothole_Segmentation_YOLOv8/train/labels/pic-139-_jpg.rf.87bfef6ce65eb5df5b6053523e6b4954.txt,pic-139,train,640,640,False,True
pothole,Pothole_Segmentation_YOLOv8/train/images/pic-14-_jpg.rf.0cf42e6b552e8f867e76237f36e7eadc.jpg,Pothole_Segmentation_YOLOv8/train/labels/pic-14-_jpg.rf.0cf42e6b552e8f867e76237f36e7eadc.txt,pic-14,train,640,640,False,True
pothole,Pothole_Segmentation_YOLOv8/train/images/pic-14-_jpg.rf.3e2f11367531d04d10e9132cf6fe9b8f.jpg,Pothole_Segmentation_YOLOv8/train/labels/pic-14-_jpg.rf.3e2f11367531d04d10e9132cf6fe9b8f.txt,pic-14,train,640,640,False,True
pothole,Pothole_Segmentation_YOLOv8/train/images/pic-14-_jpg.rf.5795a6265ed32db2ca7965aa7e0174b1.jpg,Pothole_Segmentation_YOLOv8/train/labels/pic-14-_jpg.rf.5795a6265ed32db2ca7965aa7e0174b1.txt,pic-14,train,640,640,False,True
pothole,Pothole_Segmentation_YOLOv8/train/images/pic-141-_jpg.rf.94b5851bcded6830d88bef9ed5001cc4.jpg,Pothole_Segmentation_YOLOv8/train/labels/pic-141-_jpg.rf.94b5851bcded6830d88bef9ed5001cc4.txt,pic-141,train,640,640,False,True
pothole,Pothole_Segmentation_YOLOv8/train/images/pic-141-_jpg.rf.dc5bb23e947044e6c4a4572abc3e8213.jpg,Pothole_Segmentation_YOLOv8/train/labels/pic-141-_jpg.rf.dc5bb23e947044e6c4a4572abc3e8213.txt,pic-141,train,640,640,False,True
pothole,Pothole_Segmentation_YOLOv8/train/images/pic-141-_jpg.rf.fc3d1df38a5c4e68febeb45b2a132f4a.jpg,Pothole_Segmentation_YOLOv8/train/labels/pic-141-_jpg.rf.fc3d1df38a5c4e68febeb45b2a132f4a.txt,pic-141,train,640,640,False,True
pothole,Pothole_Segmentation_YOLOv8/train/images/pic-142-_jpg.rf.0879365f4e7e435dba77c82134cc5623.jpg,Pothole_Segmentation_YOLOv8/train/labels/pic-142-_jpg.rf.0879365f4e7e435dba77c82134cc5623.txt,pic-142,train,640,640,False,True
pothole,Pothole_Segmentation_YOLOv8/train/images/pic-142-_jpg.rf.8658b3f74ded0b4631ae8fb8215d1f97.jpg,Pothole_Segmentation_YOLOv8/train/labels/pic-142-_jpg.rf.8658b3f74ded0b4631ae8fb8215d1f97.txt,pic-142,train,640,640,False,True
pothole,Pothole_Segmentation_YOLOv8/train/images/pic-142-_jpg.rf.d06e1261d14a5a908632f7f9984b1533.jpg,Pothole_Segmentation_YOLOv8/train/labels/pic-142-_jpg.rf.d06e1261d14a5a908632f7f9984b1533.txt,pic-142,train,640,640,False,True
pothole,Pothole_Segmentation_YOLOv8/train/images/pic-143-_jpg.rf.216b82e37fe7bf7ace28e129f406915c.jpg,Pothole_Segmentation_YOLOv8/train/labels/pic-143-_jpg.rf.216b82e37fe7bf7ace28e129f406915c.txt,pic-143,train,640,640,False,True
pothole,Pothole_Segmentation_YOLOv8/train/images/pic-143-_jpg.rf.eab223bbca50b3ff5899899213a6292d.jpg,Pothole_Segmentation_YOLOv8/train/labels/pic-143-_jpg.rf.eab223bbca50b3ff5899899213a6292d.txt,pic-143,train,640,640,False,True
pothole,Pothole_Segmentation_YOLOv8/train/images/pic-143-_jpg.rf.f94e3b194754043332e4361c80e7d3db.jpg,Pothole_Segmentation_YOLOv8/train/labels/pic-143-_jpg.rf.f94e3b194754043332e4361c80e7d3db.txt,pic-143,train,640,640,False,True
pothole,Pothole_Segmentation_YOLOv8/train/images/pic-145-_jpg.rf.01b4f283d7eaa74981edcc0259ef43cb.jpg,Pothole_Segmentation_YOLOv8/train/labels/pic-145-_jpg.rf.01b4f283d7eaa74981edcc0259ef43cb.txt,pic-145,train,640,640,False,True
pothole,Pothole_Segmentation_YOLOv8/train/images/pic-145-_jpg.rf.8c8e224f08327d871ec0791f80a0d43a.jpg,Pothole_Segmentation_YOLOv8/train/labels/pic-145-_jpg.rf.8c8e224f08327d871ec0791f80a0d43a.txt,pic-145,train,640,640,False,True
pothole,Pothole_Segmentation_YOLOv8/train/images/pic-145-_jpg.rf.ea068320394add8a6ff90b4396b79923.jpg,Pothole_Segmentation_YOLOv8/train/labels/pic-145-_jpg.rf.ea068320394add8a6ff90b4396b79923.txt,pic-145,train,640,640,False,True
pothole,Pothole_Segmentation_YOLOv8/train/images/pic-146-_jpg.rf.05122d9316fa0be439f878d8aa337d3d.jpg,Pothole_Segmentation_YOLOv8/train/labels/pic-146-_jpg.rf.05122d9316fa0be439f878d8aa337d3d.txt,pic-146,val,640,640,False,True
pothole,Pothole_Segmentation_YOLOv8/train/images/pic-146-_jpg.rf.18a3fc9b3f915028b7246fba6b56fd11.jpg,Pothole_Segmentation_YOLOv8/train/labels/pic-146-_jpg.rf.18a3fc9b3f915028b7246fba6b56fd11.txt,pic-146,val,640,640,False,True
pothole,Pothole_Segmentation_YOLOv8/train/images/pic-146-_jpg.rf.6d367895786517cfe865fb065be076a5.jpg,Pothole_Segmentation_YOLOv8/train/labels/pic-146-_jpg.rf.6d367895786517cfe865fb065be076a5.txt,pic-146,val,640,640,False,True
pothole,Pothole_Segmentation_YOLOv8/train/images/pic-147-_jpg.rf.0f296124b79e86f38cda27b6fe05d742.jpg,Pothole_Segmentation_YOLOv8/train/labels/pic-147-_jpg.rf.0f296124b79e86f38cda27b6fe05d742.txt,pic-147,val,640,640,False,True
pothole,Pothole_Segmentation_YOLOv8/train/images/pic-147-_jpg.rf.890438ae2f4d1bb94198abdd6c181ec8.jpg,Pothole_Segmentation_YOLOv8/train/labels/pic-147-_jpg.rf.890438ae2f4d1bb94198abdd6c181ec8.txt,pic-147,val,640,640,False,True
pothole,Pothole_Segmentation_YOLOv8/train/images/pic-147-_jpg.rf.a31a26433609129cbb67d23fcb851296.jpg,Pothole_Segmentation_YOLOv8/train/labels/pic-147-_jpg.rf.a31a26433609129cbb67d23fcb851296.txt,pic-147,val,640,640,False,True
pothole,Pothole_Segmentation_YOLOv8/train/images/pic-148-_jpg.rf.5a781d389cff26a6e2ee08ce9b0498e7.jpg,Pothole_Segmentation_YOLOv8/train/labels/pic-148-_jpg.rf.5a781d389cff26a6e2ee08ce9b0498e7.txt,pic-148,train,640,640,False,True
pothole,Pothole_Segmentation_YOLOv8/train/images/pic-148-_jpg.rf.8e92fc1a329453e782f06e741d1fc52f.jpg,Pothole_Segmentation_YOLOv8/train/labels/pic-148-_jpg.rf.8e92fc1a329453e782f06e741d1fc52f.txt,pic-148,train,640,640,False,True
pothole,Pothole_Segmentation_YOLOv8/train/images/pic-148-_jpg.rf.e2bb2aecbf0577a45e672425acfed876.jpg,Pothole_Segmentation_YOLOv8/train/labels/pic-148-_jpg.rf.e2bb2aecbf0577a45e672425acfed876.txt,pic-148,train,640,640,False,True
pothole,Pothole_Segmentation_YOLOv8/train/images/pic-149-_jpg.rf.a45f79f8033191bd09e9ef31736ca58e.jpg,Pothole_Segmentation_YOLOv8/train/labels/pic-149-_jpg.rf.a45f79f8033191bd09e9ef31736ca58e.txt,pic-149,train,640,640,False,True
pothole,Pothole_Segmentation_YOLOv8/train/images/pic-149-_jpg.rf.c349f70d3d136c391a0458b64dd56ebe.jpg,Pothole_Segmentation_YOLOv8/train/labels/pic-149-_jpg.rf.c349f70d3d136c391a0458b64dd56ebe.txt,pic-149,train,640,640,False,True
pothole,Pothole_Segmentation_YOLOv8/train/images/pic-149-_jpg.rf.e58bb252f96f5f83d1d3290b4e6b8041.jpg,Pothole_Segmentation_YOLOv8/train/labels/pic-149-_jpg.rf.e58bb252f96f5f83d1d3290b4e6b8041.txt,pic-149,train,640,640,False,True
pothole,Pothole_Segmentation_YOLOv8/train/images/pic-15-_jpg.rf.390f967469ceb20da60cbb99af7e2c16.jpg,Pothole_Segmentation_YOLOv8/train/labels/pic-15-_jpg.rf.390f967469ceb20da60cbb99af7e2c16.txt,pic-15,train,640,640,False,True
pothole,Pothole_Segmentation_YOLOv8/train/images/pic-15-_jpg.rf.5331a19ad3f6b2b37894ae4f0072cea0.jpg,Pothole_Segmentation_YOLOv8/train/labels/pic-15-_jpg.rf.5331a19ad3f6b2b37894ae4f0072cea0.txt,pic-15,train,640,640,False,True
pothole,Pothole_Segmentation_YOLOv8/train/images/pic-15-_jpg.rf.988cf6bc7c8911ed0169be801328edb7.jpg,Pothole_Segmentation_YOLOv8/train/labels/pic-15-_jpg.rf.988cf6bc7c8911ed0169be801328edb7.txt,pic-15,train,640,640,False,True
pothole,Pothole_Segmentation_YOLOv8/train/images/pic-150-_jpg.rf.0f181e46348e6b83b3a218d5ea72eef2.jpg,Pothole_Segmentation_YOLOv8/train/labels/pic-150-_jpg.rf.0f181e46348e6b83b3a218d5ea72eef2.txt,pic-150,train,640,640,False,True
pothole,Pothole_Segmentation_YOLOv8/train/images/pic-150-_jpg.rf.80838b8e9f59a59d85e9727727b31fd7.jpg,Pothole_Segmentation_YOLOv8/train/labels/pic-150-_jpg.rf.80838b8e9f59a59d85e9727727b31fd7.txt,pic-150,train,640,640,False,True
pothole,Pothole_Segmentation_YOLOv8/train/images/pic-150-_jpg.rf.e47d187e86dd6eb504660921449a7883.jpg,Pothole_Segmentation_YOLOv8/train/labels/pic-150-_jpg.rf.e47d187e86dd6eb504660921449a7883.txt,pic-150,train,640,640,False,True
pothole,Pothole_Segmentation_YOLOv8/train/images/pic-153-_jpg.rf.61b165d52cdeea1e1a674f2e8e3912d5.jpg,Pothole_Segmentation_YOLOv8/train/labels/pic-153-_jpg.rf.61b165d52cdeea1e1a674f2e8e3912d5.txt,pic-153,train,640,640,False,True
pothole,Pothole_Segmentation_YOLOv8/train/images/pic-153-_jpg.rf.c2e6d6e3806754b1713a36a954367a60.jpg,Pothole_Segmentation_YOLOv8/train/labels/pic-153-_jpg.rf.c2e6d6e3806754b1713a36a954367a60.txt,pic-153,train,640,640,False,True
pothole,Pothole_Segmentation_YOLOv8/train/images/pic-153-_jpg.rf.f7752000f79cfa2acc35f9a7149ee56d.jpg,Pothole_Segmentation_YOLOv8/train/labels/pic-153-_jpg.rf.f7752000f79cfa2acc35f9a7149ee56d.txt,pic-153,train,640,640,False,True
pothole,Pothole_Segmentation_YOLOv8/train/images/pic-155-_jpg.rf.424bbc028685f5de7e9cc866eb988b1e.jpg,Pothole_Segmentation_YOLOv8/train/labels/pic-155-_jpg.rf.424bbc028685f5de7e9cc866eb988b1e.txt,pic-155,train,640,640,False,True
pothole,Pothole_Segmentation_YOLOv8/train/images/pic-155-_jpg.rf.a0f2c54c02aec34c0ca6138b4635c155.jpg,Pothole_Segmentation_YOLOv8/train/labels/pic-155-_jpg.rf.a0f2c54c02aec34c0ca6138b4635c155.txt,pic-155,train,640,640,False,True
pothole,Pothole_Segmentation_YOLOv8/train/images/pic-155-_jpg.rf.ba6a2e4e1abc6f5aa893e46932e4df4f.jpg,Pothole_Segmentation_YOLOv8/train/labels/pic-155-_jpg.rf.ba6a2e4e1abc6f5aa893e46932e4df4f.txt,pic-155,train,640,640,False,True
pothole,Pothole_Segmentation_YOLOv8/train/images/pic-156-_jpg.rf.3b94cd14bdbf92f4cd57497def72b167.jpg,Pothole_Segmentation_YOLOv8/train/labels/pic-156-_jpg.rf.3b94cd14bdbf92f4cd57497def72b167.txt,pic-156,train,640,640,False,True
pothole,Pothole_Segmentation_YOLOv8/train/images/pic-156-_jpg.rf.9e41f44435259c8fa4baadcdbc5f0f7f.jpg,Pothole_Segmentation_YOLOv8/train/labels/pic-156-_jpg.rf.9e41f44435259c8fa4baadcdbc5f0f7f.txt,pic-156,train,640,640,False,True
pothole,Pothole_Segmentation_YOLOv8/train/images/pic-156-_jpg.rf.a3c099766b4b6cb736f460bf8f3b8377.jpg,Pothole_Segmentation_YOLOv8/train/labels/pic-156-_jpg.rf.a3c099766b4b6cb736f460bf8f3b8377.txt,pic-156,train,640,640,False,True
pothole,Pothole_Segmentation_YOLOv8/train/images/pic-158-_jpg.rf.21962dcea10b8f2209ae3fdb9797b6c6.jpg,Pothole_Segmentation_YOLOv8/train/labels/pic-158-_jpg.rf.21962dcea10b8f2209ae3fdb9797b6c6.txt,pic-158,train,640,640,False,True
pothole,Pothole_Segmentation_YOLOv8/train/images/pic-158-_jpg.rf.7c67c2036a30fd93eed5361cc2f4f1c8.jpg,Pothole_Segmentation_YOLOv8/train/labels/pic-158-_jpg.rf.7c67c2036a30fd93eed5361cc2f4f1c8.txt,pic-158,train,640,640,False,True
pothole,Pothole_Segmentation_YOLOv8/train/images/pic-158-_jpg.rf.bb32e2985b2c29e77029a0452ab20bac.jpg,Pothole_Segmentation_YOLOv8/train/labels/pic-158-_jpg.rf.bb32e2985b2c29e77029a0452ab20bac.txt,pic-158,train,640,640,False,True
pothole,Pothole_Segmentation_YOLOv8/train/images/pic-159-_jpg.rf.12b33adab537f585de7b3d85b848618e.jpg,Pothole_Segmentation_YOLOv8/train/labels/pic-159-_jpg.rf.12b33adab537f585de7b3d85b848618e.txt,pic-159,train,640,640,False,True
pothole,Pothole_Segmentation_YOLOv8/train/images/pic-159-_jpg.rf.1ed8251ec141db216fc5041d7838f5e1.jpg,Pothole_Segmentation_YOLOv8/train/labels/pic-159-_jpg.rf.1ed8251ec141db216fc5041d7838f5e1.txt,pic-159,train,640,640,False,True
pothole,Pothole_Segmentation_YOLOv8/train/images/pic-159-_jpg.rf.2dcc275359fb301602e6957a56e13dc7.jpg,Pothole_Segmentation_YOLOv8/train/labels/pic-159-_jpg.rf.2dcc275359fb301602e6957a56e13dc7.txt,pic-159,train,640,640,False,True
pothole,Pothole_Segmentation_YOLOv8/train/images/pic-16-_jpg.rf.0d031ce3c207297977b4c60a77d278da.jpg,Pothole_Segmentation_YOLOv8/train/labels/pic-16-_jpg.rf.0d031ce3c207297977b4c60a77d278da.txt,pic-16,train,640,640,False,True
pothole,Pothole_Segmentation_YOLOv8/train/images/pic-16-_jpg.rf.47407d69db6694be4d9fa4b3c032d235.jpg,Pothole_Segmentation_YOLOv8/train/labels/pic-16-_jpg.rf.47407d69db6694be4d9fa4b3c032d235.txt,pic-16,train,640,640,False,True
pothole,Pothole_Segmentation_YOLOv8/train/images/pic-16-_jpg.rf.946ec84ddfa3a53b7b2d407349f08e62.jpg,Pothole_Segmentation_YOLOv8/train/labels/pic-16-_jpg.rf.946ec84ddfa3a53b7b2d407349f08e62.txt,pic-16,train,640,640,False,True
pothole,Pothole_Segmentation_YOLOv8/train/images/pic-160-_jpg.rf.046afe1498d1564227421d54b7abdcaa.jpg,Pothole_Segmentation_YOLOv8/train/labels/pic-160-_jpg.rf.046afe1498d1564227421d54b7abdcaa.txt,pic-160,train,640,640,False,True
pothole,Pothole_Segmentation_YOLOv8/train/images/pic-160-_jpg.rf.8ac19617548efc70a9281d8dc3794dfd.jpg,Pothole_Segmentation_YOLOv8/train/labels/pic-160-_jpg.rf.8ac19617548efc70a9281d8dc3794dfd.txt,pic-160,train,640,640,False,True
pothole,Pothole_Segmentation_YOLOv8/train/images/pic-160-_jpg.rf.acf7ae50b1e59b9e6e4bbf150e8055a9.jpg,Pothole_Segmentation_YOLOv8/train/labels/pic-160-_jpg.rf.acf7ae50b1e59b9e6e4bbf150e8055a9.txt,pic-160,train,640,640,False,True
pothole,Pothole_Segmentation_YOLOv8/train/images/pic-162-_jpg.rf.69c191909f6cc1a946105b08efab6224.jpg,Pothole_Segmentation_YOLOv8/train/labels/pic-162-_jpg.rf.69c191909f6cc1a946105b08efab6224.txt,pic-162,train,640,640,False,True
pothole,Pothole_Segmentation_YOLOv8/train/images/pic-162-_jpg.rf.7352a1a695f0ce198ca67b3f1c186fd6.jpg,Pothole_Segmentation_YOLOv8/train/labels/pic-162-_jpg.rf.7352a1a695f0ce198ca67b3f1c186fd6.txt,pic-162,train,640,640,False,True
pothole,Pothole_Segmentation_YOLOv8/train/images/pic-162-_jpg.rf.f847c9d3c6c04f210e5e2f3e8eb444d4.jpg,Pothole_Segmentation_YOLOv8/train/labels/pic-162-_jpg.rf.f847c9d3c6c04f210e5e2f3e8eb444d4.txt,pic-162,train,640,640,False,True
pothole,Pothole_Segmentation_YOLOv8/train/images/pic-163-_jpg.rf.2677c0fd3f9bec65c04ee82b7d8a000a.jpg,Pothole_Segmentation_YOLOv8/train/labels/pic-163-_jpg.rf.2677c0fd3f9bec65c04ee82b7d8a000a.txt,pic-163,train,640,640,False,True
pothole,Pothole_Segmentation_YOLOv8/train/images/pic-163-_jpg.rf.75e0f6d481468e27710dc5bec3a78ea2.jpg,Pothole_Segmentation_YOLOv8/train/labels/pic-163-_jpg.rf.75e0f6d481468e27710dc5bec3a78ea2.txt,pic-163,train,640,640,False,True
pothole,Pothole_Segmentation_YOLOv8/train/images/pic-163-_jpg.rf.d56b832482912f0e78e017e95747fdea.jpg,Pothole_Segmentation_YOLOv8/train/labels/pic-163-_jpg.rf.d56b832482912f0e78e017e95747fdea.txt,pic-163,train,640,640,False,True
pothole,Pothole_Segmentation_YOLOv8/train/images/pic-164-_jpg.rf.31facecf28467c64106a888177c293c4.jpg,Pothole_Segmentation_YOLOv8/train/labels/pic-164-_jpg.rf.31facecf28467c64106a888177c293c4.txt,pic-164,train,640,640,False,True
pothole,Pothole_Segmentation_YOLOv8/train/images/pic-164-_jpg.rf.34bf0aa5f308144c68fb1b5f9a1b9423.jpg,Pothole_Segmentation_YOLOv8/train/labels/pic-164-_jpg.rf.34bf0aa5f308144c68fb1b5f9a1b9423.txt,pic-164,train,640,640,False,True
pothole,Pothole_Segmentation_YOLOv8/train/images/pic-164-_jpg.rf.9248a616cb0e3d24aa2bb44288e019ce.jpg,Pothole_Segmentation_YOLOv8/train/labels/pic-164-_jpg.rf.9248a616cb0e3d24aa2bb44288e019ce.txt,pic-164,train,640,640,False,True
pothole,Pothole_Segmentation_YOLOv8/train/images/pic-166-_jpg.rf.2f4d36fff66d603c99b22043abc562ba.jpg,Pothole_Segmentation_YOLOv8/train/labels/pic-166-_jpg.rf.2f4d36fff66d603c99b22043abc562ba.txt,pic-166,train,640,640,False,True
pothole,Pothole_Segmentation_YOLOv8/train/images/pic-166-_jpg.rf.33cf824f2784fd32a3bb22c67f3fdabc.jpg,Pothole_Segmentation_YOLOv8/train/labels/pic-166-_jpg.rf.33cf824f2784fd32a3bb22c67f3fdabc.txt,pic-166,train,640,640,False,True
pothole,Pothole_Segmentation_YOLOv8/train/images/pic-166-_jpg.rf.77f1227905045ad65f8fda0d6427dbe5.jpg,Pothole_Segmentation_YOLOv8/train/labels/pic-166-_jpg.rf.77f1227905045ad65f8fda0d6427dbe5.txt,pic-166,train,640,640,False,True
pothole,Pothole_Segmentation_YOLOv8/train/images/pic-167-_jpg.rf.307e87780d9f502b50e422c4a80d38c9.jpg,Pothole_Segmentation_YOLOv8/train/labels/pic-167-_jpg.rf.307e87780d9f502b50e422c4a80d38c9.txt,pic-167,val,640,640,False,True
pothole,Pothole_Segmentation_YOLOv8/train/images/pic-167-_jpg.rf.5d211f0e20e55adab672af34f9df1940.jpg,Pothole_Segmentation_YOLOv8/train/labels/pic-167-_jpg.rf.5d211f0e20e55adab672af34f9df1940.txt,pic-167,val,640,640,False,True
pothole,Pothole_Segmentation_YOLOv8/train/images/pic-167-_jpg.rf.f15ca9251a252759a4206b00e88066ea.jpg,Pothole_Segmentation_YOLOv8/train/labels/pic-167-_jpg.rf.f15ca9251a252759a4206b00e88066ea.txt,pic-167,val,640,640,False,True
pothole,Pothole_Segmentation_YOLOv8/train/images/pic-168-_jpg.rf.470ca7ba7c3aed3a3ff0ca36725fadb6.jpg,Pothole_Segmentation_YOLOv8/train/labels/pic-168-_jpg.rf.470ca7ba7c3aed3a3ff0ca36725fadb6.txt,pic-168,train,640,640,False,True
pothole,Pothole_Segmentation_YOLOv8/train/images/pic-168-_jpg.rf.ad622f815165a84798a7922e02a02876.jpg,Pothole_Segmentation_YOLOv8/train/labels/pic-168-_jpg.rf.ad622f815165a84798a7922e02a02876.txt,pic-168,train,640,640,False,True
pothole,Pothole_Segmentation_YOLOv8/train/images/pic-168-_jpg.rf.d6e69d2d4e07bc489d1f95b357e47d26.jpg,Pothole_Segmentation_YOLOv8/train/labels/pic-168-_jpg.rf.d6e69d2d4e07bc489d1f95b357e47d26.txt,pic-168,train,640,640,False,True
pothole,Pothole_Segmentation_YOLOv8/train/images/pic-169-_jpg.rf.ab0a07cd761c2739c0051926b50b0593.jpg,Pothole_Segmentation_YOLOv8/train/labels/pic-169-_jpg.rf.ab0a07cd761c2739c0051926b50b0593.txt,pic-169,train,640,640,False,True
pothole,Pothole_Segmentation_YOLOv8/train/images/pic-169-_jpg.rf.ce08674b1ae95506239ffe1d5e92d8a1.jpg,Pothole_Segmentation_YOLOv8/train/labels/pic-169-_jpg.rf.ce08674b1ae95506239ffe1d5e92d8a1.txt,pic-169,train,640,640,False,True
pothole,Pothole_Segmentation_YOLOv8/train/images/pic-169-_jpg.rf.f326f486b62b79f5bc791704fabd90e8.jpg,Pothole_Segmentation_YOLOv8/train/labels/pic-169-_jpg.rf.f326f486b62b79f5bc791704fabd90e8.txt,pic-169,train,640,640,False,True
pothole,Pothole_Segmentation_YOLOv8/train/images/pic-170-_jpg.rf.3571a1273709f941c4936d6ee8b32214.jpg,Pothole_Segmentation_YOLOv8/train/labels/pic-170-_jpg.rf.3571a1273709f941c4936d6ee8b32214.txt,pic-170,train,640,640,False,True
pothole,Pothole_Segmentation_YOLOv8/train/images/pic-170-_jpg.rf.a8d1a4654900167fc8106a1f6144ceff.jpg,Pothole_Segmentation_YOLOv8/train/labels/pic-170-_jpg.rf.a8d1a4654900167fc8106a1f6144ceff.txt,pic-170,train,640,640,False,True
pothole,Pothole_Segmentation_YOLOv8/train/images/pic-170-_jpg.rf.f6e9c0883eac1443308f4f424ae60db4.jpg,Pothole_Segmentation_YOLOv8/train/labels/pic-170-_jpg.rf.f6e9c0883eac1443308f4f424ae60db4.txt,pic-170,train,640,640,False,True
pothole,Pothole_Segmentation_YOLOv8/train/images/pic-171-_jpg.rf.2de27493e9ea7ae685e6a868e05dff51.jpg,Pothole_Segmentation_YOLOv8/train/labels/pic-171-_jpg.rf.2de27493e9ea7ae685e6a868e05dff51.txt,pic-171,train,640,640,False,True
pothole,Pothole_Segmentation_YOLOv8/train/images/pic-171-_jpg.rf.a81f6e206e422229e3021b0dfb06752f.jpg,Pothole_Segmentation_YOLOv8/train/labels/pic-171-_jpg.rf.a81f6e206e422229e3021b0dfb06752f.txt,pic-171,train,640,640,False,True
pothole,Pothole_Segmentation_YOLOv8/train/images/pic-171-_jpg.rf.f536cb9ac4138da71c6af4d8a3492050.jpg,Pothole_Segmentation_YOLOv8/train/labels/pic-171-_jpg.rf.f536cb9ac4138da71c6af4d8a3492050.txt,pic-171,train,640,640,False,True
pothole,Pothole_Segmentation_YOLOv8/train/images/pic-172-_jpg.rf.171729c8713c604e4d2371b546dfa09f.jpg,Pothole_Segmentation_YOLOv8/train/labels/pic-172-_jpg.rf.171729c8713c604e4d2371b546dfa09f.txt,pic-172,val,640,640,False,True
pothole,Pothole_Segmentation_YOLOv8/train/images/pic-172-_jpg.rf.96d2ff93572de0ce5bd564113ece7ad0.jpg,Pothole_Segmentation_YOLOv8/train/labels/pic-172-_jpg.rf.96d2ff93572de0ce5bd564113ece7ad0.txt,pic-172,val,640,640,False,True
pothole,Pothole_Segmentation_YOLOv8/train/images/pic-172-_jpg.rf.b732ca94d029e82283eed3228fae8625.jpg,Pothole_Segmentation_YOLOv8/train/labels/pic-172-_jpg.rf.b732ca94d029e82283eed3228fae8625.txt,pic-172,val,640,640,False,True
pothole,Pothole_Segmentation_YOLOv8/train/images/pic-174-_jpg.rf.2f427bf4f80837fb0387c3ee0c38e172.jpg,Pothole_Segmentation_YOLOv8/train/labels/pic-174-_jpg.rf.2f427bf4f80837fb0387c3ee0c38e172.txt,pic-174,train,640,640,False,True
pothole,Pothole_Segmentation_YOLOv8/train/images/pic-174-_jpg.rf.5ec8f9ecd96971def7f6e5074c5e0373.jpg,Pothole_Segmentation_YOLOv8/train/labels/pic-174-_jpg.rf.5ec8f9ecd96971def7f6e5074c5e0373.txt,pic-174,train,640,640,False,True
pothole,Pothole_Segmentation_YOLOv8/train/images/pic-174-_jpg.rf.7ffbfba8e5d63b5f4577f701ca5f7105.jpg,Pothole_Segmentation_YOLOv8/train/labels/pic-174-_jpg.rf.7ffbfba8e5d63b5f4577f701ca5f7105.txt,pic-174,train,640,640,False,True
pothole,Pothole_Segmentation_YOLOv8/train/images/pic-176-_jpg.rf.24dea194a3e0e25703a25e481c89dc9c.jpg,Pothole_Segmentation_YOLOv8/train/labels/pic-176-_jpg.rf.24dea194a3e0e25703a25e481c89dc9c.txt,pic-176,train,640,640,False,True
pothole,Pothole_Segmentation_YOLOv8/train/images/pic-176-_jpg.rf.8d87b09b011bb4b479cea2d472354334.jpg,Pothole_Segmentation_YOLOv8/train/labels/pic-176-_jpg.rf.8d87b09b011bb4b479cea2d472354334.txt,pic-176,train,640,640,False,True
pothole,Pothole_Segmentation_YOLOv8/train/images/pic-176-_jpg.rf.be38366f2703b44711a2e9486cc677d3.jpg,Pothole_Segmentation_YOLOv8/train/labels/pic-176-_jpg.rf.be38366f2703b44711a2e9486cc677d3.txt,pic-176,train,640,640,False,True
pothole,Pothole_Segmentation_YOLOv8/train/images/pic-177-_jpg.rf.4b35b04139ea1742026f65aa3e2730fe.jpg,Pothole_Segmentation_YOLOv8/train/labels/pic-177-_jpg.rf.4b35b04139ea1742026f65aa3e2730fe.txt,pic-177,train,640,640,False,True
pothole,Pothole_Segmentation_YOLOv8/train/images/pic-177-_jpg.rf.86d64524dfd317ff89ce31ff39a3fa83.jpg,Pothole_Segmentation_YOLOv8/train/labels/pic-177-_jpg.rf.86d64524dfd317ff89ce31ff39a3fa83.txt,pic-177,train,640,640,False,True
pothole,Pothole_Segmentation_YOLOv8/train/images/pic-177-_jpg.rf.c2ece8aa91efbc0843296da9f0892b5b.jpg,Pothole_Segmentation_YOLOv8/train/labels/pic-177-_jpg.rf.c2ece8aa91efbc0843296da9f0892b5b.txt,pic-177,train,640,640,False,True
pothole,Pothole_Segmentation_YOLOv8/train/images/pic-179-_jpg.rf.c4a7f4f1cff2653d7d2fbc85d91bddca.jpg,Pothole_Segmentation_YOLOv8/train/labels/pic-179-_jpg.rf.c4a7f4f1cff2653d7d2fbc85d91bddca.txt,pic-179,train,640,640,False,True
pothole,Pothole_Segmentation_YOLOv8/train/images/pic-179-_jpg.rf.ca0b41b2475176a03280e24fc5d3da7b.jpg,Pothole_Segmentation_YOLOv8/train/labels/pic-179-_jpg.rf.ca0b41b2475176a03280e24fc5d3da7b.txt,pic-179,train,640,640,False,True
pothole,Pothole_Segmentation_YOLOv8/train/images/pic-179-_jpg.rf.ff0320a37ee1d098eb9aed6036758287.jpg,Pothole_Segmentation_YOLOv8/train/labels/pic-179-_jpg.rf.ff0320a37ee1d098eb9aed6036758287.txt,pic-179,train,640,640,False,True
pothole,Pothole_Segmentation_YOLOv8/train/images/pic-18-_jpg.rf.146c5b1af3190071c88676c409c4dad1.jpg,Pothole_Segmentation_YOLOv8/train/labels/pic-18-_jpg.rf.146c5b1af3190071c88676c409c4dad1.txt,pic-18,train,640,640,False,True
pothole,Pothole_Segmentation_YOLOv8/train/images/pic-18-_jpg.rf.42022b7bc105da3fc5d269c32db8dbcf.jpg,Pothole_Segmentation_YOLOv8/train/labels/pic-18-_jpg.rf.42022b7bc105da3fc5d269c32db8dbcf.txt,pic-18,train,640,640,False,True
pothole,Pothole_Segmentation_YOLOv8/train/images/pic-18-_jpg.rf.f4e625f77be483b3db88308e516192a1.jpg,Pothole_Segmentation_YOLOv8/train/labels/pic-18-_jpg.rf.f4e625f77be483b3db88308e516192a1.txt,pic-18,train,640,640,False,True
pothole,Pothole_Segmentation_YOLOv8/train/images/pic-180-_jpg.rf.16f8930512bc55a715ff702283ede87f.jpg,Pothole_Segmentation_YOLOv8/train/labels/pic-180-_jpg.rf.16f8930512bc55a715ff702283ede87f.txt,pic-180,train,640,640,False,True
pothole,Pothole_Segmentation_YOLOv8/train/images/pic-180-_jpg.rf.544e62b6d885e8e5cc375189b6c13233.jpg,Pothole_Segmentation_YOLOv8/train/labels/pic-180-_jpg.rf.544e62b6d885e8e5cc375189b6c13233.txt,pic-180,train,640,640,False,True
pothole,Pothole_Segmentation_YOLOv8/train/images/pic-180-_jpg.rf.edbdd29c7a063d66218221470a7e44f5.jpg,Pothole_Segmentation_YOLOv8/train/labels/pic-180-_jpg.rf.edbdd29c7a063d66218221470a7e44f5.txt,pic-180,train,640,640,False,True
pothole,Pothole_Segmentation_YOLOv8/train/images/pic-181-_jpg.rf.4c915083eb98e45fee4d4f707f89406a.jpg,Pothole_Segmentation_YOLOv8/train/labels/pic-181-_jpg.rf.4c915083eb98e45fee4d4f707f89406a.txt,pic-181,val,640,640,False,True
pothole,Pothole_Segmentation_YOLOv8/train/images/pic-181-_jpg.rf.d2e46218aa9286f174c99c772f1c1758.jpg,Pothole_Segmentation_YOLOv8/train/labels/pic-181-_jpg.rf.d2e46218aa9286f174c99c772f1c1758.txt,pic-181,val,640,640,False,True
pothole,Pothole_Segmentation_YOLOv8/train/images/pic-181-_jpg.rf.e0d1623b0c6c69da4a967af45bebbdbd.jpg,Pothole_Segmentation_YOLOv8/train/labels/pic-181-_jpg.rf.e0d1623b0c6c69da4a967af45bebbdbd.txt,pic-181,val,640,640,False,True
pothole,Pothole_Segmentation_YOLOv8/train/images/pic-182-_jpg.rf.0689172bca1eeb50732cceb0a2d2dbc7.jpg,Pothole_Segmentation_YOLOv8/train/labels/pic-182-_jpg.rf.0689172bca1eeb50732cceb0a2d2dbc7.txt,pic-182,train,640,640,False,True
pothole,Pothole_Segmentation_YOLOv8/train/images/pic-182-_jpg.rf.236dc9bd798d6f8c56dbfdc5754e3b68.jpg,Pothole_Segmentation_YOLOv8/train/labels/pic-182-_jpg.rf.236dc9bd798d6f8c56dbfdc5754e3b68.txt,pic-182,train,640,640,False,True
pothole,Pothole_Segmentation_YOLOv8/train/images/pic-182-_jpg.rf.4b148a54550e9eeccfacda80024037b1.jpg,Pothole_Segmentation_YOLOv8/train/labels/pic-182-_jpg.rf.4b148a54550e9eeccfacda80024037b1.txt,pic-182,train,640,640,False,True
pothole,Pothole_Segmentation_YOLOv8/train/images/pic-185-_jpg.rf.4bf9653396b984986c36623ca51a9b89.jpg,Pothole_Segmentation_YOLOv8/train/labels/pic-185-_jpg.rf.4bf9653396b984986c36623ca51a9b89.txt,pic-185,train,640,640,False,True
pothole,Pothole_Segmentation_YOLOv8/train/images/pic-185-_jpg.rf.b060d919f03803a454f2c92fb25e51ec.jpg,Pothole_Segmentation_YOLOv8/train/labels/pic-185-_jpg.rf.b060d919f03803a454f2c92fb25e51ec.txt,pic-185,train,640,640,False,True
pothole,Pothole_Segmentation_YOLOv8/train/images/pic-185-_jpg.rf.e5609451b471c39a9c9eaf5ff7b3ac94.jpg,Pothole_Segmentation_YOLOv8/train/labels/pic-185-_jpg.rf.e5609451b471c39a9c9eaf5ff7b3ac94.txt,pic-185,train,640,640,False,True
pothole,Pothole_Segmentation_YOLOv8/train/images/pic-186-_jpg.rf.124fb81faf74b03398e066e6d7cbc9eb.jpg,Pothole_Segmentation_YOLOv8/train/labels/pic-186-_jpg.rf.124fb81faf74b03398e066e6d7cbc9eb.txt,pic-186,train,640,640,False,True
pothole,Pothole_Segmentation_YOLOv8/train/images/pic-186-_jpg.rf.6df069fb0a914f27571234fbc1aa446b.jpg,Pothole_Segmentation_YOLOv8/train/labels/pic-186-_jpg.rf.6df069fb0a914f27571234fbc1aa446b.txt,pic-186,train,640,640,False,True
pothole,Pothole_Segmentation_YOLOv8/train/images/pic-186-_jpg.rf.6dfa17e72f379782ec0b743ba60b8543.jpg,Pothole_Segmentation_YOLOv8/train/labels/pic-186-_jpg.rf.6dfa17e72f379782ec0b743ba60b8543.txt,pic-186,train,640,640,False,True
pothole,Pothole_Segmentation_YOLOv8/train/images/pic-187-_jpg.rf.725f375e91986c9cc15b8f0b2b708cb9.jpg,Pothole_Segmentation_YOLOv8/train/labels/pic-187-_jpg.rf.725f375e91986c9cc15b8f0b2b708cb9.txt,pic-187,train,640,640,False,True
pothole,Pothole_Segmentation_YOLOv8/train/images/pic-187-_jpg.rf.8978c4919b51dcb2843c4d992a0bc5f6.jpg,Pothole_Segmentation_YOLOv8/train/labels/pic-187-_jpg.rf.8978c4919b51dcb2843c4d992a0bc5f6.txt,pic-187,train,640,640,False,True
pothole,Pothole_Segmentation_YOLOv8/train/images/pic-187-_jpg.rf.cc1cf985fedc5bc6d7b3fda53980e6f3.jpg,Pothole_Segmentation_YOLOv8/train/labels/pic-187-_jpg.rf.cc1cf985fedc5bc6d7b3fda53980e6f3.txt,pic-187,train,640,640,False,True
pothole,Pothole_Segmentation_YOLOv8/train/images/pic-188-_jpg.rf.635564dad2da056faf9127525b2b6cb4.jpg,Pothole_Segmentation_YOLOv8/train/labels/pic-188-_jpg.rf.635564dad2da056faf9127525b2b6cb4.txt,pic-188,val,640,640,False,True
pothole,Pothole_Segmentation_YOLOv8/train/images/pic-188-_jpg.rf.892956f0dc513250fbe68acd8c8b91e1.jpg,Pothole_Segmentation_YOLOv8/train/labels/pic-188-_jpg.rf.892956f0dc513250fbe68acd8c8b91e1.txt,pic-188,val,640,640,False,True
pothole,Pothole_Segmentation_YOLOv8/train/images/pic-188-_jpg.rf.dcd45e3458a07cec9ba93918315d2eaf.jpg,Pothole_Segmentation_YOLOv8/train/labels/pic-188-_jpg.rf.dcd45e3458a07cec9ba93918315d2eaf.txt,pic-188,val,640,640,False,True
pothole,Pothole_Segmentation_YOLOv8/train/images/pic-189-_jpg.rf.6ecb9b14009286fba81f2e83e3b7f1e1.jpg,Pothole_Segmentation_YOLOv8/train/labels/pic-189-_jpg.rf.6ecb9b14009286fba81f2e83e3b7f1e1.txt,pic-189,train,640,640,False,True
pothole,Pothole_Segmentation_YOLOv8/train/images/pic-189-_jpg.rf.7a11114bc4c2fe1c330b2eff3ec1b609.jpg,Pothole_Segmentation_YOLOv8/train/labels/pic-189-_jpg.rf.7a11114bc4c2fe1c330b2eff3ec1b609.txt,pic-189,train,640,640,False,True
pothole,Pothole_Segmentation_YOLOv8/train/images/pic-189-_jpg.rf.cf414d706efddcb1fd32a8b42bcfd9a7.jpg,Pothole_Segmentation_YOLOv8/train/labels/pic-189-_jpg.rf.cf414d706efddcb1fd32a8b42bcfd9a7.txt,pic-189,train,640,640,False,True
pothole,Pothole_Segmentation_YOLOv8/train/images/pic-19-_jpg.rf.3427acf9ec34ef05f6fe4a10e7280478.jpg,Pothole_Segmentation_YOLOv8/train/labels/pic-19-_jpg.rf.3427acf9ec34ef05f6fe4a10e7280478.txt,pic-19,train,640,640,False,True
pothole,Pothole_Segmentation_YOLOv8/train/images/pic-19-_jpg.rf.5b617b77a960e3e18ff122c7c17a3a90.jpg,Pothole_Segmentation_YOLOv8/train/labels/pic-19-_jpg.rf.5b617b77a960e3e18ff122c7c17a3a90.txt,pic-19,train,640,640,False,True
pothole,Pothole_Segmentation_YOLOv8/train/images/pic-19-_jpg.rf.8ec9e835434bab69526356b80fb94588.jpg,Pothole_Segmentation_YOLOv8/train/labels/pic-19-_jpg.rf.8ec9e835434bab69526356b80fb94588.txt,pic-19,train,640,640,False,True
pothole,Pothole_Segmentation_YOLOv8/train/images/pic-190-_jpg.rf.531db54959dd774f8f60dee6d86da08e.jpg,Pothole_Segmentation_YOLOv8/train/labels/pic-190-_jpg.rf.531db54959dd774f8f60dee6d86da08e.txt,pic-190,train,640,640,False,True
pothole,Pothole_Segmentation_YOLOv8/train/images/pic-190-_jpg.rf.a8973074639f95f416ad6ba0ccbbb03e.jpg,Pothole_Segmentation_YOLOv8/train/labels/pic-190-_jpg.rf.a8973074639f95f416ad6ba0ccbbb03e.txt,pic-190,train,640,640,False,True
pothole,Pothole_Segmentation_YOLOv8/train/images/pic-190-_jpg.rf.dbf09b649249bd7101e280f5a14957c6.jpg,Pothole_Segmentation_YOLOv8/train/labels/pic-190-_jpg.rf.dbf09b649249bd7101e280f5a14957c6.txt,pic-190,train,640,640,False,True
pothole,Pothole_Segmentation_YOLOv8/train/images/pic-191-_jpg.rf.722924f292c69c3948e42a9759882f26.jpg,Pothole_Segmentation_YOLOv8/train/labels/pic-191-_jpg.rf.722924f292c69c3948e42a9759882f26.txt,pic-191,train,640,640,False,True
pothole,Pothole_Segmentation_YOLOv8/train/images/pic-191-_jpg.rf.eecd3cdfc404f62988bc698f87ae2e4e.jpg,Pothole_Segmentation_YOLOv8/train/labels/pic-191-_jpg.rf.eecd3cdfc404f62988bc698f87ae2e4e.txt,pic-191,train,640,640,False,True
pothole,Pothole_Segmentation_YOLOv8/train/images/pic-191-_jpg.rf.f1ecc5629bdf5860ae57d7d27dafb299.jpg,Pothole_Segmentation_YOLOv8/train/labels/pic-191-_jpg.rf.f1ecc5629bdf5860ae57d7d27dafb299.txt,pic-191,train,640,640,False,True
pothole,Pothole_Segmentation_YOLOv8/train/images/pic-194-_jpg.rf.0347198a0674c89124a169b3ede8d1b8.jpg,Pothole_Segmentation_YOLOv8/train/labels/pic-194-_jpg.rf.0347198a0674c89124a169b3ede8d1b8.txt,pic-194,train,640,640,False,True
pothole,Pothole_Segmentation_YOLOv8/train/images/pic-194-_jpg.rf.0e60f4ceb45a85c359677ee01c088045.jpg,Pothole_Segmentation_YOLOv8/train/labels/pic-194-_jpg.rf.0e60f4ceb45a85c359677ee01c088045.txt,pic-194,train,640,640,False,True
pothole,Pothole_Segmentation_YOLOv8/train/images/pic-194-_jpg.rf.15feb8e01893318219d223a82a97d069.jpg,Pothole_Segmentation_YOLOv8/train/labels/pic-194-_jpg.rf.15feb8e01893318219d223a82a97d069.txt,pic-194,train,640,640,False,True
pothole,Pothole_Segmentation_YOLOv8/train/images/pic-195-_jpg.rf.0bbee8fd461407d8eded3b0ea8e80b4c.jpg,Pothole_Segmentation_YOLOv8/train/labels/pic-195-_jpg.rf.0bbee8fd461407d8eded3b0ea8e80b4c.txt,pic-195,val,640,640,False,True
pothole,Pothole_Segmentation_YOLOv8/train/images/pic-195-_jpg.rf.66e723938cac897ced6246535fe9da8a.jpg,Pothole_Segmentation_YOLOv8/train/labels/pic-195-_jpg.rf.66e723938cac897ced6246535fe9da8a.txt,pic-195,val,640,640,False,True
pothole,Pothole_Segmentation_YOLOv8/train/images/pic-195-_jpg.rf.ace8dee3ec0fba3d7a33c3de2c315f0a.jpg,Pothole_Segmentation_YOLOv8/train/labels/pic-195-_jpg.rf.ace8dee3ec0fba3d7a33c3de2c315f0a.txt,pic-195,val,640,640,False,True
pothole,Pothole_Segmentation_YOLOv8/train/images/pic-196-_jpg.rf.66a50a098577b349d7bee13dc9640c2e.jpg,Pothole_Segmentation_YOLOv8/train/labels/pic-196-_jpg.rf.66a50a098577b349d7bee13dc9640c2e.txt,pic-196,val,640,640,False,True
pothole,Pothole_Segmentation_YOLOv8/train/images/pic-196-_jpg.rf.7ea9f287f872540f14495fae6d91e4e6.jpg,Pothole_Segmentation_YOLOv8/train/labels/pic-196-_jpg.rf.7ea9f287f872540f14495fae6d91e4e6.txt,pic-196,val,640,640,False,True
pothole,Pothole_Segmentation_YOLOv8/train/images/pic-196-_jpg.rf.812d218445763c3ed203a0f9458291f9.jpg,Pothole_Segmentation_YOLOv8/train/labels/pic-196-_jpg.rf.812d218445763c3ed203a0f9458291f9.txt,pic-196,val,640,640,False,True
pothole,Pothole_Segmentation_YOLOv8/train/images/pic-197-_jpg.rf.0216ae6ebea5c3912f51c76bdbae6d19.jpg,Pothole_Segmentation_YOLOv8/train/labels/pic-197-_jpg.rf.0216ae6ebea5c3912f51c76bdbae6d19.txt,pic-197,train,640,640,False,True
pothole,Pothole_Segmentation_YOLOv8/train/images/pic-197-_jpg.rf.76da5b1b10db8580430d527ce9cc2ac3.jpg,Pothole_Segmentation_YOLOv8/train/labels/pic-197-_jpg.rf.76da5b1b10db8580430d527ce9cc2ac3.txt,pic-197,train,640,640,False,True
pothole,Pothole_Segmentation_YOLOv8/train/images/pic-197-_jpg.rf.ca567ffa1d1798025a45cf933eb8a5ba.jpg,Pothole_Segmentation_YOLOv8/train/labels/pic-197-_jpg.rf.ca567ffa1d1798025a45cf933eb8a5ba.txt,pic-197,train,640,640,False,True
pothole,Pothole_Segmentation_YOLOv8/train/images/pic-198-_jpg.rf.3fd6176b3671e235690487a5759a10f9.jpg,Pothole_Segmentation_YOLOv8/train/labels/pic-198-_jpg.rf.3fd6176b3671e235690487a5759a10f9.txt,pic-198,train,640,640,False,True
pothole,Pothole_Segmentation_YOLOv8/train/images/pic-198-_jpg.rf.4a69d95662fb642c674f26ff0ef0a5a9.jpg,Pothole_Segmentation_YOLOv8/train/labels/pic-198-_jpg.rf.4a69d95662fb642c674f26ff0ef0a5a9.txt,pic-198,train,640,640,False,True
pothole,Pothole_Segmentation_YOLOv8/train/images/pic-198-_jpg.rf.5bfd105d64b4c14a88672ff3fdefc4ea.jpg,Pothole_Segmentation_YOLOv8/train/labels/pic-198-_jpg.rf.5bfd105d64b4c14a88672ff3fdefc4ea.txt,pic-198,train,640,640,False,True
pothole,Pothole_Segmentation_YOLOv8/train/images/pic-199-_jpg.rf.08d902c95a9a00f33f6a031a3ce86eaf.jpg,Pothole_Segmentation_YOLOv8/train/labels/pic-199-_jpg.rf.08d902c95a9a00f33f6a031a3ce86eaf.txt,pic-199,train,640,640,False,True
pothole,Pothole_Segmentation_YOLOv8/train/images/pic-199-_jpg.rf.89fa1c3f06bec1dfef2b96f692db78b6.jpg,Pothole_Segmentation_YOLOv8/train/labels/pic-199-_jpg.rf.89fa1c3f06bec1dfef2b96f692db78b6.txt,pic-199,train,640,640,False,True
pothole,Pothole_Segmentation_YOLOv8/train/images/pic-199-_jpg.rf.cedbf41ae88b4faa6ca4e3f9907c9678.jpg,Pothole_Segmentation_YOLOv8/train/labels/pic-199-_jpg.rf.cedbf41ae88b4faa6ca4e3f9907c9678.txt,pic-199,train,640,640,False,True
pothole,Pothole_Segmentation_YOLOv8/train/images/pic-2-_jpg.rf.1db425f6267df87504430ef5a0e23709.jpg,Pothole_Segmentation_YOLOv8/train/labels/pic-2-_jpg.rf.1db425f6267df87504430ef5a0e23709.txt,pic-2,train,640,640,False,True
pothole,Pothole_Segmentation_YOLOv8/train/images/pic-2-_jpg.rf.bb6da014663463596e9cdcb39bfa3d40.jpg,Pothole_Segmentation_YOLOv8/train/labels/pic-2-_jpg.rf.bb6da014663463596e9cdcb39bfa3d40.txt,pic-2,train,640,640,False,True
pothole,Pothole_Segmentation_YOLOv8/train/images/pic-2-_jpg.rf.f0b15cd48578f75fff175242f1d8d9d0.jpg,Pothole_Segmentation_YOLOv8/train/labels/pic-2-_jpg.rf.f0b15cd48578f75fff175242f1d8d9d0.txt,pic-2,train,640,640,False,True
pothole,Pothole_Segmentation_YOLOv8/train/images/pic-201-_jpg.rf.4b6780fd03079cb3617f1b6c3893f081.jpg,Pothole_Segmentation_YOLOv8/train/labels/pic-201-_jpg.rf.4b6780fd03079cb3617f1b6c3893f081.txt,pic-201,train,640,640,False,True
pothole,Pothole_Segmentation_YOLOv8/train/images/pic-201-_jpg.rf.95832ba3432d34d8935a2aa3290fcccc.jpg,Pothole_Segmentation_YOLOv8/train/labels/pic-201-_jpg.rf.95832ba3432d34d8935a2aa3290fcccc.txt,pic-201,train,640,640,False,True
pothole,Pothole_Segmentation_YOLOv8/train/images/pic-201-_jpg.rf.e3dd8c6c5c18f97d98bdf92b1ce043b9.jpg,Pothole_Segmentation_YOLOv8/train/labels/pic-201-_jpg.rf.e3dd8c6c5c18f97d98bdf92b1ce043b9.txt,pic-201,train,640,640,False,True
pothole,Pothole_Segmentation_YOLOv8/train/images/pic-203-_jpg.rf.0a2080c87c7d3188f8356357203b0e56.jpg,Pothole_Segmentation_YOLOv8/train/labels/pic-203-_jpg.rf.0a2080c87c7d3188f8356357203b0e56.txt,pic-203,train,640,640,False,True
pothole,Pothole_Segmentation_YOLOv8/train/images/pic-203-_jpg.rf.3377a5ba4a0dc953bac7e48a7a02c227.jpg,Pothole_Segmentation_YOLOv8/train/labels/pic-203-_jpg.rf.3377a5ba4a0dc953bac7e48a7a02c227.txt,pic-203,train,640,640,False,True
pothole,Pothole_Segmentation_YOLOv8/train/images/pic-203-_jpg.rf.8dd21e07b004f7c29a8d4f97e0a3283b.jpg,Pothole_Segmentation_YOLOv8/train/labels/pic-203-_jpg.rf.8dd21e07b004f7c29a8d4f97e0a3283b.txt,pic-203,train,640,640,False,True
pothole,Pothole_Segmentation_YOLOv8/train/images/pic-206-_jpg.rf.4213f6cdf3dee589a56e5aad14500784.jpg,Pothole_Segmentation_YOLOv8/train/labels/pic-206-_jpg.rf.4213f6cdf3dee589a56e5aad14500784.txt,pic-206,train,640,640,False,True
pothole,Pothole_Segmentation_YOLOv8/train/images/pic-206-_jpg.rf.5e77130a98b6e44f7347f3fa12d59989.jpg,Pothole_Segmentation_YOLOv8/train/labels/pic-206-_jpg.rf.5e77130a98b6e44f7347f3fa12d59989.txt,pic-206,train,640,640,False,True
pothole,Pothole_Segmentation_YOLOv8/train/images/pic-206-_jpg.rf.72255834e8accc349443c0b769bd3cfc.jpg,Pothole_Segmentation_YOLOv8/train/labels/pic-206-_jpg.rf.72255834e8accc349443c0b769bd3cfc.txt,pic-206,train,640,640,False,True
pothole,Pothole_Segmentation_YOLOv8/train/images/pic-207-_jpg.rf.0b505406debb2b509daccf0ebbb62d42.jpg,Pothole_Segmentation_YOLOv8/train/labels/pic-207-_jpg.rf.0b505406debb2b509daccf0ebbb62d42.txt,pic-207,train,640,640,False,True
pothole,Pothole_Segmentation_YOLOv8/train/images/pic-207-_jpg.rf.4facc206ce5e1fac516bd765c34f7972.jpg,Pothole_Segmentation_YOLOv8/train/labels/pic-207-_jpg.rf.4facc206ce5e1fac516bd765c34f7972.txt,pic-207,train,640,640,False,True
pothole,Pothole_Segmentation_YOLOv8/train/images/pic-207-_jpg.rf.b4c0b6220ddb190aee07dfd59ffd4277.jpg,Pothole_Segmentation_YOLOv8/train/labels/pic-207-_jpg.rf.b4c0b6220ddb190aee07dfd59ffd4277.txt,pic-207,train,640,640,False,True
pothole,Pothole_Segmentation_YOLOv8/train/images/pic-208-_jpg.rf.2a110ddd516f4ba59951afbf405d42a5.jpg,Pothole_Segmentation_YOLOv8/train/labels/pic-208-_jpg.rf.2a110ddd516f4ba59951afbf405d42a5.txt,pic-208,train,640,640,False,True
pothole,Pothole_Segmentation_YOLOv8/train/images/pic-208-_jpg.rf.a7d61ad38189d19f47b2407d4c2455fb.jpg,Pothole_Segmentation_YOLOv8/train/labels/pic-208-_jpg.rf.a7d61ad38189d19f47b2407d4c2455fb.txt,pic-208,train,640,640,False,True
pothole,Pothole_Segmentation_YOLOv8/train/images/pic-208-_jpg.rf.b11d7439f1c22388eac3f6705cb9e9e4.jpg,Pothole_Segmentation_YOLOv8/train/labels/pic-208-_jpg.rf.b11d7439f1c22388eac3f6705cb9e9e4.txt,pic-208,train,640,640,False,True
pothole,Pothole_Segmentation_YOLOv8/train/images/pic-21-_jpg.rf.31dc8d894956f53d54a5cec0f94c5e79.jpg,Pothole_Segmentation_YOLOv8/train/labels/pic-21-_jpg.rf.31dc8d894956f53d54a5cec0f94c5e79.txt,pic-21,train,640,640,False,True
pothole,Pothole_Segmentation_YOLOv8/train/images/pic-21-_jpg.rf.b341c07e4c85101f52a39109ebb299b0.jpg,Pothole_Segmentation_YOLOv8/train/labels/pic-21-_jpg.rf.b341c07e4c85101f52a39109ebb299b0.txt,pic-21,train,640,640,False,True
pothole,Pothole_Segmentation_YOLOv8/train/images/pic-21-_jpg.rf.e193c5d94e2cc8ef9b365e8d95e806b1.jpg,Pothole_Segmentation_YOLOv8/train/labels/pic-21-_jpg.rf.e193c5d94e2cc8ef9b365e8d95e806b1.txt,pic-21,train,640,640,False,True
pothole,Pothole_Segmentation_YOLOv8/train/images/pic-210-_jpg.rf.4b2ea541aa7fb1277177d6b23ebb385d.jpg,Pothole_Segmentation_YOLOv8/train/labels/pic-210-_jpg.rf.4b2ea541aa7fb1277177d6b23ebb385d.txt,pic-210,train,640,640,False,True
pothole,Pothole_Segmentation_YOLOv8/train/images/pic-210-_jpg.rf.7d87d7b5337a40b2c80ce816e643376a.jpg,Pothole_Segmentation_YOLOv8/train/labels/pic-210-_jpg.rf.7d87d7b5337a40b2c80ce816e643376a.txt,pic-210,train,640,640,False,True
pothole,Pothole_Segmentation_YOLOv8/train/images/pic-210-_jpg.rf.d00f21d9a21dd0244263a64b8bda2348.jpg,Pothole_Segmentation_YOLOv8/train/labels/pic-210-_jpg.rf.d00f21d9a21dd0244263a64b8bda2348.txt,pic-210,train,640,640,False,True
pothole,Pothole_Segmentation_YOLOv8/train/images/pic-211-_jpg.rf.4eb10110d12e7623cb7be8caf4f66c5a.jpg,Pothole_Segmentation_YOLOv8/train/labels/pic-211-_jpg.rf.4eb10110d12e7623cb7be8caf4f66c5a.txt,pic-211,train,640,640,False,True
pothole,Pothole_Segmentation_YOLOv8/train/images/pic-211-_jpg.rf.4f06bc1e4c4ca8189e8136ed45695acc.jpg,Pothole_Segmentation_YOLOv8/train/labels/pic-211-_jpg.rf.4f06bc1e4c4ca8189e8136ed45695acc.txt,pic-211,train,640,640,False,True
pothole,Pothole_Segmentation_YOLOv8/train/images/pic-211-_jpg.rf.9de311e1f9663a4ed2159ebc521295e7.jpg,Pothole_Segmentation_YOLOv8/train/labels/pic-211-_jpg.rf.9de311e1f9663a4ed2159ebc521295e7.txt,pic-211,train,640,640,False,True
pothole,Pothole_Segmentation_YOLOv8/train/images/pic-212-_jpg.rf.19e0e3168e988c6c8f8829f34c68003b.jpg,Pothole_Segmentation_YOLOv8/train/labels/pic-212-_jpg.rf.19e0e3168e988c6c8f8829f34c68003b.txt,pic-212,train,640,640,False,True
pothole,Pothole_Segmentation_YOLOv8/train/images/pic-212-_jpg.rf.d80a26f98663f0c2a92282a15fbf262b.jpg,Pothole_Segmentation_YOLOv8/train/labels/pic-212-_jpg.rf.d80a26f98663f0c2a92282a15fbf262b.txt,pic-212,train,640,640,False,True
pothole,Pothole_Segmentation_YOLOv8/train/images/pic-212-_jpg.rf.e36dc9e60b7e977f6e7d2d1a323b9c73.jpg,Pothole_Segmentation_YOLOv8/train/labels/pic-212-_jpg.rf.e36dc9e60b7e977f6e7d2d1a323b9c73.txt,pic-212,train,640,640,False,True
pothole,Pothole_Segmentation_YOLOv8/train/images/pic-214-_jpg.rf.27fc3b4425584f6404f2f0feb976f621.jpg,Pothole_Segmentation_YOLOv8/train/labels/pic-214-_jpg.rf.27fc3b4425584f6404f2f0feb976f621.txt,pic-214,train,640,640,False,True
pothole,Pothole_Segmentation_YOLOv8/train/images/pic-214-_jpg.rf.74655743f4f3d67bb2e21be9727a7946.jpg,Pothole_Segmentation_YOLOv8/train/labels/pic-214-_jpg.rf.74655743f4f3d67bb2e21be9727a7946.txt,pic-214,train,640,640,False,True
pothole,Pothole_Segmentation_YOLOv8/train/images/pic-214-_jpg.rf.d45b506908081039adeb183e4ca51da8.jpg,Pothole_Segmentation_YOLOv8/train/labels/pic-214-_jpg.rf.d45b506908081039adeb183e4ca51da8.txt,pic-214,train,640,640,False,True
pothole,Pothole_Segmentation_YOLOv8/train/images/pic-215-_jpg.rf.40ad961da5aeef8f6c97d772ee2b618e.jpg,Pothole_Segmentation_YOLOv8/train/labels/pic-215-_jpg.rf.40ad961da5aeef8f6c97d772ee2b618e.txt,pic-215,train,640,640,False,True
pothole,Pothole_Segmentation_YOLOv8/train/images/pic-215-_jpg.rf.d190a911a9e6195bd2a9e3c67869064a.jpg,Pothole_Segmentation_YOLOv8/train/labels/pic-215-_jpg.rf.d190a911a9e6195bd2a9e3c67869064a.txt,pic-215,train,640,640,False,True
pothole,Pothole_Segmentation_YOLOv8/train/images/pic-215-_jpg.rf.ff49694bdd544a47be71713dc6c46593.jpg,Pothole_Segmentation_YOLOv8/train/labels/pic-215-_jpg.rf.ff49694bdd544a47be71713dc6c46593.txt,pic-215,train,640,640,False,True
pothole,Pothole_Segmentation_YOLOv8/train/images/pic-216-_jpg.rf.456e08f670a110afa6a40b982a029cba.jpg,Pothole_Segmentation_YOLOv8/train/labels/pic-216-_jpg.rf.456e08f670a110afa6a40b982a029cba.txt,pic-216,train,640,640,False,True
pothole,Pothole_Segmentation_YOLOv8/train/images/pic-216-_jpg.rf.9b0074a18a22ac4ecb7f30b6dabe3fa5.jpg,Pothole_Segmentation_YOLOv8/train/labels/pic-216-_jpg.rf.9b0074a18a22ac4ecb7f30b6dabe3fa5.txt,pic-216,train,640,640,False,True
pothole,Pothole_Segmentation_YOLOv8/train/images/pic-216-_jpg.rf.ad6fbe4b6c5100ec699f1262c74a5988.jpg,Pothole_Segmentation_YOLOv8/train/labels/pic-216-_jpg.rf.ad6fbe4b6c5100ec699f1262c74a5988.txt,pic-216,train,640,640,False,True
pothole,Pothole_Segmentation_YOLOv8/train/images/pic-217-_jpg.rf.6bb67326dc3fab2b66c9c65a3364504c.jpg,Pothole_Segmentation_YOLOv8/train/labels/pic-217-_jpg.rf.6bb67326dc3fab2b66c9c65a3364504c.txt,pic-217,train,640,640,False,True
pothole,Pothole_Segmentation_YOLOv8/train/images/pic-217-_jpg.rf.de0280b56ab0a3f21fab3b5986a16080.jpg,Pothole_Segmentation_YOLOv8/train/labels/pic-217-_jpg.rf.de0280b56ab0a3f21fab3b5986a16080.txt,pic-217,train,640,640,False,True
pothole,Pothole_Segmentation_YOLOv8/train/images/pic-217-_jpg.rf.f71278c900f04d9ef934d1671e450fbf.jpg,Pothole_Segmentation_YOLOv8/train/labels/pic-217-_jpg.rf.f71278c900f04d9ef934d1671e450fbf.txt,pic-217,train,640,640,False,True
pothole,Pothole_Segmentation_YOLOv8/train/images/pic-218-_jpg.rf.1becdc6413b7b22fdf55ade9f266316e.jpg,Pothole_Segmentation_YOLOv8/train/labels/pic-218-_jpg.rf.1becdc6413b7b22fdf55ade9f266316e.txt,pic-218,train,640,640,False,True
pothole,Pothole_Segmentation_YOLOv8/train/images/pic-218-_jpg.rf.d9c8cdd8aea8314208624edb692b09cb.jpg,Pothole_Segmentation_YOLOv8/train/labels/pic-218-_jpg.rf.d9c8cdd8aea8314208624edb692b09cb.txt,pic-218,train,640,640,False,True
pothole,Pothole_Segmentation_YOLOv8/train/images/pic-218-_jpg.rf.da6e0c0a3dd3854e5710bcbe50478725.jpg,Pothole_Segmentation_YOLOv8/train/labels/pic-218-_jpg.rf.da6e0c0a3dd3854e5710bcbe50478725.txt,pic-218,train,640,640,False,True
pothole,Pothole_Segmentation_YOLOv8/train/images/pic-219-_jpg.rf.9f723a6b8ef272c7a5899faf7f892aee.jpg,Pothole_Segmentation_YOLOv8/train/labels/pic-219-_jpg.rf.9f723a6b8ef272c7a5899faf7f892aee.txt,pic-219,train,640,640,False,True
pothole,Pothole_Segmentation_YOLOv8/train/images/pic-219-_jpg.rf.a0b3e7cf4174b760f731630a0d8ffcda.jpg,Pothole_Segmentation_YOLOv8/train/labels/pic-219-_jpg.rf.a0b3e7cf4174b760f731630a0d8ffcda.txt,pic-219,train,640,640,False,True
pothole,Pothole_Segmentation_YOLOv8/train/images/pic-219-_jpg.rf.aa439f808046db1dd790b1dd73aec45f.jpg,Pothole_Segmentation_YOLOv8/train/labels/pic-219-_jpg.rf.aa439f808046db1dd790b1dd73aec45f.txt,pic-219,train,640,640,False,True
pothole,Pothole_Segmentation_YOLOv8/train/images/pic-220-_jpg.rf.0ec6700cefc477019e71e49c69ad09c0.jpg,Pothole_Segmentation_YOLOv8/train/labels/pic-220-_jpg.rf.0ec6700cefc477019e71e49c69ad09c0.txt,pic-220,val,640,640,False,True
pothole,Pothole_Segmentation_YOLOv8/train/images/pic-220-_jpg.rf.50845450b158301ab47748beb98fcf79.jpg,Pothole_Segmentation_YOLOv8/train/labels/pic-220-_jpg.rf.50845450b158301ab47748beb98fcf79.txt,pic-220,val,640,640,False,True
pothole,Pothole_Segmentation_YOLOv8/train/images/pic-220-_jpg.rf.577cbbb4c72285178adaa8c046e4f59d.jpg,Pothole_Segmentation_YOLOv8/train/labels/pic-220-_jpg.rf.577cbbb4c72285178adaa8c046e4f59d.txt,pic-220,val,640,640,False,True
pothole,Pothole_Segmentation_YOLOv8/train/images/pic-221-_jpg.rf.4210790f4f714436b3d5ee9671a99005.jpg,Pothole_Segmentation_YOLOv8/train/labels/pic-221-_jpg.rf.4210790f4f714436b3d5ee9671a99005.txt,pic-221,train,640,640,False,True
pothole,Pothole_Segmentation_YOLOv8/train/images/pic-221-_jpg.rf.6280cd42dfe06a2d66148f5b5af6eb1b.jpg,Pothole_Segmentation_YOLOv8/train/labels/pic-221-_jpg.rf.6280cd42dfe06a2d66148f5b5af6eb1b.txt,pic-221,train,640,640,False,True
pothole,Pothole_Segmentation_YOLOv8/train/images/pic-221-_jpg.rf.a2e98283cbb1e83a8af07620af2cb3d6.jpg,Pothole_Segmentation_YOLOv8/train/labels/pic-221-_jpg.rf.a2e98283cbb1e83a8af07620af2cb3d6.txt,pic-221,train,640,640,False,True
pothole,Pothole_Segmentation_YOLOv8/train/images/pic-222-_jpg.rf.159340ca71da523b0e2a61122f85d352.jpg,Pothole_Segmentation_YOLOv8/train/labels/pic-222-_jpg.rf.159340ca71da523b0e2a61122f85d352.txt,pic-222,train,640,640,False,True
pothole,Pothole_Segmentation_YOLOv8/train/images/pic-222-_jpg.rf.1dbe9dca4ca6a1f1f88b41787b9a691c.jpg,Pothole_Segmentation_YOLOv8/train/labels/pic-222-_jpg.rf.1dbe9dca4ca6a1f1f88b41787b9a691c.txt,pic-222,train,640,640,False,True
pothole,Pothole_Segmentation_YOLOv8/train/images/pic-222-_jpg.rf.a5ea9340a3f317eab9bc842a8d252835.jpg,Pothole_Segmentation_YOLOv8/train/labels/pic-222-_jpg.rf.a5ea9340a3f317eab9bc842a8d252835.txt,pic-222,train,640,640,False,True
pothole,Pothole_Segmentation_YOLOv8/train/images/pic-223-_jpg.rf.04b3324ec3044431090e8b9359b88bf7.jpg,Pothole_Segmentation_YOLOv8/train/labels/pic-223-_jpg.rf.04b3324ec3044431090e8b9359b88bf7.txt,pic-223,train,640,640,False,True
pothole,Pothole_Segmentation_YOLOv8/train/images/pic-223-_jpg.rf.9d3f63dd5136bc8b5e16b4fdf3e5b5e7.jpg,Pothole_Segmentation_YOLOv8/train/labels/pic-223-_jpg.rf.9d3f63dd5136bc8b5e16b4fdf3e5b5e7.txt,pic-223,train,640,640,False,True
pothole,Pothole_Segmentation_YOLOv8/train/images/pic-223-_jpg.rf.f7b0fe3cd7b84157379a0c10372ef0fc.jpg,Pothole_Segmentation_YOLOv8/train/labels/pic-223-_jpg.rf.f7b0fe3cd7b84157379a0c10372ef0fc.txt,pic-223,train,640,640,False,True
pothole,Pothole_Segmentation_YOLOv8/train/images/pic-224-_jpg.rf.aa73fb95553763a3d73a6b849fa4aa11.jpg,Pothole_Segmentation_YOLOv8/train/labels/pic-224-_jpg.rf.aa73fb95553763a3d73a6b849fa4aa11.txt,pic-224,train,640,640,False,True
pothole,Pothole_Segmentation_YOLOv8/train/images/pic-224-_jpg.rf.bc36d7a2ab5872952f3237e3cb9a0b06.jpg,Pothole_Segmentation_YOLOv8/train/labels/pic-224-_jpg.rf.bc36d7a2ab5872952f3237e3cb9a0b06.txt,pic-224,train,640,640,False,True
pothole,Pothole_Segmentation_YOLOv8/train/images/pic-224-_jpg.rf.bd5f146daa5ac308b6b501d1c6f1d33d.jpg,Pothole_Segmentation_YOLOv8/train/labels/pic-224-_jpg.rf.bd5f146daa5ac308b6b501d1c6f1d33d.txt,pic-224,train,640,640,False,True
pothole,Pothole_Segmentation_YOLOv8/train/images/pic-226-_jpg.rf.14efc266ef488a27f59064a50d804ca0.jpg,Pothole_Segmentation_YOLOv8/train/labels/pic-226-_jpg.rf.14efc266ef488a27f59064a50d804ca0.txt,pic-226,train,640,640,False,True
pothole,Pothole_Segmentation_YOLOv8/train/images/pic-226-_jpg.rf.a751fa82eb82745f4b5f94656b4d1455.jpg,Pothole_Segmentation_YOLOv8/train/labels/pic-226-_jpg.rf.a751fa82eb82745f4b5f94656b4d1455.txt,pic-226,train,640,640,False,True
pothole,Pothole_Segmentation_YOLOv8/train/images/pic-226-_jpg.rf.b4fc5446d26d4211eece93e58f12ae73.jpg,Pothole_Segmentation_YOLOv8/train/labels/pic-226-_jpg.rf.b4fc5446d26d4211eece93e58f12ae73.txt,pic-226,train,640,640,False,True
pothole,Pothole_Segmentation_YOLOv8/train/images/pic-227-_jpg.rf.bfb22269f25cce0b5e7ff3054f61734b.jpg,Pothole_Segmentation_YOLOv8/train/labels/pic-227-_jpg.rf.bfb22269f25cce0b5e7ff3054f61734b.txt,pic-227,train,640,640,False,True
pothole,Pothole_Segmentation_YOLOv8/train/images/pic-227-_jpg.rf.d1dd38a0e09eda8c0d4239a5bdedd0d5.jpg,Pothole_Segmentation_YOLOv8/train/labels/pic-227-_jpg.rf.d1dd38a0e09eda8c0d4239a5bdedd0d5.txt,pic-227,train,640,640,False,True
pothole,Pothole_Segmentation_YOLOv8/train/images/pic-227-_jpg.rf.e6fd78cbf2dc3c11a24ccdc8ddc5ee25.jpg,Pothole_Segmentation_YOLOv8/train/labels/pic-227-_jpg.rf.e6fd78cbf2dc3c11a24ccdc8ddc5ee25.txt,pic-227,train,640,640,False,True
pothole,Pothole_Segmentation_YOLOv8/train/images/pic-23-_jpg.rf.4152b4c3ac522f79019ca14cc242eb95.jpg,Pothole_Segmentation_YOLOv8/train/labels/pic-23-_jpg.rf.4152b4c3ac522f79019ca14cc242eb95.txt,pic-23,train,640,640,False,True
pothole,Pothole_Segmentation_YOLOv8/train/images/pic-23-_jpg.rf.dfe14e39a7d78d0edb998700007564e1.jpg,Pothole_Segmentation_YOLOv8/train/labels/pic-23-_jpg.rf.dfe14e39a7d78d0edb998700007564e1.txt,pic-23,train,640,640,False,True
pothole,Pothole_Segmentation_YOLOv8/train/images/pic-23-_jpg.rf.e7e49a6cb4809947d14a95047f49964e.jpg,Pothole_Segmentation_YOLOv8/train/labels/pic-23-_jpg.rf.e7e49a6cb4809947d14a95047f49964e.txt,pic-23,train,640,640,False,True
pothole,Pothole_Segmentation_YOLOv8/train/images/pic-231-_jpg.rf.15d03eb1f1aea5ae78f46547ddb947b5.jpg,Pothole_Segmentation_YOLOv8/train/labels/pic-231-_jpg.rf.15d03eb1f1aea5ae78f46547ddb947b5.txt,pic-231,val,640,640,False,True
pothole,Pothole_Segmentation_YOLOv8/train/images/pic-231-_jpg.rf.1ef52a6b450c206cfdcc425311a07859.jpg,Pothole_Segmentation_YOLOv8/train/labels/pic-231-_jpg.rf.1ef52a6b450c206cfdcc425311a07859.txt,pic-231,val,640,640,False,True
pothole,Pothole_Segmentation_YOLOv8/train/images/pic-231-_jpg.rf.2f5901a40332f282bcafe34b90f4f5ec.jpg,Pothole_Segmentation_YOLOv8/train/labels/pic-231-_jpg.rf.2f5901a40332f282bcafe34b90f4f5ec.txt,pic-231,val,640,640,False,True
pothole,Pothole_Segmentation_YOLOv8/train/images/pic-232-_jpg.rf.1494a9c164c52d1cd9b45dda0e1b5bab.jpg,Pothole_Segmentation_YOLOv8/train/labels/pic-232-_jpg.rf.1494a9c164c52d1cd9b45dda0e1b5bab.txt,pic-232,train,640,640,False,True
pothole,Pothole_Segmentation_YOLOv8/train/images/pic-232-_jpg.rf.848346f3e53f08683c1c17d6f1f7437e.jpg,Pothole_Segmentation_YOLOv8/train/labels/pic-232-_jpg.rf.848346f3e53f08683c1c17d6f1f7437e.txt,pic-232,train,640,640,False,True
pothole,Pothole_Segmentation_YOLOv8/train/images/pic-232-_jpg.rf.f4098546b7c8b3af5f3463c6f63950dd.jpg,Pothole_Segmentation_YOLOv8/train/labels/pic-232-_jpg.rf.f4098546b7c8b3af5f3463c6f63950dd.txt,pic-232,train,640,640,False,True
pothole,Pothole_Segmentation_YOLOv8/train/images/pic-233-_jpg.rf.59141047e39ac5b57f2f9b1f6a763936.jpg,Pothole_Segmentation_YOLOv8/train/labels/pic-233-_jpg.rf.59141047e39ac5b57f2f9b1f6a763936.txt,pic-233,val,640,640,False,True
pothole,Pothole_Segmentation_YOLOv8/train/images/pic-233-_jpg.rf.64732a7585f4f1dc942fda7dce11b947.jpg,Pothole_Segmentation_YOLOv8/train/labels/pic-233-_jpg.rf.64732a7585f4f1dc942fda7dce11b947.txt,pic-233,val,640,640,False,True
pothole,Pothole_Segmentation_YOLOv8/train/images/pic-233-_jpg.rf.8497a34a9e5ae4ee66830f050bbd69ac.jpg,Pothole_Segmentation_YOLOv8/train/labels/pic-233-_jpg.rf.8497a34a9e5ae4ee66830f050bbd69ac.txt,pic-233,val,640,640,False,True
pothole,Pothole_Segmentation_YOLOv8/train/images/pic-234-_jpg.rf.6e6834e9f26a64c34edc2093c2133e77.jpg,Pothole_Segmentation_YOLOv8/train/labels/pic-234-_jpg.rf.6e6834e9f26a64c34edc2093c2133e77.txt,pic-234,train,640,640,False,True
pothole,Pothole_Segmentation_YOLOv8/train/images/pic-234-_jpg.rf.bc29e6e5e745094cb40ab4d9023e2ad3.jpg,Pothole_Segmentation_YOLOv8/train/labels/pic-234-_jpg.rf.bc29e6e5e745094cb40ab4d9023e2ad3.txt,pic-234,train,640,640,False,True
pothole,Pothole_Segmentation_YOLOv8/train/images/pic-234-_jpg.rf.c7c54a2bd8c106f1e8959e88238d0f3c.jpg,Pothole_Segmentation_YOLOv8/train/labels/pic-234-_jpg.rf.c7c54a2bd8c106f1e8959e88238d0f3c.txt,pic-234,train,640,640,False,True
pothole,Pothole_Segmentation_YOLOv8/train/images/pic-235-_jpg.rf.149b89f603991e65409d2c817ffa8def.jpg,Pothole_Segmentation_YOLOv8/train/labels/pic-235-_jpg.rf.149b89f603991e65409d2c817ffa8def.txt,pic-235,train,640,640,False,True
pothole,Pothole_Segmentation_YOLOv8/train/images/pic-235-_jpg.rf.c953bfbb7502053e8a904197dc52e925.jpg,Pothole_Segmentation_YOLOv8/train/labels/pic-235-_jpg.rf.c953bfbb7502053e8a904197dc52e925.txt,pic-235,train,640,640,False,True
pothole,Pothole_Segmentation_YOLOv8/train/images/pic-235-_jpg.rf.caa8259752f70e86575c84bdc5a6ac3d.jpg,Pothole_Segmentation_YOLOv8/train/labels/pic-235-_jpg.rf.caa8259752f70e86575c84bdc5a6ac3d.txt,pic-235,train,640,640,False,True
pothole,Pothole_Segmentation_YOLOv8/train/images/pic-237-_jpg.rf.b4c9d0f7d582f53d9355532af217097e.jpg,Pothole_Segmentation_YOLOv8/train/labels/pic-237-_jpg.rf.b4c9d0f7d582f53d9355532af217097e.txt,pic-237,train,640,640,False,True
pothole,Pothole_Segmentation_YOLOv8/train/images/pic-237-_jpg.rf.f81c589abb7f7593acd9a66bd74c5d7f.jpg,Pothole_Segmentation_YOLOv8/train/labels/pic-237-_jpg.rf.f81c589abb7f7593acd9a66bd74c5d7f.txt,pic-237,train,640,640,False,True
pothole,Pothole_Segmentation_YOLOv8/train/images/pic-237-_jpg.rf.fa5cabd66a044525bb74f3c49acf54fe.jpg,Pothole_Segmentation_YOLOv8/train/labels/pic-237-_jpg.rf.fa5cabd66a044525bb74f3c49acf54fe.txt,pic-237,train,640,640,False,True
pothole,Pothole_Segmentation_YOLOv8/train/images/pic-238-_jpg.rf.28fccf586765c2246d9b66e5eb8f3584.jpg,Pothole_Segmentation_YOLOv8/train/labels/pic-238-_jpg.rf.28fccf586765c2246d9b66e5eb8f3584.txt,pic-238,val,640,640,False,True
pothole,Pothole_Segmentation_YOLOv8/train/images/pic-238-_jpg.rf.43a237ef9bd9dd28d4f798a87853f1fa.jpg,Pothole_Segmentation_YOLOv8/train/labels/pic-238-_jpg.rf.43a237ef9bd9dd28d4f798a87853f1fa.txt,pic-238,val,640,640,False,True
pothole,Pothole_Segmentation_YOLOv8/train/images/pic-238-_jpg.rf.73b9192a4cd0112e00efe9158aff9459.jpg,Pothole_Segmentation_YOLOv8/train/labels/pic-238-_jpg.rf.73b9192a4cd0112e00efe9158aff9459.txt,pic-238,val,640,640,False,True
pothole,Pothole_Segmentation_YOLOv8/train/images/pic-239-_jpg.rf.27ea296703d09cf2fc0438826eb25216.jpg,Pothole_Segmentation_YOLOv8/train/labels/pic-239-_jpg.rf.27ea296703d09cf2fc0438826eb25216.txt,pic-239,train,640,640,False,True
pothole,Pothole_Segmentation_YOLOv8/train/images/pic-239-_jpg.rf.755180833958d9091b3bb6a24b34f8c9.jpg,Pothole_Segmentation_YOLOv8/train/labels/pic-239-_jpg.rf.755180833958d9091b3bb6a24b34f8c9.txt,pic-239,train,640,640,False,True
pothole,Pothole_Segmentation_YOLOv8/train/images/pic-239-_jpg.rf.8f2076aea9dd8405d1992210d01df6ef.jpg,Pothole_Segmentation_YOLOv8/train/labels/pic-239-_jpg.rf.8f2076aea9dd8405d1992210d01df6ef.txt,pic-239,train,640,640,False,True
pothole,Pothole_Segmentation_YOLOv8/train/images/pic-24-_jpg.rf.5c0e8c26b2a5c454bf448e0b6f2ecd97.jpg,Pothole_Segmentation_YOLOv8/train/labels/pic-24-_jpg.rf.5c0e8c26b2a5c454bf448e0b6f2ecd97.txt,pic-24,train,640,640,False,True
pothole,Pothole_Segmentation_YOLOv8/train/images/pic-24-_jpg.rf.6f72a29392e37293dead7ab866cff716.jpg,Pothole_Segmentation_YOLOv8/train/labels/pic-24-_jpg.rf.6f72a29392e37293dead7ab866cff716.txt,pic-24,train,640,640,False,True
pothole,Pothole_Segmentation_YOLOv8/train/images/pic-24-_jpg.rf.c4aa15eeb12eb5d97a7d89fc47d7cca6.jpg,Pothole_Segmentation_YOLOv8/train/labels/pic-24-_jpg.rf.c4aa15eeb12eb5d97a7d89fc47d7cca6.txt,pic-24,train,640,640,False,True
pothole,Pothole_Segmentation_YOLOv8/train/images/pic-240-_jpg.rf.6cf12918112f73e428cb65a891665604.jpg,Pothole_Segmentation_YOLOv8/train/labels/pic-240-_jpg.rf.6cf12918112f73e428cb65a891665604.txt,pic-240,val,640,640,False,True
pothole,Pothole_Segmentation_YOLOv8/train/images/pic-240-_jpg.rf.8dee3d4ab5ccd2161b6e520c20a0f812.jpg,Pothole_Segmentation_YOLOv8/train/labels/pic-240-_jpg.rf.8dee3d4ab5ccd2161b6e520c20a0f812.txt,pic-240,val,640,640,False,True
pothole,Pothole_Segmentation_YOLOv8/train/images/pic-240-_jpg.rf.8f0271d2f7004b60ecb8bceed3c799c6.jpg,Pothole_Segmentation_YOLOv8/train/labels/pic-240-_jpg.rf.8f0271d2f7004b60ecb8bceed3c799c6.txt,pic-240,val,640,640,False,True
pothole,Pothole_Segmentation_YOLOv8/train/images/pic-241-_jpg.rf.3432cc48d4f6e7d8002d6eb4642495ce.jpg,Pothole_Segmentation_YOLOv8/train/labels/pic-241-_jpg.rf.3432cc48d4f6e7d8002d6eb4642495ce.txt,pic-241,val,640,640,False,True
pothole,Pothole_Segmentation_YOLOv8/train/images/pic-241-_jpg.rf.8288a409c841a344ed2174080fddc6a5.jpg,Pothole_Segmentation_YOLOv8/train/labels/pic-241-_jpg.rf.8288a409c841a344ed2174080fddc6a5.txt,pic-241,val,640,640,False,True
pothole,Pothole_Segmentation_YOLOv8/train/images/pic-241-_jpg.rf.c898c9588e06414254eb3a8101ade893.jpg,Pothole_Segmentation_YOLOv8/train/labels/pic-241-_jpg.rf.c898c9588e06414254eb3a8101ade893.txt,pic-241,val,640,640,False,True
pothole,Pothole_Segmentation_YOLOv8/train/images/pic-242-_jpg.rf.0a72277f1c31da47eb26ecbb3b7e6296.jpg,Pothole_Segmentation_YOLOv8/train/labels/pic-242-_jpg.rf.0a72277f1c31da47eb26ecbb3b7e6296.txt,pic-242,train,640,640,False,True
pothole,Pothole_Segmentation_YOLOv8/train/images/pic-242-_jpg.rf.42f875819ed5ac0facfa51b46a123fc2.jpg,Pothole_Segmentation_YOLOv8/train/labels/pic-242-_jpg.rf.42f875819ed5ac0facfa51b46a123fc2.txt,pic-242,train,640,640,False,True
pothole,Pothole_Segmentation_YOLOv8/train/images/pic-242-_jpg.rf.61dffd0851eee83ef24f448d88ffeebe.jpg,Pothole_Segmentation_YOLOv8/train/labels/pic-242-_jpg.rf.61dffd0851eee83ef24f448d88ffeebe.txt,pic-242,train,640,640,False,True
pothole,Pothole_Segmentation_YOLOv8/train/images/pic-243-_jpg.rf.0df6511df9c5cff60f86c536ab1635a1.jpg,Pothole_Segmentation_YOLOv8/train/labels/pic-243-_jpg.rf.0df6511df9c5cff60f86c536ab1635a1.txt,pic-243,train,640,640,False,True
pothole,Pothole_Segmentation_YOLOv8/train/images/pic-243-_jpg.rf.d07142e52129da403acd41a7a03fabae.jpg,Pothole_Segmentation_YOLOv8/train/labels/pic-243-_jpg.rf.d07142e52129da403acd41a7a03fabae.txt,pic-243,train,640,640,False,True
pothole,Pothole_Segmentation_YOLOv8/train/images/pic-243-_jpg.rf.d864bfac7ff1440f8c98557209aa3c0f.jpg,Pothole_Segmentation_YOLOv8/train/labels/pic-243-_jpg.rf.d864bfac7ff1440f8c98557209aa3c0f.txt,pic-243,train,640,640,False,True
pothole,Pothole_Segmentation_YOLOv8/train/images/pic-244-_jpg.rf.1cc262720c9af6dae71db8520773160b.jpg,Pothole_Segmentation_YOLOv8/train/labels/pic-244-_jpg.rf.1cc262720c9af6dae71db8520773160b.txt,pic-244,val,640,640,False,True
pothole,Pothole_Segmentation_YOLOv8/train/images/pic-244-_jpg.rf.7ebc863c89590ff2a83f607dcbc68e34.jpg,Pothole_Segmentation_YOLOv8/train/labels/pic-244-_jpg.rf.7ebc863c89590ff2a83f607dcbc68e34.txt,pic-244,val,640,640,False,True
pothole,Pothole_Segmentation_YOLOv8/train/images/pic-244-_jpg.rf.9beb79771a7b6709183e6cca511ff830.jpg,Pothole_Segmentation_YOLOv8/train/labels/pic-244-_jpg.rf.9beb79771a7b6709183e6cca511ff830.txt,pic-244,val,640,640,False,True
pothole,Pothole_Segmentation_YOLOv8/train/images/pic-245-_jpg.rf.17df77133740bc613a4696554928cd5c.jpg,Pothole_Segmentation_YOLOv8/train/labels/pic-245-_jpg.rf.17df77133740bc613a4696554928cd5c.txt,pic-245,train,640,640,False,True
pothole,Pothole_Segmentation_YOLOv8/train/images/pic-245-_jpg.rf.9e660e4d87ccc3b8a3bb1d2bf2745aa8.jpg,Pothole_Segmentation_YOLOv8/train/labels/pic-245-_jpg.rf.9e660e4d87ccc3b8a3bb1d2bf2745aa8.txt,pic-245,train,640,640,False,True
pothole,Pothole_Segmentation_YOLOv8/train/images/pic-245-_jpg.rf.f64415f2a4f04934c63eb9e6ddc58b03.jpg,Pothole_Segmentation_YOLOv8/train/labels/pic-245-_jpg.rf.f64415f2a4f04934c63eb9e6ddc58b03.txt,pic-245,train,640,640,False,True
pothole,Pothole_Segmentation_YOLOv8/train/images/pic-246-_jpg.rf.554ed8a1140e2e47539b5825358f3491.jpg,Pothole_Segmentation_YOLOv8/train/labels/pic-246-_jpg.rf.554ed8a1140e2e47539b5825358f3491.txt,pic-246,train,640,640,False,True
pothole,Pothole_Segmentation_YOLOv8/train/images/pic-246-_jpg.rf.7b2fd4f45f1134c636d1a6fe51744d46.jpg,Pothole_Segmentation_YOLOv8/train/labels/pic-246-_jpg.rf.7b2fd4f45f1134c636d1a6fe51744d46.txt,pic-246,train,640,640,False,True
pothole,Pothole_Segmentation_YOLOv8/train/images/pic-246-_jpg.rf.93663c16c298ed591b91eadfc6e144ae.jpg,Pothole_Segmentation_YOLOv8/train/labels/pic-246-_jpg.rf.93663c16c298ed591b91eadfc6e144ae.txt,pic-246,train,640,640,False,True
pothole,Pothole_Segmentation_YOLOv8/train/images/pic-247-_jpg.rf.0f4643d64aafaa72e5e291cb8bdfae57.jpg,Pothole_Segmentation_YOLOv8/train/labels/pic-247-_jpg.rf.0f4643d64aafaa72e5e291cb8bdfae57.txt,pic-247,train,640,640,False,True
pothole,Pothole_Segmentation_YOLOv8/train/images/pic-247-_jpg.rf.5b9be4976067ff481a06a5d7f1916133.jpg,Pothole_Segmentation_YOLOv8/train/labels/pic-247-_jpg.rf.5b9be4976067ff481a06a5d7f1916133.txt,pic-247,train,640,640,False,True
pothole,Pothole_Segmentation_YOLOv8/train/images/pic-247-_jpg.rf.cbf21b0811a22af9d7b2ebaffbd1d938.jpg,Pothole_Segmentation_YOLOv8/train/labels/pic-247-_jpg.rf.cbf21b0811a22af9d7b2ebaffbd1d938.txt,pic-247,train,640,640,False,True
pothole,Pothole_Segmentation_YOLOv8/train/images/pic-248-_jpg.rf.a3cbf0b1296da7cd3ea5d46525c3b5ad.jpg,Pothole_Segmentation_YOLOv8/train/labels/pic-248-_jpg.rf.a3cbf0b1296da7cd3ea5d46525c3b5ad.txt,pic-248,train,640,640,False,True
pothole,Pothole_Segmentation_YOLOv8/train/images/pic-248-_jpg.rf.a889a66f2a2a27646c6d2102e5b2fb17.jpg,Pothole_Segmentation_YOLOv8/train/labels/pic-248-_jpg.rf.a889a66f2a2a27646c6d2102e5b2fb17.txt,pic-248,train,640,640,False,True
pothole,Pothole_Segmentation_YOLOv8/train/images/pic-248-_jpg.rf.b57094138ac0e7270328a9956b2f616e.jpg,Pothole_Segmentation_YOLOv8/train/labels/pic-248-_jpg.rf.b57094138ac0e7270328a9956b2f616e.txt,pic-248,train,640,640,False,True
pothole,Pothole_Segmentation_YOLOv8/train/images/pic-249-_jpg.rf.2909e1821a38907edf8d4f9d87cfa7fa.jpg,Pothole_Segmentation_YOLOv8/train/labels/pic-249-_jpg.rf.2909e1821a38907edf8d4f9d87cfa7fa.txt,pic-249,train,640,640,False,True
pothole,Pothole_Segmentation_YOLOv8/train/images/pic-249-_jpg.rf.6184619642f841a8598f0fee9f9cb770.jpg,Pothole_Segmentation_YOLOv8/train/labels/pic-249-_jpg.rf.6184619642f841a8598f0fee9f9cb770.txt,pic-249,train,640,640,False,True
pothole,Pothole_Segmentation_YOLOv8/train/images/pic-249-_jpg.rf.6e835a0b390d9b7815c33f5834b17a42.jpg,Pothole_Segmentation_YOLOv8/train/labels/pic-249-_jpg.rf.6e835a0b390d9b7815c33f5834b17a42.txt,pic-249,train,640,640,False,True
pothole,Pothole_Segmentation_YOLOv8/train/images/pic-25-_jpg.rf.0c7a3fd9a3840f28576edfe095f5b2c8.jpg,Pothole_Segmentation_YOLOv8/train/labels/pic-25-_jpg.rf.0c7a3fd9a3840f28576edfe095f5b2c8.txt,pic-25,val,640,640,False,True
pothole,Pothole_Segmentation_YOLOv8/train/images/pic-25-_jpg.rf.2d988998b2a995bdee0f0282803e4801.jpg,Pothole_Segmentation_YOLOv8/train/labels/pic-25-_jpg.rf.2d988998b2a995bdee0f0282803e4801.txt,pic-25,val,640,640,False,True
pothole,Pothole_Segmentation_YOLOv8/train/images/pic-25-_jpg.rf.deadb4c9f8357cd2f7d51f91cb1da866.jpg,Pothole_Segmentation_YOLOv8/train/labels/pic-25-_jpg.rf.deadb4c9f8357cd2f7d51f91cb1da866.txt,pic-25,val,640,640,False,True
pothole,Pothole_Segmentation_YOLOv8/train/images/pic-250-_jpg.rf.90193421f8c21ded95e0cbf404f513dd.jpg,Pothole_Segmentation_YOLOv8/train/labels/pic-250-_jpg.rf.90193421f8c21ded95e0cbf404f513dd.txt,pic-250,train,640,640,False,True
pothole,Pothole_Segmentation_YOLOv8/train/images/pic-250-_jpg.rf.a3ea467a7cc80896f04d44bea680785d.jpg,Pothole_Segmentation_YOLOv8/train/labels/pic-250-_jpg.rf.a3ea467a7cc80896f04d44bea680785d.txt,pic-250,train,640,640,False,True
pothole,Pothole_Segmentation_YOLOv8/train/images/pic-250-_jpg.rf.fa08a66eed53518165efed59a5ab8eb4.jpg,Pothole_Segmentation_YOLOv8/train/labels/pic-250-_jpg.rf.fa08a66eed53518165efed59a5ab8eb4.txt,pic-250,train,640,640,False,True
pothole,Pothole_Segmentation_YOLOv8/train/images/pic-251-_jpg.rf.2fdb4a020ffa343ae74099d9d2876c41.jpg,Pothole_Segmentation_YOLOv8/train/labels/pic-251-_jpg.rf.2fdb4a020ffa343ae74099d9d2876c41.txt,pic-251,train,640,640,False,True
pothole,Pothole_Segmentation_YOLOv8/train/images/pic-251-_jpg.rf.38a2bdb803b4ab772ebd6e40119129f8.jpg,Pothole_Segmentation_YOLOv8/train/labels/pic-251-_jpg.rf.38a2bdb803b4ab772ebd6e40119129f8.txt,pic-251,train,640,640,False,True
pothole,Pothole_Segmentation_YOLOv8/train/images/pic-251-_jpg.rf.9841cb1e9b954b905fb2c6573c987199.jpg,Pothole_Segmentation_YOLOv8/train/labels/pic-251-_jpg.rf.9841cb1e9b954b905fb2c6573c987199.txt,pic-251,train,640,640,False,True
pothole,Pothole_Segmentation_YOLOv8/train/images/pic-252-_jpg.rf.1d994545861b8acd262681fa0d99058b.jpg,Pothole_Segmentation_YOLOv8/train/labels/pic-252-_jpg.rf.1d994545861b8acd262681fa0d99058b.txt,pic-252,train,640,640,False,True
pothole,Pothole_Segmentation_YOLOv8/train/images/pic-252-_jpg.rf.60c38b7dd52f66a6bf7fd05386915aef.jpg,Pothole_Segmentation_YOLOv8/train/labels/pic-252-_jpg.rf.60c38b7dd52f66a6bf7fd05386915aef.txt,pic-252,train,640,640,False,True
pothole,Pothole_Segmentation_YOLOv8/train/images/pic-252-_jpg.rf.9cb2afb0020b7d0e4220ed2f05fc3014.jpg,Pothole_Segmentation_YOLOv8/train/labels/pic-252-_jpg.rf.9cb2afb0020b7d0e4220ed2f05fc3014.txt,pic-252,train,640,640,False,True
pothole,Pothole_Segmentation_YOLOv8/train/images/pic-253-_jpg.rf.1ddbaa9733534658408a1a14372ef0b9.jpg,Pothole_Segmentation_YOLOv8/train/labels/pic-253-_jpg.rf.1ddbaa9733534658408a1a14372ef0b9.txt,pic-253,train,640,640,False,True
pothole,Pothole_Segmentation_YOLOv8/train/images/pic-253-_jpg.rf.2d65914b2455aaeff16e8ef4321a9ae2.jpg,Pothole_Segmentation_YOLOv8/train/labels/pic-253-_jpg.rf.2d65914b2455aaeff16e8ef4321a9ae2.txt,pic-253,train,640,640,False,True
pothole,Pothole_Segmentation_YOLOv8/train/images/pic-253-_jpg.rf.fe9146427e9147a64aa2edd89579fa80.jpg,Pothole_Segmentation_YOLOv8/train/labels/pic-253-_jpg.rf.fe9146427e9147a64aa2edd89579fa80.txt,pic-253,train,640,640,False,True
pothole,Pothole_Segmentation_YOLOv8/train/images/pic-255-_jpg.rf.58d537e75af0a9fe40651c5c9e5c6f10.jpg,Pothole_Segmentation_YOLOv8/train/labels/pic-255-_jpg.rf.58d537e75af0a9fe40651c5c9e5c6f10.txt,pic-255,train,640,640,False,True
pothole,Pothole_Segmentation_YOLOv8/train/images/pic-255-_jpg.rf.5b8acd3a5f571d5d7e245e1f950b92cc.jpg,Pothole_Segmentation_YOLOv8/train/labels/pic-255-_jpg.rf.5b8acd3a5f571d5d7e245e1f950b92cc.txt,pic-255,train,640,640,False,True
pothole,Pothole_Segmentation_YOLOv8/train/images/pic-255-_jpg.rf.93cf2350f3e2eb8b0e28c90904582e06.jpg,Pothole_Segmentation_YOLOv8/train/labels/pic-255-_jpg.rf.93cf2350f3e2eb8b0e28c90904582e06.txt,pic-255,train,640,640,False,True
pothole,Pothole_Segmentation_YOLOv8/train/images/pic-256-_jpg.rf.7019bcfb7ed85d62a0068bb4d90894d6.jpg,Pothole_Segmentation_YOLOv8/train/labels/pic-256-_jpg.rf.7019bcfb7ed85d62a0068bb4d90894d6.txt,pic-256,train,640,640,False,True
pothole,Pothole_Segmentation_YOLOv8/train/images/pic-256-_jpg.rf.aa2fce633443ee1d8c81896a8ea32dae.jpg,Pothole_Segmentation_YOLOv8/train/labels/pic-256-_jpg.rf.aa2fce633443ee1d8c81896a8ea32dae.txt,pic-256,train,640,640,False,True
pothole,Pothole_Segmentation_YOLOv8/train/images/pic-256-_jpg.rf.e7df3aab64f144506e0d276e972a5f73.jpg,Pothole_Segmentation_YOLOv8/train/labels/pic-256-_jpg.rf.e7df3aab64f144506e0d276e972a5f73.txt,pic-256,train,640,640,False,True
pothole,Pothole_Segmentation_YOLOv8/train/images/pic-258-_jpg.rf.5dc1fecc0c1bd209ca05c88618583504.jpg,Pothole_Segmentation_YOLOv8/train/labels/pic-258-_jpg.rf.5dc1fecc0c1bd209ca05c88618583504.txt,pic-258,train,640,640,False,True
pothole,Pothole_Segmentation_YOLOv8/train/images/pic-258-_jpg.rf.821cd6dd9ff8fdcc6286183f5688755a.jpg,Pothole_Segmentation_YOLOv8/train/labels/pic-258-_jpg.rf.821cd6dd9ff8fdcc6286183f5688755a.txt,pic-258,train,640,640,False,True
pothole,Pothole_Segmentation_YOLOv8/train/images/pic-258-_jpg.rf.fcdd3609bc1d58a34086a5a3e6ce2097.jpg,Pothole_Segmentation_YOLOv8/train/labels/pic-258-_jpg.rf.fcdd3609bc1d58a34086a5a3e6ce2097.txt,pic-258,train,640,640,False,True
pothole,Pothole_Segmentation_YOLOv8/train/images/pic-259-_jpg.rf.47ec4246b71311c95725c8e5c02049a3.jpg,Pothole_Segmentation_YOLOv8/train/labels/pic-259-_jpg.rf.47ec4246b71311c95725c8e5c02049a3.txt,pic-259,val,640,640,False,True
pothole,Pothole_Segmentation_YOLOv8/train/images/pic-259-_jpg.rf.4a53c38246579af08ffa2398e0d809aa.jpg,Pothole_Segmentation_YOLOv8/train/labels/pic-259-_jpg.rf.4a53c38246579af08ffa2398e0d809aa.txt,pic-259,val,640,640,False,True
pothole,Pothole_Segmentation_YOLOv8/train/images/pic-259-_jpg.rf.d407eb770f6e539c7d1021089da068bc.jpg,Pothole_Segmentation_YOLOv8/train/labels/pic-259-_jpg.rf.d407eb770f6e539c7d1021089da068bc.txt,pic-259,val,640,640,False,True
pothole,Pothole_Segmentation_YOLOv8/train/images/pic-26-_jpg.rf.50fba6db0c31398bb0ad36b22f1cf88f.jpg,Pothole_Segmentation_YOLOv8/train/labels/pic-26-_jpg.rf.50fba6db0c31398bb0ad36b22f1cf88f.txt,pic-26,train,640,640,False,True
pothole,Pothole_Segmentation_YOLOv8/train/images/pic-26-_jpg.rf.9be8ea96b8bb643747babec0e006e3a8.jpg,Pothole_Segmentation_YOLOv8/train/labels/pic-26-_jpg.rf.9be8ea96b8bb643747babec0e006e3a8.txt,pic-26,train,640,640,False,True
pothole,Pothole_Segmentation_YOLOv8/train/images/pic-26-_jpg.rf.cd93dd54b669257758fd0cdafe4f0032.jpg,Pothole_Segmentation_YOLOv8/train/labels/pic-26-_jpg.rf.cd93dd54b669257758fd0cdafe4f0032.txt,pic-26,train,640,640,False,True
pothole,Pothole_Segmentation_YOLOv8/train/images/pic-260-_jpg.rf.3af45c18af9183dbab32f9e489034912.jpg,Pothole_Segmentation_YOLOv8/train/labels/pic-260-_jpg.rf.3af45c18af9183dbab32f9e489034912.txt,pic-260,train,640,640,False,True
pothole,Pothole_Segmentation_YOLOv8/train/images/pic-260-_jpg.rf.76bee172574bbacef55e6935f031bf20.jpg,Pothole_Segmentation_YOLOv8/train/labels/pic-260-_jpg.rf.76bee172574bbacef55e6935f031bf20.txt,pic-260,train,640,640,False,True
pothole,Pothole_Segmentation_YOLOv8/train/images/pic-260-_jpg.rf.b88fd61a801b35b27593f7fcbfed4f1b.jpg,Pothole_Segmentation_YOLOv8/train/labels/pic-260-_jpg.rf.b88fd61a801b35b27593f7fcbfed4f1b.txt,pic-260,train,640,640,False,True
pothole,Pothole_Segmentation_YOLOv8/train/images/pic-261-_jpg.rf.2b6a7b01bb03728cc1c166db16e462e5.jpg,Pothole_Segmentation_YOLOv8/train/labels/pic-261-_jpg.rf.2b6a7b01bb03728cc1c166db16e462e5.txt,pic-261,train,640,640,False,True
pothole,Pothole_Segmentation_YOLOv8/train/images/pic-261-_jpg.rf.998892ecacb90555cc17a10e7717e639.jpg,Pothole_Segmentation_YOLOv8/train/labels/pic-261-_jpg.rf.998892ecacb90555cc17a10e7717e639.txt,pic-261,train,640,640,False,True
pothole,Pothole_Segmentation_YOLOv8/train/images/pic-261-_jpg.rf.a966d2dffd8b171b302656a73d5b9d35.jpg,Pothole_Segmentation_YOLOv8/train/labels/pic-261-_jpg.rf.a966d2dffd8b171b302656a73d5b9d35.txt,pic-261,train,640,640,False,True
pothole,Pothole_Segmentation_YOLOv8/train/images/pic-264-_jpg.rf.1d9a2cc87b0162c31ffde047cca87a81.jpg,Pothole_Segmentation_YOLOv8/train/labels/pic-264-_jpg.rf.1d9a2cc87b0162c31ffde047cca87a81.txt,pic-264,train,640,640,False,True
pothole,Pothole_Segmentation_YOLOv8/train/images/pic-264-_jpg.rf.6219b6cecf8a84cc4bd3139144ade94f.jpg,Pothole_Segmentation_YOLOv8/train/labels/pic-264-_jpg.rf.6219b6cecf8a84cc4bd3139144ade94f.txt,pic-264,train,640,640,False,True
pothole,Pothole_Segmentation_YOLOv8/train/images/pic-264-_jpg.rf.b1224cd0b28b41a38580f8f73315e5be.jpg,Pothole_Segmentation_YOLOv8/train/labels/pic-264-_jpg.rf.b1224cd0b28b41a38580f8f73315e5be.txt,pic-264,train,640,640,False,True
pothole,Pothole_Segmentation_YOLOv8/train/images/pic-265-_jpg.rf.4c610d0dfdc177368e2334a82ff5513a.jpg,Pothole_Segmentation_YOLOv8/train/labels/pic-265-_jpg.rf.4c610d0dfdc177368e2334a82ff5513a.txt,pic-265,train,640,640,False,True
pothole,Pothole_Segmentation_YOLOv8/train/images/pic-265-_jpg.rf.55be0618279efba17a40682b25ec9fab.jpg,Pothole_Segmentation_YOLOv8/train/labels/pic-265-_jpg.rf.55be0618279efba17a40682b25ec9fab.txt,pic-265,train,640,640,False,True
pothole,Pothole_Segmentation_YOLOv8/train/images/pic-265-_jpg.rf.98e8661b5363f6c6bcf399738c291cf2.jpg,Pothole_Segmentation_YOLOv8/train/labels/pic-265-_jpg.rf.98e8661b5363f6c6bcf399738c291cf2.txt,pic-265,train,640,640,False,True
pothole,Pothole_Segmentation_YOLOv8/train/images/pic-266-_jpg.rf.43407daa6e772a254285f6bf1098a9b2.jpg,Pothole_Segmentation_YOLOv8/train/labels/pic-266-_jpg.rf.43407daa6e772a254285f6bf1098a9b2.txt,pic-266,train,640,640,False,True
pothole,Pothole_Segmentation_YOLOv8/train/images/pic-266-_jpg.rf.5924896fbc8c112511de0c67db59435b.jpg,Pothole_Segmentation_YOLOv8/train/labels/pic-266-_jpg.rf.5924896fbc8c112511de0c67db59435b.txt,pic-266,train,640,640,False,True
pothole,Pothole_Segmentation_YOLOv8/train/images/pic-266-_jpg.rf.97039c9e51a9baa0832be4ebd044110d.jpg,Pothole_Segmentation_YOLOv8/train/labels/pic-266-_jpg.rf.97039c9e51a9baa0832be4ebd044110d.txt,pic-266,train,640,640,False,True
pothole,Pothole_Segmentation_YOLOv8/train/images/pic-267-_jpg.rf.4e80309c7e97b759c02f198b4f8258e0.jpg,Pothole_Segmentation_YOLOv8/train/labels/pic-267-_jpg.rf.4e80309c7e97b759c02f198b4f8258e0.txt,pic-267,train,640,640,False,True
pothole,Pothole_Segmentation_YOLOv8/train/images/pic-267-_jpg.rf.9bb1142dec3532e4e8b716d3a438ac05.jpg,Pothole_Segmentation_YOLOv8/train/labels/pic-267-_jpg.rf.9bb1142dec3532e4e8b716d3a438ac05.txt,pic-267,train,640,640,False,True
pothole,Pothole_Segmentation_YOLOv8/train/images/pic-267-_jpg.rf.a52b175e07343220015b707b9886e0e1.jpg,Pothole_Segmentation_YOLOv8/train/labels/pic-267-_jpg.rf.a52b175e07343220015b707b9886e0e1.txt,pic-267,train,640,640,False,True
pothole,Pothole_Segmentation_YOLOv8/train/images/pic-268-_jpg.rf.323d61640ba6fcc13042b787260e36bb.jpg,Pothole_Segmentation_YOLOv8/train/labels/pic-268-_jpg.rf.323d61640ba6fcc13042b787260e36bb.txt,pic-268,train,640,640,False,True
pothole,Pothole_Segmentation_YOLOv8/train/images/pic-268-_jpg.rf.87ee237323b54bf65900f2fe8742e27b.jpg,Pothole_Segmentation_YOLOv8/train/labels/pic-268-_jpg.rf.87ee237323b54bf65900f2fe8742e27b.txt,pic-268,train,640,640,False,True
pothole,Pothole_Segmentation_YOLOv8/train/images/pic-268-_jpg.rf.c49fc76803dd19f43665c0ced1377750.jpg,Pothole_Segmentation_YOLOv8/train/labels/pic-268-_jpg.rf.c49fc76803dd19f43665c0ced1377750.txt,pic-268,train,640,640,False,True
pothole,Pothole_Segmentation_YOLOv8/train/images/pic-272-_jpg.rf.002253fdb0ed4584e018df6ffa261117.jpg,Pothole_Segmentation_YOLOv8/train/labels/pic-272-_jpg.rf.002253fdb0ed4584e018df6ffa261117.txt,pic-272,val,640,640,False,True
pothole,Pothole_Segmentation_YOLOv8/train/images/pic-272-_jpg.rf.0a7c7409d5dc54a17f739f3fcc1dfbfb.jpg,Pothole_Segmentation_YOLOv8/train/labels/pic-272-_jpg.rf.0a7c7409d5dc54a17f739f3fcc1dfbfb.txt,pic-272,val,640,640,False,True
pothole,Pothole_Segmentation_YOLOv8/train/images/pic-272-_jpg.rf.9c136160d287bbdaaaa5e6027f75ba97.jpg,Pothole_Segmentation_YOLOv8/train/labels/pic-272-_jpg.rf.9c136160d287bbdaaaa5e6027f75ba97.txt,pic-272,val,640,640,False,True
pothole,Pothole_Segmentation_YOLOv8/train/images/pic-274-_jpg.rf.46a9e2047dced3e94c4fa2aab121859b.jpg,Pothole_Segmentation_YOLOv8/train/labels/pic-274-_jpg.rf.46a9e2047dced3e94c4fa2aab121859b.txt,pic-274,train,640,640,False,True
pothole,Pothole_Segmentation_YOLOv8/train/images/pic-274-_jpg.rf.5205af7f7d0021ecd8ac84b895d7be99.jpg,Pothole_Segmentation_YOLOv8/train/labels/pic-274-_jpg.rf.5205af7f7d0021ecd8ac84b895d7be99.txt,pic-274,train,640,640,False,True
pothole,Pothole_Segmentation_YOLOv8/train/images/pic-274-_jpg.rf.ce4479c25a7c7d6c8b8d001c488a4f6d.jpg,Pothole_Segmentation_YOLOv8/train/labels/pic-274-_jpg.rf.ce4479c25a7c7d6c8b8d001c488a4f6d.txt,pic-274,train,640,640,False,True
pothole,Pothole_Segmentation_YOLOv8/train/images/pic-275-_jpg.rf.98225472f61e9de4245a1da0fc036230.jpg,Pothole_Segmentation_YOLOv8/train/labels/pic-275-_jpg.rf.98225472f61e9de4245a1da0fc036230.txt,pic-275,train,640,640,False,True
pothole,Pothole_Segmentation_YOLOv8/train/images/pic-275-_jpg.rf.cd2ef0884568491ec2ce61a16f085324.jpg,Pothole_Segmentation_YOLOv8/train/labels/pic-275-_jpg.rf.cd2ef0884568491ec2ce61a16f085324.txt,pic-275,train,640,640,False,True
pothole,Pothole_Segmentation_YOLOv8/train/images/pic-275-_jpg.rf.d21f3ba7cea2b4ce92516d08a7ea0c6d.jpg,Pothole_Segmentation_YOLOv8/train/labels/pic-275-_jpg.rf.d21f3ba7cea2b4ce92516d08a7ea0c6d.txt,pic-275,train,640,640,False,True
pothole,Pothole_Segmentation_YOLOv8/train/images/pic-276-_jpg.rf.792c2b69462ae79fca0cca74330fe0e7.jpg,Pothole_Segmentation_YOLOv8/train/labels/pic-276-_jpg.rf.792c2b69462ae79fca0cca74330fe0e7.txt,pic-276,train,640,640,False,True
pothole,Pothole_Segmentation_YOLOv8/train/images/pic-276-_jpg.rf.85ffbef727ecf81dbdc795cf0071fde4.jpg,Pothole_Segmentation_YOLOv8/train/labels/pic-276-_jpg.rf.85ffbef727ecf81dbdc795cf0071fde4.txt,pic-276,train,640,640,False,True
pothole,Pothole_Segmentation_YOLOv8/train/images/pic-276-_jpg.rf.8d4273fdb3b241213a5685129666cde6.jpg,Pothole_Segmentation_YOLOv8/train/labels/pic-276-_jpg.rf.8d4273fdb3b241213a5685129666cde6.txt,pic-276,train,640,640,False,True
pothole,Pothole_Segmentation_YOLOv8/train/images/pic-277-_jpg.rf.d1a4a881471530c27e8e6acefaae408d.jpg,Pothole_Segmentation_YOLOv8/train/labels/pic-277-_jpg.rf.d1a4a881471530c27e8e6acefaae408d.txt,pic-277,train,640,640,False,True
pothole,Pothole_Segmentation_YOLOv8/train/images/pic-277-_jpg.rf.e2e29a600dcb8450df911104cf88b38d.jpg,Pothole_Segmentation_YOLOv8/train/labels/pic-277-_jpg.rf.e2e29a600dcb8450df911104cf88b38d.txt,pic-277,train,640,640,False,True
pothole,Pothole_Segmentation_YOLOv8/train/images/pic-277-_jpg.rf.ec1e5c4b6a23a9196e33d1937e2fddcf.jpg,Pothole_Segmentation_YOLOv8/train/labels/pic-277-_jpg.rf.ec1e5c4b6a23a9196e33d1937e2fddcf.txt,pic-277,train,640,640,False,True
pothole,Pothole_Segmentation_YOLOv8/train/images/pic-278-_jpg.rf.102a71b41c699ef91c98ee9acb233241.jpg,Pothole_Segmentation_YOLOv8/train/labels/pic-278-_jpg.rf.102a71b41c699ef91c98ee9acb233241.txt,pic-278,train,640,640,False,True
pothole,Pothole_Segmentation_YOLOv8/train/images/pic-278-_jpg.rf.161161ebb6d47b347f2c6012b1c88898.jpg,Pothole_Segmentation_YOLOv8/train/labels/pic-278-_jpg.rf.161161ebb6d47b347f2c6012b1c88898.txt,pic-278,train,640,640,False,True
pothole,Pothole_Segmentation_YOLOv8/train/images/pic-278-_jpg.rf.81490c823fe0f5ba5fc351b36c4fab79.jpg,Pothole_Segmentation_YOLOv8/train/labels/pic-278-_jpg.rf.81490c823fe0f5ba5fc351b36c4fab79.txt,pic-278,train,640,640,False,True
pothole,Pothole_Segmentation_YOLOv8/train/images/pic-279-_jpg.rf.387d558e33ac4c0afd2b684708d66271.jpg,Pothole_Segmentation_YOLOv8/train/labels/pic-279-_jpg.rf.387d558e33ac4c0afd2b684708d66271.txt,pic-279,val,640,640,False,True
pothole,Pothole_Segmentation_YOLOv8/train/images/pic-279-_jpg.rf.aeb00c47b3179ead074b8f7b52971655.jpg,Pothole_Segmentation_YOLOv8/train/labels/pic-279-_jpg.rf.aeb00c47b3179ead074b8f7b52971655.txt,pic-279,val,640,640,False,True
pothole,Pothole_Segmentation_YOLOv8/train/images/pic-279-_jpg.rf.eb289e54650f25791d195ce8f1936cf8.jpg,Pothole_Segmentation_YOLOv8/train/labels/pic-279-_jpg.rf.eb289e54650f25791d195ce8f1936cf8.txt,pic-279,val,640,640,False,True
pothole,Pothole_Segmentation_YOLOv8/train/images/pic-280-_jpg.rf.1cfd00374439fd72effee65dee2cfbf3.jpg,Pothole_Segmentation_YOLOv8/train/labels/pic-280-_jpg.rf.1cfd00374439fd72effee65dee2cfbf3.txt,pic-280,train,640,640,False,True
pothole,Pothole_Segmentation_YOLOv8/train/images/pic-280-_jpg.rf.44efc10266e3c4cb78efde437755b21f.jpg,Pothole_Segmentation_YOLOv8/train/labels/pic-280-_jpg.rf.44efc10266e3c4cb78efde437755b21f.txt,pic-280,train,640,640,False,True
pothole,Pothole_Segmentation_YOLOv8/train/images/pic-280-_jpg.rf.a7c2022cd08be88cf40fb7473457b1bd.jpg,Pothole_Segmentation_YOLOv8/train/labels/pic-280-_jpg.rf.a7c2022cd08be88cf40fb7473457b1bd.txt,pic-280,train,640,640,False,True
pothole,Pothole_Segmentation_YOLOv8/train/images/pic-281-_jpg.rf.20f2248677b69cd0b78705416c578c8f.jpg,Pothole_Segmentation_YOLOv8/train/labels/pic-281-_jpg.rf.20f2248677b69cd0b78705416c578c8f.txt,pic-281,train,640,640,False,True
pothole,Pothole_Segmentation_YOLOv8/train/images/pic-281-_jpg.rf.364ad6841f1f703e567868636d3c5d9d.jpg,Pothole_Segmentation_YOLOv8/train/labels/pic-281-_jpg.rf.364ad6841f1f703e567868636d3c5d9d.txt,pic-281,train,640,640,False,True
pothole,Pothole_Segmentation_YOLOv8/train/images/pic-281-_jpg.rf.91f845ebe6009e9c3be546fa34f1fb62.jpg,Pothole_Segmentation_YOLOv8/train/labels/pic-281-_jpg.rf.91f845ebe6009e9c3be546fa34f1fb62.txt,pic-281,train,640,640,False,True
pothole,Pothole_Segmentation_YOLOv8/train/images/pic-282-_jpg.rf.0dbe6d0d6778748a85926379c5f2e9e2.jpg,Pothole_Segmentation_YOLOv8/train/labels/pic-282-_jpg.rf.0dbe6d0d6778748a85926379c5f2e9e2.txt,pic-282,train,640,640,False,True
pothole,Pothole_Segmentation_YOLOv8/train/images/pic-282-_jpg.rf.842cdce727f91b17dbe3c3da0eb40f53.jpg,Pothole_Segmentation_YOLOv8/train/labels/pic-282-_jpg.rf.842cdce727f91b17dbe3c3da0eb40f53.txt,pic-282,train,640,640,False,True
pothole,Pothole_Segmentation_YOLOv8/train/images/pic-282-_jpg.rf.f00b26bc9e0e6d37dfc28fb9dcca8d31.jpg,Pothole_Segmentation_YOLOv8/train/labels/pic-282-_jpg.rf.f00b26bc9e0e6d37dfc28fb9dcca8d31.txt,pic-282,train,640,640,False,True
pothole,Pothole_Segmentation_YOLOv8/train/images/pic-283-_jpg.rf.40eb24734e3476c926a4c70fd547500c.jpg,Pothole_Segmentation_YOLOv8/train/labels/pic-283-_jpg.rf.40eb24734e3476c926a4c70fd547500c.txt,pic-283,train,640,640,False,True
pothole,Pothole_Segmentation_YOLOv8/train/images/pic-283-_jpg.rf.c2b4badba5de7ededb5266fa40bff815.jpg,Pothole_Segmentation_YOLOv8/train/labels/pic-283-_jpg.rf.c2b4badba5de7ededb5266fa40bff815.txt,pic-283,train,640,640,False,True
pothole,Pothole_Segmentation_YOLOv8/train/images/pic-283-_jpg.rf.e5da98374205a9ad95cb1355a5d30d9a.jpg,Pothole_Segmentation_YOLOv8/train/labels/pic-283-_jpg.rf.e5da98374205a9ad95cb1355a5d30d9a.txt,pic-283,train,640,640,False,True
pothole,Pothole_Segmentation_YOLOv8/train/images/pic-284-_jpg.rf.123096f07316bdbbb775d4e0edbfcb5e.jpg,Pothole_Segmentation_YOLOv8/train/labels/pic-284-_jpg.rf.123096f07316bdbbb775d4e0edbfcb5e.txt,pic-284,train,640,640,False,True
pothole,Pothole_Segmentation_YOLOv8/train/images/pic-284-_jpg.rf.56d84fad76218d5963847d758616e653.jpg,Pothole_Segmentation_YOLOv8/train/labels/pic-284-_jpg.rf.56d84fad76218d5963847d758616e653.txt,pic-284,train,640,640,False,True
pothole,Pothole_Segmentation_YOLOv8/train/images/pic-284-_jpg.rf.684fdc990a5a35d7a5d296857475e65d.jpg,Pothole_Segmentation_YOLOv8/train/labels/pic-284-_jpg.rf.684fdc990a5a35d7a5d296857475e65d.txt,pic-284,train,640,640,False,True
pothole,Pothole_Segmentation_YOLOv8/train/images/pic-285-_jpg.rf.2bdafbee1a88e6d2a7fdf3367073e72e.jpg,Pothole_Segmentation_YOLOv8/train/labels/pic-285-_jpg.rf.2bdafbee1a88e6d2a7fdf3367073e72e.txt,pic-285,train,640,640,False,True
pothole,Pothole_Segmentation_YOLOv8/train/images/pic-285-_jpg.rf.c3f2aadaa48b640a80c3ab44e41ffb04.jpg,Pothole_Segmentation_YOLOv8/train/labels/pic-285-_jpg.rf.c3f2aadaa48b640a80c3ab44e41ffb04.txt,pic-285,train,640,640,False,True
pothole,Pothole_Segmentation_YOLOv8/train/images/pic-285-_jpg.rf.e85f33f618c8853f1b77a75be13c5a95.jpg,Pothole_Segmentation_YOLOv8/train/labels/pic-285-_jpg.rf.e85f33f618c8853f1b77a75be13c5a95.txt,pic-285,train,640,640,False,True
pothole,Pothole_Segmentation_YOLOv8/train/images/pic-286-_jpg.rf.51113a90d61bab00d4fe0edcd5e45d9b.jpg,Pothole_Segmentation_YOLOv8/train/labels/pic-286-_jpg.rf.51113a90d61bab00d4fe0edcd5e45d9b.txt,pic-286,val,640,640,False,True
pothole,Pothole_Segmentation_YOLOv8/train/images/pic-286-_jpg.rf.e2281030be53c236e0e2f7731df0f5b3.jpg,Pothole_Segmentation_YOLOv8/train/labels/pic-286-_jpg.rf.e2281030be53c236e0e2f7731df0f5b3.txt,pic-286,val,640,640,False,True
pothole,Pothole_Segmentation_YOLOv8/train/images/pic-286-_jpg.rf.e5f176bec46993c0c6cda6588e9d5ecf.jpg,Pothole_Segmentation_YOLOv8/train/labels/pic-286-_jpg.rf.e5f176bec46993c0c6cda6588e9d5ecf.txt,pic-286,val,640,640,False,True
pothole,Pothole_Segmentation_YOLOv8/train/images/pic-287-_jpg.rf.87156b9d129afc59b232dcc6247af143.jpg,Pothole_Segmentation_YOLOv8/train/labels/pic-287-_jpg.rf.87156b9d129afc59b232dcc6247af143.txt,pic-287,train,640,640,False,True
pothole,Pothole_Segmentation_YOLOv8/train/images/pic-287-_jpg.rf.9ebbae06b203eacb7891199e3ae03e78.jpg,Pothole_Segmentation_YOLOv8/train/labels/pic-287-_jpg.rf.9ebbae06b203eacb7891199e3ae03e78.txt,pic-287,train,640,640,False,True
pothole,Pothole_Segmentation_YOLOv8/train/images/pic-287-_jpg.rf.e2570badb95698d083c54eec726d833c.jpg,Pothole_Segmentation_YOLOv8/train/labels/pic-287-_jpg.rf.e2570badb95698d083c54eec726d833c.txt,pic-287,train,640,640,False,True
pothole,Pothole_Segmentation_YOLOv8/train/images/pic-289-_jpg.rf.3b5e34d314c7ded93c3733fce130b12a.jpg,Pothole_Segmentation_YOLOv8/train/labels/pic-289-_jpg.rf.3b5e34d314c7ded93c3733fce130b12a.txt,pic-289,train,640,640,False,True
pothole,Pothole_Segmentation_YOLOv8/train/images/pic-289-_jpg.rf.948fb2d38ed70096fb1c644ab1e89973.jpg,Pothole_Segmentation_YOLOv8/train/labels/pic-289-_jpg.rf.948fb2d38ed70096fb1c644ab1e89973.txt,pic-289,train,640,640,False,True
pothole,Pothole_Segmentation_YOLOv8/train/images/pic-289-_jpg.rf.b0bf8384c5c25bbefa58c5f1e0893b5d.jpg,Pothole_Segmentation_YOLOv8/train/labels/pic-289-_jpg.rf.b0bf8384c5c25bbefa58c5f1e0893b5d.txt,pic-289,train,640,640,False,True
pothole,Pothole_Segmentation_YOLOv8/train/images/pic-29-_jpg.rf.5220d64d0af700ca8a131e4a7015591a.jpg,Pothole_Segmentation_YOLOv8/train/labels/pic-29-_jpg.rf.5220d64d0af700ca8a131e4a7015591a.txt,pic-29,train,640,640,False,True
pothole,Pothole_Segmentation_YOLOv8/train/images/pic-29-_jpg.rf.56803c885d93883808e18e5177fb7bfc.jpg,Pothole_Segmentation_YOLOv8/train/labels/pic-29-_jpg.rf.56803c885d93883808e18e5177fb7bfc.txt,pic-29,train,640,640,False,True
pothole,Pothole_Segmentation_YOLOv8/train/images/pic-29-_jpg.rf.75b74368c26af7be08174514a5e86a35.jpg,Pothole_Segmentation_YOLOv8/train/labels/pic-29-_jpg.rf.75b74368c26af7be08174514a5e86a35.txt,pic-29,train,640,640,False,True
pothole,Pothole_Segmentation_YOLOv8/train/images/pic-293-_jpg.rf.152a3d1b716ce34ef95d003bf13d19e3.jpg,Pothole_Segmentation_YOLOv8/train/labels/pic-293-_jpg.rf.152a3d1b716ce34ef95d003bf13d19e3.txt,pic-293,train,640,640,False,True
pothole,Pothole_Segmentation_YOLOv8/train/images/pic-293-_jpg.rf.521af54aebbf6c4a9777b1a21b2aa1a6.jpg,Pothole_Segmentation_YOLOv8/train/labels/pic-293-_jpg.rf.521af54aebbf6c4a9777b1a21b2aa1a6.txt,pic-293,train,640,640,False,True
pothole,Pothole_Segmentation_YOLOv8/train/images/pic-293-_jpg.rf.a9b5278454dd0e6b846f8f5b345c8c0a.jpg,Pothole_Segmentation_YOLOv8/train/labels/pic-293-_jpg.rf.a9b5278454dd0e6b846f8f5b345c8c0a.txt,pic-293,train,640,640,False,True
pothole,Pothole_Segmentation_YOLOv8/train/images/pic-294-_jpg.rf.03cbcc554416b49037040fba4614781a.jpg,Pothole_Segmentation_YOLOv8/train/labels/pic-294-_jpg.rf.03cbcc554416b49037040fba4614781a.txt,pic-294,train,640,640,False,True
pothole,Pothole_Segmentation_YOLOv8/train/images/pic-294-_jpg.rf.1de461b1d76feb49d4f027f59f73b1ff.jpg,Pothole_Segmentation_YOLOv8/train/labels/pic-294-_jpg.rf.1de461b1d76feb49d4f027f59f73b1ff.txt,pic-294,train,640,640,False,True
pothole,Pothole_Segmentation_YOLOv8/train/images/pic-294-_jpg.rf.a69a7de19ef308ef7ee254d1016bbc97.jpg,Pothole_Segmentation_YOLOv8/train/labels/pic-294-_jpg.rf.a69a7de19ef308ef7ee254d1016bbc97.txt,pic-294,train,640,640,False,True
pothole,Pothole_Segmentation_YOLOv8/train/images/pic-295-_jpg.rf.a8c2971b57a19e0180c662e4263aa9b5.jpg,Pothole_Segmentation_YOLOv8/train/labels/pic-295-_jpg.rf.a8c2971b57a19e0180c662e4263aa9b5.txt,pic-295,train,640,640,False,True
pothole,Pothole_Segmentation_YOLOv8/train/images/pic-295-_jpg.rf.d32464e992476781dea9e98988a24869.jpg,Pothole_Segmentation_YOLOv8/train/labels/pic-295-_jpg.rf.d32464e992476781dea9e98988a24869.txt,pic-295,train,640,640,False,True
pothole,Pothole_Segmentation_YOLOv8/train/images/pic-295-_jpg.rf.f66059d5449c804a491dfe941e69a338.jpg,Pothole_Segmentation_YOLOv8/train/labels/pic-295-_jpg.rf.f66059d5449c804a491dfe941e69a338.txt,pic-295,train,640,640,False,True
pothole,Pothole_Segmentation_YOLOv8/train/images/pic-296-_jpg.rf.4842e778156eb9f2ba5cf237fe3e4a62.jpg,Pothole_Segmentation_YOLOv8/train/labels/pic-296-_jpg.rf.4842e778156eb9f2ba5cf237fe3e4a62.txt,pic-296,train,640,640,False,True
pothole,Pothole_Segmentation_YOLOv8/train/images/pic-296-_jpg.rf.71c7e5d6a9c5da8e4043d68da5539b8e.jpg,Pothole_Segmentation_YOLOv8/train/labels/pic-296-_jpg.rf.71c7e5d6a9c5da8e4043d68da5539b8e.txt,pic-296,train,640,640,False,True
pothole,Pothole_Segmentation_YOLOv8/train/images/pic-296-_jpg.rf.8761505829f0631199e1d3daa72bea42.jpg,Pothole_Segmentation_YOLOv8/train/labels/pic-296-_jpg.rf.8761505829f0631199e1d3daa72bea42.txt,pic-296,train,640,640,False,True
pothole,Pothole_Segmentation_YOLOv8/train/images/pic-297-_jpg.rf.1d4e40786715d3c83bace206f962c042.jpg,Pothole_Segmentation_YOLOv8/train/labels/pic-297-_jpg.rf.1d4e40786715d3c83bace206f962c042.txt,pic-297,train,640,640,False,True
pothole,Pothole_Segmentation_YOLOv8/train/images/pic-297-_jpg.rf.72ed26dca533a7e479c08103a5569c8f.jpg,Pothole_Segmentation_YOLOv8/train/labels/pic-297-_jpg.rf.72ed26dca533a7e479c08103a5569c8f.txt,pic-297,train,640,640,False,True
pothole,Pothole_Segmentation_YOLOv8/train/images/pic-297-_jpg.rf.84f5afae7a869cf8e987823d48ac52ea.jpg,Pothole_Segmentation_YOLOv8/train/labels/pic-297-_jpg.rf.84f5afae7a869cf8e987823d48ac52ea.txt,pic-297,train,640,640,False,True
pothole,Pothole_Segmentation_YOLOv8/train/images/pic-298-_jpg.rf.58b2ce2cbcbc68eb15a507b2cf8643e2.jpg,Pothole_Segmentation_YOLOv8/train/labels/pic-298-_jpg.rf.58b2ce2cbcbc68eb15a507b2cf8643e2.txt,pic-298,train,640,640,False,True
pothole,Pothole_Segmentation_YOLOv8/train/images/pic-298-_jpg.rf.cd5aa1c41d3e62814135dde19300f171.jpg,Pothole_Segmentation_YOLOv8/train/labels/pic-298-_jpg.rf.cd5aa1c41d3e62814135dde19300f171.txt,pic-298,train,640,640,False,True
pothole,Pothole_Segmentation_YOLOv8/train/images/pic-298-_jpg.rf.eb89bc0d42a73c41261305e01a9138f8.jpg,Pothole_Segmentation_YOLOv8/train/labels/pic-298-_jpg.rf.eb89bc0d42a73c41261305e01a9138f8.txt,pic-298,train,640,640,False,True
pothole,Pothole_Segmentation_YOLOv8/train/images/pic-299-_jpg.rf.b9479d0a39352215db193b6877e389ff.jpg,Pothole_Segmentation_YOLOv8/train/labels/pic-299-_jpg.rf.b9479d0a39352215db193b6877e389ff.txt,pic-299,train,640,640,False,True
pothole,Pothole_Segmentation_YOLOv8/train/images/pic-299-_jpg.rf.d1996e7e3608d23e5111b7e3f95a5353.jpg,Pothole_Segmentation_YOLOv8/train/labels/pic-299-_jpg.rf.d1996e7e3608d23e5111b7e3f95a5353.txt,pic-299,train,640,640,False,True
pothole,Pothole_Segmentation_YOLOv8/train/images/pic-299-_jpg.rf.ffefe6a973c89146c61be0770eed07c3.jpg,Pothole_Segmentation_YOLOv8/train/labels/pic-299-_jpg.rf.ffefe6a973c89146c61be0770eed07c3.txt,pic-299,train,640,640,False,True
pothole,Pothole_Segmentation_YOLOv8/train/images/pic-3-_jpg.rf.17e79b0608bc082d9380d713fb69f5ef.jpg,Pothole_Segmentation_YOLOv8/train/labels/pic-3-_jpg.rf.17e79b0608bc082d9380d713fb69f5ef.txt,pic-3,train,640,640,False,True
pothole,Pothole_Segmentation_YOLOv8/train/images/pic-3-_jpg.rf.1f39da1d67e7044320a0a602d9819741.jpg,Pothole_Segmentation_YOLOv8/train/labels/pic-3-_jpg.rf.1f39da1d67e7044320a0a602d9819741.txt,pic-3,train,640,640,False,True
pothole,Pothole_Segmentation_YOLOv8/train/images/pic-3-_jpg.rf.9fea650aedf412fa2559d06c40de20b9.jpg,Pothole_Segmentation_YOLOv8/train/labels/pic-3-_jpg.rf.9fea650aedf412fa2559d06c40de20b9.txt,pic-3,train,640,640,False,True
pothole,Pothole_Segmentation_YOLOv8/train/images/pic-30-_jpg.rf.370eca9f98e828703d153a162dba5233.jpg,Pothole_Segmentation_YOLOv8/train/labels/pic-30-_jpg.rf.370eca9f98e828703d153a162dba5233.txt,pic-30,train,640,640,False,True
pothole,Pothole_Segmentation_YOLOv8/train/images/pic-30-_jpg.rf.50f47f18cb6f3fb3650fe72d391d9187.jpg,Pothole_Segmentation_YOLOv8/train/labels/pic-30-_jpg.rf.50f47f18cb6f3fb3650fe72d391d9187.txt,pic-30,train,640,640,False,True
pothole,Pothole_Segmentation_YOLOv8/train/images/pic-30-_jpg.rf.881c629f5ecaecfe726c74a522b8decb.jpg,Pothole_Segmentation_YOLOv8/train/labels/pic-30-_jpg.rf.881c629f5ecaecfe726c74a522b8decb.txt,pic-30,train,640,640,False,True
pothole,Pothole_Segmentation_YOLOv8/train/images/pic-300-_jpg.rf.3600a16f8f27cc0334db7f049f787eb1.jpg,Pothole_Segmentation_YOLOv8/train/labels/pic-300-_jpg.rf.3600a16f8f27cc0334db7f049f787eb1.txt,pic-300,train,640,640,False,True
pothole,Pothole_Segmentation_YOLOv8/train/images/pic-300-_jpg.rf.4ef818f9e780452ddfb899a2a2b6b03a.jpg,Pothole_Segmentation_YOLOv8/train/labels/pic-300-_jpg.rf.4ef818f9e780452ddfb899a2a2b6b03a.txt,pic-300,train,640,640,False,True
pothole,Pothole_Segmentation_YOLOv8/train/images/pic-300-_jpg.rf.84ff02582ef46f86d24bc848af4be07b.jpg,Pothole_Segmentation_YOLOv8/train/labels/pic-300-_jpg.rf.84ff02582ef46f86d24bc848af4be07b.txt,pic-300,train,640,640,False,True
pothole,Pothole_Segmentation_YOLOv8/train/images/pic-301-_jpg.rf.2b21a6093d6fa16efa900074dc3542cd.jpg,Pothole_Segmentation_YOLOv8/train/labels/pic-301-_jpg.rf.2b21a6093d6fa16efa900074dc3542cd.txt,pic-301,val,640,640,False,True
pothole,Pothole_Segmentation_YOLOv8/train/images/pic-301-_jpg.rf.821c1245c0e331fa2bf691e53b6d5d99.jpg,Pothole_Segmentation_YOLOv8/train/labels/pic-301-_jpg.rf.821c1245c0e331fa2bf691e53b6d5d99.txt,pic-301,val,640,640,False,True
pothole,Pothole_Segmentation_YOLOv8/train/images/pic-301-_jpg.rf.b5aea8cb48e0a04950551fd41e277ea6.jpg,Pothole_Segmentation_YOLOv8/train/labels/pic-301-_jpg.rf.b5aea8cb48e0a04950551fd41e277ea6.txt,pic-301,val,640,640,False,True
pothole,Pothole_Segmentation_YOLOv8/train/images/pic-302-_jpg.rf.37977cf11bbe714965571c19d72ffee0.jpg,Pothole_Segmentation_YOLOv8/train/labels/pic-302-_jpg.rf.37977cf11bbe714965571c19d72ffee0.txt,pic-302,train,640,640,False,True
pothole,Pothole_Segmentation_YOLOv8/train/images/pic-302-_jpg.rf.b78c512c8993fd44bdb300776d9dc3f4.jpg,Pothole_Segmentation_YOLOv8/train/labels/pic-302-_jpg.rf.b78c512c8993fd44bdb300776d9dc3f4.txt,pic-302,train,640,640,False,True
pothole,Pothole_Segmentation_YOLOv8/train/images/pic-302-_jpg.rf.d633fdb04731410dc8d1d1da15a1363a.jpg,Pothole_Segmentation_YOLOv8/train/labels/pic-302-_jpg.rf.d633fdb04731410dc8d1d1da15a1363a.txt,pic-302,train,640,640,False,True
pothole,Pothole_Segmentation_YOLOv8/train/images/pic-31-_jpg.rf.0940348a848c8c97f3fff9383cb3cdc8.jpg,Pothole_Segmentation_YOLOv8/train/labels/pic-31-_jpg.rf.0940348a848c8c97f3fff9383cb3cdc8.txt,pic-31,train,640,640,False,True
pothole,Pothole_Segmentation_YOLOv8/train/images/pic-31-_jpg.rf.1174887817ec51f80c793c0f75927824.jpg,Pothole_Segmentation_YOLOv8/train/labels/pic-31-_jpg.rf.1174887817ec51f80c793c0f75927824.txt,pic-31,train,640,640,False,True
pothole,Pothole_Segmentation_YOLOv8/train/images/pic-31-_jpg.rf.f773855cfccc522535461bb0d18add8a.jpg,Pothole_Segmentation_YOLOv8/train/labels/pic-31-_jpg.rf.f773855cfccc522535461bb0d18add8a.txt,pic-31,train,640,640,False,True
pothole,Pothole_Segmentation_YOLOv8/train/images/pic-318-_jpg.rf.2940a75b7dd32070029f18fa382ebdc5.jpg,Pothole_Segmentation_YOLOv8/train/labels/pic-318-_jpg.rf.2940a75b7dd32070029f18fa382ebdc5.txt,pic-318,train,640,640,False,True
pothole,Pothole_Segmentation_YOLOv8/train/images/pic-318-_jpg.rf.d35f113f002fcda07300a87c4953d158.jpg,Pothole_Segmentation_YOLOv8/train/labels/pic-318-_jpg.rf.d35f113f002fcda07300a87c4953d158.txt,pic-318,train,640,640,False,True
pothole,Pothole_Segmentation_YOLOv8/train/images/pic-318-_jpg.rf.fb982b0515cfdf43b2ced2b2b087b90d.jpg,Pothole_Segmentation_YOLOv8/train/labels/pic-318-_jpg.rf.fb982b0515cfdf43b2ced2b2b087b90d.txt,pic-318,train,640,640,False,True
pothole,Pothole_Segmentation_YOLOv8/train/images/pic-32-_jpg.rf.17b7362dd7e828ab11f01d0a23db3a50.jpg,Pothole_Segmentation_YOLOv8/train/labels/pic-32-_jpg.rf.17b7362dd7e828ab11f01d0a23db3a50.txt,pic-32,train,640,640,False,True
pothole,Pothole_Segmentation_YOLOv8/train/images/pic-32-_jpg.rf.4aea4d06478697bd7b70b72cd80d1546.jpg,Pothole_Segmentation_YOLOv8/train/labels/pic-32-_jpg.rf.4aea4d06478697bd7b70b72cd80d1546.txt,pic-32,train,640,640,False,True
pothole,Pothole_Segmentation_YOLOv8/train/images/pic-32-_jpg.rf.e9cd27fe43663beff58ee6e1f8f7f3d2.jpg,Pothole_Segmentation_YOLOv8/train/labels/pic-32-_jpg.rf.e9cd27fe43663beff58ee6e1f8f7f3d2.txt,pic-32,train,640,640,False,True
pothole,Pothole_Segmentation_YOLOv8/train/images/pic-34-_jpg.rf.3cc5232b879d313c05dc30ad7b066f99.jpg,Pothole_Segmentation_YOLOv8/train/labels/pic-34-_jpg.rf.3cc5232b879d313c05dc30ad7b066f99.txt,pic-34,train,640,640,False,True
pothole,Pothole_Segmentation_YOLOv8/train/images/pic-34-_jpg.rf.40b75b0e55a33c21bc33826831384287.jpg,Pothole_Segmentation_YOLOv8/train/labels/pic-34-_jpg.rf.40b75b0e55a33c21bc33826831384287.txt,pic-34,train,640,640,False,True
pothole,Pothole_Segmentation_YOLOv8/train/images/pic-34-_jpg.rf.add0f9e0bd6d5cd8a32bde8eac8b1c9f.jpg,Pothole_Segmentation_YOLOv8/train/labels/pic-34-_jpg.rf.add0f9e0bd6d5cd8a32bde8eac8b1c9f.txt,pic-34,train,640,640,False,True
pothole,Pothole_Segmentation_YOLOv8/train/images/pic-35-_jpg.rf.3a6cb54980b1b14196158b140c277034.jpg,Pothole_Segmentation_YOLOv8/train/labels/pic-35-_jpg.rf.3a6cb54980b1b14196158b140c277034.txt,pic-35,train,640,640,False,True
pothole,Pothole_Segmentation_YOLOv8/train/images/pic-35-_jpg.rf.d7c110298e8deb6c82e6a13278880bc1.jpg,Pothole_Segmentation_YOLOv8/train/labels/pic-35-_jpg.rf.d7c110298e8deb6c82e6a13278880bc1.txt,pic-35,train,640,640,False,True
pothole,Pothole_Segmentation_YOLOv8/train/images/pic-35-_jpg.rf.e87935b40ac72eeef1e183a1b784e3e9.jpg,Pothole_Segmentation_YOLOv8/train/labels/pic-35-_jpg.rf.e87935b40ac72eeef1e183a1b784e3e9.txt,pic-35,train,640,640,False,True
pothole,Pothole_Segmentation_YOLOv8/train/images/pic-37-_jpg.rf.141623e970a3b93aa37e180a3efb32b8.jpg,Pothole_Segmentation_YOLOv8/train/labels/pic-37-_jpg.rf.141623e970a3b93aa37e180a3efb32b8.txt,pic-37,train,640,640,False,True
pothole,Pothole_Segmentation_YOLOv8/train/images/pic-37-_jpg.rf.dbb4e5f29da50d7f69800bd02df7cd28.jpg,Pothole_Segmentation_YOLOv8/train/labels/pic-37-_jpg.rf.dbb4e5f29da50d7f69800bd02df7cd28.txt,pic-37,train,640,640,False,True
pothole,Pothole_Segmentation_YOLOv8/train/images/pic-37-_jpg.rf.fef279db67c02cffe5e03d2f062e76c7.jpg,Pothole_Segmentation_YOLOv8/train/labels/pic-37-_jpg.rf.fef279db67c02cffe5e03d2f062e76c7.txt,pic-37,train,640,640,False,True
pothole,Pothole_Segmentation_YOLOv8/train/images/pic-38-_jpg.rf.da02919be110cad52f54add553bf8ff6.jpg,Pothole_Segmentation_YOLOv8/train/labels/pic-38-_jpg.rf.da02919be110cad52f54add553bf8ff6.txt,pic-38,train,640,640,False,True
pothole,Pothole_Segmentation_YOLOv8/train/images/pic-38-_jpg.rf.dba8be87e1cad6fbbc6f68728f95a85d.jpg,Pothole_Segmentation_YOLOv8/train/labels/pic-38-_jpg.rf.dba8be87e1cad6fbbc6f68728f95a85d.txt,pic-38,train,640,640,False,True
pothole,Pothole_Segmentation_YOLOv8/train/images/pic-38-_jpg.rf.f986b908d11e3ccfab5acb989bc9aa7b.jpg,Pothole_Segmentation_YOLOv8/train/labels/pic-38-_jpg.rf.f986b908d11e3ccfab5acb989bc9aa7b.txt,pic-38,train,640,640,False,True
pothole,Pothole_Segmentation_YOLOv8/train/images/pic-39-_jpg.rf.916c6c1f6b88b55f48b08e48481fe26f.jpg,Pothole_Segmentation_YOLOv8/train/labels/pic-39-_jpg.rf.916c6c1f6b88b55f48b08e48481fe26f.txt,pic-39,train,640,640,False,True
pothole,Pothole_Segmentation_YOLOv8/train/images/pic-39-_jpg.rf.99d4097fac96d5f035d066f05bd3dcac.jpg,Pothole_Segmentation_YOLOv8/train/labels/pic-39-_jpg.rf.99d4097fac96d5f035d066f05bd3dcac.txt,pic-39,train,640,640,False,True
pothole,Pothole_Segmentation_YOLOv8/train/images/pic-39-_jpg.rf.c50896cfc9b1facb5cd4234bb9be07b6.jpg,Pothole_Segmentation_YOLOv8/train/labels/pic-39-_jpg.rf.c50896cfc9b1facb5cd4234bb9be07b6.txt,pic-39,train,640,640,False,True
pothole,Pothole_Segmentation_YOLOv8/train/images/pic-4-_jpg.rf.4db592c400a3bacb104e601c50c1fcd0.jpg,Pothole_Segmentation_YOLOv8/train/labels/pic-4-_jpg.rf.4db592c400a3bacb104e601c50c1fcd0.txt,pic-4,train,640,640,False,True
pothole,Pothole_Segmentation_YOLOv8/train/images/pic-4-_jpg.rf.d3357165b543f6d3e0f729dfa3373855.jpg,Pothole_Segmentation_YOLOv8/train/labels/pic-4-_jpg.rf.d3357165b543f6d3e0f729dfa3373855.txt,pic-4,train,640,640,False,True
pothole,Pothole_Segmentation_YOLOv8/train/images/pic-4-_jpg.rf.f52085b2d1744eeb56ed5a4b8ba0fb0f.jpg,Pothole_Segmentation_YOLOv8/train/labels/pic-4-_jpg.rf.f52085b2d1744eeb56ed5a4b8ba0fb0f.txt,pic-4,train,640,640,False,True
pothole,Pothole_Segmentation_YOLOv8/train/images/pic-40-_jpg.rf.0b69a3e42d0f31491655adaa801c3160.jpg,Pothole_Segmentation_YOLOv8/train/labels/pic-40-_jpg.rf.0b69a3e42d0f31491655adaa801c3160.txt,pic-40,train,640,640,False,True
pothole,Pothole_Segmentation_YOLOv8/train/images/pic-40-_jpg.rf.7047af1ffe9d3d01ef41591660a7bd37.jpg,Pothole_Segmentation_YOLOv8/train/labels/pic-40-_jpg.rf.7047af1ffe9d3d01ef41591660a7bd37.txt,pic-40,train,640,640,False,True
pothole,Pothole_Segmentation_YOLOv8/train/images/pic-40-_jpg.rf.c8d57f2324c265fbe81623987f86e3d8.jpg,Pothole_Segmentation_YOLOv8/train/labels/pic-40-_jpg.rf.c8d57f2324c265fbe81623987f86e3d8.txt,pic-40,train,640,640,False,True
pothole,Pothole_Segmentation_YOLOv8/train/images/pic-41-_jpg.rf.4d2787d8d27bef19c2759899a13581ad.jpg,Pothole_Segmentation_YOLOv8/train/labels/pic-41-_jpg.rf.4d2787d8d27bef19c2759899a13581ad.txt,pic-41,train,640,640,False,True
pothole,Pothole_Segmentation_YOLOv8/train/images/pic-41-_jpg.rf.5e808c2edeb8c3db416e41b5cf956575.jpg,Pothole_Segmentation_YOLOv8/train/labels/pic-41-_jpg.rf.5e808c2edeb8c3db416e41b5cf956575.txt,pic-41,train,640,640,False,True
pothole,Pothole_Segmentation_YOLOv8/train/images/pic-41-_jpg.rf.74ff92157ffacab71cc6f120cb5663a6.jpg,Pothole_Segmentation_YOLOv8/train/labels/pic-41-_jpg.rf.74ff92157ffacab71cc6f120cb5663a6.txt,pic-41,train,640,640,False,True
pothole,Pothole_Segmentation_YOLOv8/train/images/pic-43-_jpg.rf.1e8c9b6d903b795ead837d1334fbe4ff.jpg,Pothole_Segmentation_YOLOv8/train/labels/pic-43-_jpg.rf.1e8c9b6d903b795ead837d1334fbe4ff.txt,pic-43,train,640,640,False,True
pothole,Pothole_Segmentation_YOLOv8/train/images/pic-43-_jpg.rf.dbbb1c368f5ada95ebf45d45838b1bd7.jpg,Pothole_Segmentation_YOLOv8/train/labels/pic-43-_jpg.rf.dbbb1c368f5ada95ebf45d45838b1bd7.txt,pic-43,train,640,640,False,True
pothole,Pothole_Segmentation_YOLOv8/train/images/pic-43-_jpg.rf.dfa9d788bc69cea17fc9c3308d1668a7.jpg,Pothole_Segmentation_YOLOv8/train/labels/pic-43-_jpg.rf.dfa9d788bc69cea17fc9c3308d1668a7.txt,pic-43,train,640,640,False,True
pothole,Pothole_Segmentation_YOLOv8/train/images/pic-44-_jpg.rf.7bb3eef4deaf2aa9c2fb506c168e3f77.jpg,Pothole_Segmentation_YOLOv8/train/labels/pic-44-_jpg.rf.7bb3eef4deaf2aa9c2fb506c168e3f77.txt,pic-44,val,640,640,False,True
pothole,Pothole_Segmentation_YOLOv8/train/images/pic-44-_jpg.rf.a71dc55407736290b223f5ac71e8f714.jpg,Pothole_Segmentation_YOLOv8/train/labels/pic-44-_jpg.rf.a71dc55407736290b223f5ac71e8f714.txt,pic-44,val,640,640,False,True
pothole,Pothole_Segmentation_YOLOv8/train/images/pic-44-_jpg.rf.c7dd071d0249ce1a01f71938c20eec2e.jpg,Pothole_Segmentation_YOLOv8/train/labels/pic-44-_jpg.rf.c7dd071d0249ce1a01f71938c20eec2e.txt,pic-44,val,640,640,False,True
pothole,Pothole_Segmentation_YOLOv8/train/images/pic-46-_jpg.rf.b885bd57535b8adc199e02edae6a24e9.jpg,Pothole_Segmentation_YOLOv8/train/labels/pic-46-_jpg.rf.b885bd57535b8adc199e02edae6a24e9.txt,pic-46,train,640,640,False,True
pothole,Pothole_Segmentation_YOLOv8/train/images/pic-46-_jpg.rf.c5a8cb20f04ee8a90e2295b8e74a9dd1.jpg,Pothole_Segmentation_YOLOv8/train/labels/pic-46-_jpg.rf.c5a8cb20f04ee8a90e2295b8e74a9dd1.txt,pic-46,train,640,640,False,True
pothole,Pothole_Segmentation_YOLOv8/train/images/pic-46-_jpg.rf.ce935f81e259f69e3b8930f080141ac5.jpg,Pothole_Segmentation_YOLOv8/train/labels/pic-46-_jpg.rf.ce935f81e259f69e3b8930f080141ac5.txt,pic-46,train,640,640,False,True
pothole,Pothole_Segmentation_YOLOv8/train/images/pic-47-_jpg.rf.07110750200ea396e69160ea5e20ce7c.jpg,Pothole_Segmentation_YOLOv8/train/labels/pic-47-_jpg.rf.07110750200ea396e69160ea5e20ce7c.txt,pic-47,train,640,640,False,True
pothole,Pothole_Segmentation_YOLOv8/train/images/pic-47-_jpg.rf.b5c407806790722e3104e1521d054f67.jpg,Pothole_Segmentation_YOLOv8/train/labels/pic-47-_jpg.rf.b5c407806790722e3104e1521d054f67.txt,pic-47,train,640,640,False,True
pothole,Pothole_Segmentation_YOLOv8/train/images/pic-47-_jpg.rf.e7a3996bac750b9ba88cc570c1aad418.jpg,Pothole_Segmentation_YOLOv8/train/labels/pic-47-_jpg.rf.e7a3996bac750b9ba88cc570c1aad418.txt,pic-47,train,640,640,False,True
pothole,Pothole_Segmentation_YOLOv8/train/images/pic-48-_jpg.rf.5f35e42f4f2abf32c388f70cd219d8cb.jpg,Pothole_Segmentation_YOLOv8/train/labels/pic-48-_jpg.rf.5f35e42f4f2abf32c388f70cd219d8cb.txt,pic-48,val,640,640,False,True
pothole,Pothole_Segmentation_YOLOv8/train/images/pic-48-_jpg.rf.68853a3577e0a03df1d073ae0713d353.jpg,Pothole_Segmentation_YOLOv8/train/labels/pic-48-_jpg.rf.68853a3577e0a03df1d073ae0713d353.txt,pic-48,val,640,640,False,True
pothole,Pothole_Segmentation_YOLOv8/train/images/pic-48-_jpg.rf.88ad29d468c207f23e22f16b5129a5fe.jpg,Pothole_Segmentation_YOLOv8/train/labels/pic-48-_jpg.rf.88ad29d468c207f23e22f16b5129a5fe.txt,pic-48,val,640,640,False,True
pothole,Pothole_Segmentation_YOLOv8/train/images/pic-49-_jpg.rf.7566ef76e82dccc357ff1691393cdff8.jpg,Pothole_Segmentation_YOLOv8/train/labels/pic-49-_jpg.rf.7566ef76e82dccc357ff1691393cdff8.txt,pic-49,train,640,640,False,True
pothole,Pothole_Segmentation_YOLOv8/train/images/pic-49-_jpg.rf.a2d3901d28aa5d5a7040913eaffb5011.jpg,Pothole_Segmentation_YOLOv8/train/labels/pic-49-_jpg.rf.a2d3901d28aa5d5a7040913eaffb5011.txt,pic-49,train,640,640,False,True
pothole,Pothole_Segmentation_YOLOv8/train/images/pic-49-_jpg.rf.ea29a2566cbd0e48094adae5b4cf7087.jpg,Pothole_Segmentation_YOLOv8/train/labels/pic-49-_jpg.rf.ea29a2566cbd0e48094adae5b4cf7087.txt,pic-49,train,640,640,False,True
pothole,Pothole_Segmentation_YOLOv8/train/images/pic-5-_jpg.rf.5fbe76ea8a76e35b41970ccb6f5e4730.jpg,Pothole_Segmentation_YOLOv8/train/labels/pic-5-_jpg.rf.5fbe76ea8a76e35b41970ccb6f5e4730.txt,pic-5,train,640,640,False,True
pothole,Pothole_Segmentation_YOLOv8/train/images/pic-5-_jpg.rf.ead443dd9f37ce2e29069e9049d804e7.jpg,Pothole_Segmentation_YOLOv8/train/labels/pic-5-_jpg.rf.ead443dd9f37ce2e29069e9049d804e7.txt,pic-5,train,640,640,False,True
pothole,Pothole_Segmentation_YOLOv8/train/images/pic-5-_jpg.rf.f3d79095cd22dd76dc99c447f82e50d0.jpg,Pothole_Segmentation_YOLOv8/train/labels/pic-5-_jpg.rf.f3d79095cd22dd76dc99c447f82e50d0.txt,pic-5,train,640,640,False,True
pothole,Pothole_Segmentation_YOLOv8/train/images/pic-51-_jpg.rf.38b94f88de5e174741f7f535773d0c40.jpg,Pothole_Segmentation_YOLOv8/train/labels/pic-51-_jpg.rf.38b94f88de5e174741f7f535773d0c40.txt,pic-51,train,640,640,False,True
pothole,Pothole_Segmentation_YOLOv8/train/images/pic-51-_jpg.rf.bc4a2c2beca4c0a398dbc10fc7efc934.jpg,Pothole_Segmentation_YOLOv8/train/labels/pic-51-_jpg.rf.bc4a2c2beca4c0a398dbc10fc7efc934.txt,pic-51,train,640,640,False,True
pothole,Pothole_Segmentation_YOLOv8/train/images/pic-51-_jpg.rf.f708e8dd61e5d6c7f0417a6e7befa47d.jpg,Pothole_Segmentation_YOLOv8/train/labels/pic-51-_jpg.rf.f708e8dd61e5d6c7f0417a6e7befa47d.txt,pic-51,train,640,640,False,True
pothole,Pothole_Segmentation_YOLOv8/train/images/pic-52-_jpg.rf.d8822e3b6a7c8fe4c73543cd7d7ae9cd.jpg,Pothole_Segmentation_YOLOv8/train/labels/pic-52-_jpg.rf.d8822e3b6a7c8fe4c73543cd7d7ae9cd.txt,pic-52,val,640,640,False,True
pothole,Pothole_Segmentation_YOLOv8/train/images/pic-52-_jpg.rf.def4f32d6ba09bcb7a22b8a34a7c8115.jpg,Pothole_Segmentation_YOLOv8/train/labels/pic-52-_jpg.rf.def4f32d6ba09bcb7a22b8a34a7c8115.txt,pic-52,val,640,640,False,True
pothole,Pothole_Segmentation_YOLOv8/train/images/pic-52-_jpg.rf.f05e2cd157034e39c0eb9db8e7f09bb5.jpg,Pothole_Segmentation_YOLOv8/train/labels/pic-52-_jpg.rf.f05e2cd157034e39c0eb9db8e7f09bb5.txt,pic-52,val,640,640,False,True
pothole,Pothole_Segmentation_YOLOv8/train/images/pic-53-_jpg.rf.1ee5c3ca066d62d6b4aed03d3575b5ea.jpg,Pothole_Segmentation_YOLOv8/train/labels/pic-53-_jpg.rf.1ee5c3ca066d62d6b4aed03d3575b5ea.txt,pic-53,train,640,640,False,True
pothole,Pothole_Segmentation_YOLOv8/train/images/pic-53-_jpg.rf.540025fd1af3f0c105d5a5f489e307da.jpg,Pothole_Segmentation_YOLOv8/train/labels/pic-53-_jpg.rf.540025fd1af3f0c105d5a5f489e307da.txt,pic-53,train,640,640,False,True
pothole,Pothole_Segmentation_YOLOv8/train/images/pic-53-_jpg.rf.7815bad4623e4bb70645806ea5a77a47.jpg,Pothole_Segmentation_YOLOv8/train/labels/pic-53-_jpg.rf.7815bad4623e4bb70645806ea5a77a47.txt,pic-53,train,640,640,False,True
pothole,Pothole_Segmentation_YOLOv8/train/images/pic-54-_jpg.rf.7cc54c3290a15bece4443e1f76a5800c.jpg,Pothole_Segmentation_YOLOv8/train/labels/pic-54-_jpg.rf.7cc54c3290a15bece4443e1f76a5800c.txt,pic-54,train,640,640,False,True
pothole,Pothole_Segmentation_YOLOv8/train/images/pic-54-_jpg.rf.a5904fe5b078b76264e6bf4b9a026627.jpg,Pothole_Segmentation_YOLOv8/train/labels/pic-54-_jpg.rf.a5904fe5b078b76264e6bf4b9a026627.txt,pic-54,train,640,640,False,True
pothole,Pothole_Segmentation_YOLOv8/train/images/pic-54-_jpg.rf.f0c232122401c2974af21cab0c286439.jpg,Pothole_Segmentation_YOLOv8/train/labels/pic-54-_jpg.rf.f0c232122401c2974af21cab0c286439.txt,pic-54,train,640,640,False,True
pothole,Pothole_Segmentation_YOLOv8/train/images/pic-55-_jpg.rf.87cabcde97c75c9068793716694ef1c5.jpg,Pothole_Segmentation_YOLOv8/train/labels/pic-55-_jpg.rf.87cabcde97c75c9068793716694ef1c5.txt,pic-55,train,640,640,False,True
pothole,Pothole_Segmentation_YOLOv8/train/images/pic-55-_jpg.rf.ab51f5f29c2cabd3037a7f562d7c3a48.jpg,Pothole_Segmentation_YOLOv8/train/labels/pic-55-_jpg.rf.ab51f5f29c2cabd3037a7f562d7c3a48.txt,pic-55,train,640,640,False,True
pothole,Pothole_Segmentation_YOLOv8/train/images/pic-55-_jpg.rf.d55ddba83fd6401d17e234092ab2a378.jpg,Pothole_Segmentation_YOLOv8/train/labels/pic-55-_jpg.rf.d55ddba83fd6401d17e234092ab2a378.txt,pic-55,train,640,640,False,True
pothole,Pothole_Segmentation_YOLOv8/train/images/pic-56-_jpg.rf.18ade0de978aa6c6068402dd80642ccf.jpg,Pothole_Segmentation_YOLOv8/train/labels/pic-56-_jpg.rf.18ade0de978aa6c6068402dd80642ccf.txt,pic-56,train,640,640,False,True
pothole,Pothole_Segmentation_YOLOv8/train/images/pic-56-_jpg.rf.41ab69bbd0dab6a5f9693448b7cf2cd1.jpg,Pothole_Segmentation_YOLOv8/train/labels/pic-56-_jpg.rf.41ab69bbd0dab6a5f9693448b7cf2cd1.txt,pic-56,train,640,640,False,True
pothole,Pothole_Segmentation_YOLOv8/train/images/pic-56-_jpg.rf.8c8d4aebd0f2fb128a231b7b798bd669.jpg,Pothole_Segmentation_YOLOv8/train/labels/pic-56-_jpg.rf.8c8d4aebd0f2fb128a231b7b798bd669.txt,pic-56,train,640,640,False,True
pothole,Pothole_Segmentation_YOLOv8/train/images/pic-57-_jpg.rf.7d1b62f97cac4df979e6f394117d04d1.jpg,Pothole_Segmentation_YOLOv8/train/labels/pic-57-_jpg.rf.7d1b62f97cac4df979e6f394117d04d1.txt,pic-57,val,640,640,False,True
pothole,Pothole_Segmentation_YOLOv8/train/images/pic-57-_jpg.rf.935c3e2cd37b84d8f63043ca26ebb402.jpg,Pothole_Segmentation_YOLOv8/train/labels/pic-57-_jpg.rf.935c3e2cd37b84d8f63043ca26ebb402.txt,pic-57,val,640,640,False,True
pothole,Pothole_Segmentation_YOLOv8/train/images/pic-57-_jpg.rf.98eff15743815f755fd3722f3836c850.jpg,Pothole_Segmentation_YOLOv8/train/labels/pic-57-_jpg.rf.98eff15743815f755fd3722f3836c850.txt,pic-57,val,640,640,False,True
pothole,Pothole_Segmentation_YOLOv8/train/images/pic-59-_jpg.rf.6f4e81b1ca5d29168033fa69c92c6e24.jpg,Pothole_Segmentation_YOLOv8/train/labels/pic-59-_jpg.rf.6f4e81b1ca5d29168033fa69c92c6e24.txt,pic-59,train,640,640,False,True
pothole,Pothole_Segmentation_YOLOv8/train/images/pic-59-_jpg.rf.d3fc5f4680f6e28784c2f686b25736bd.jpg,Pothole_Segmentation_YOLOv8/train/labels/pic-59-_jpg.rf.d3fc5f4680f6e28784c2f686b25736bd.txt,pic-59,train,640,640,False,True
pothole,Pothole_Segmentation_YOLOv8/train/images/pic-59-_jpg.rf.e6834834f2f355ae4e8d55f881695099.jpg,Pothole_Segmentation_YOLOv8/train/labels/pic-59-_jpg.rf.e6834834f2f355ae4e8d55f881695099.txt,pic-59,train,640,640,False,True
pothole,Pothole_Segmentation_YOLOv8/train/images/pic-6-_jpg.rf.20fe5b2f0851cc97b06f4a9d68881330.jpg,Pothole_Segmentation_YOLOv8/train/labels/pic-6-_jpg.rf.20fe5b2f0851cc97b06f4a9d68881330.txt,pic-6,train,640,640,False,True
pothole,Pothole_Segmentation_YOLOv8/train/images/pic-6-_jpg.rf.cbd6e701a750684661efc0363bd607aa.jpg,Pothole_Segmentation_YOLOv8/train/labels/pic-6-_jpg.rf.cbd6e701a750684661efc0363bd607aa.txt,pic-6,train,640,640,False,True
pothole,Pothole_Segmentation_YOLOv8/train/images/pic-6-_jpg.rf.dcd3fa3c9b81035067fbcb5e4998db50.jpg,Pothole_Segmentation_YOLOv8/train/labels/pic-6-_jpg.rf.dcd3fa3c9b81035067fbcb5e4998db50.txt,pic-6,train,640,640,False,True
pothole,Pothole_Segmentation_YOLOv8/train/images/pic-62-_jpg.rf.7863aa2444a65c631e8af7c5b9ac8edb.jpg,Pothole_Segmentation_YOLOv8/train/labels/pic-62-_jpg.rf.7863aa2444a65c631e8af7c5b9ac8edb.txt,pic-62,train,640,640,False,True
pothole,Pothole_Segmentation_YOLOv8/train/images/pic-62-_jpg.rf.d2884b15285690c8542d7391ee04de10.jpg,Pothole_Segmentation_YOLOv8/train/labels/pic-62-_jpg.rf.d2884b15285690c8542d7391ee04de10.txt,pic-62,train,640,640,False,True
pothole,Pothole_Segmentation_YOLOv8/train/images/pic-62-_jpg.rf.d50db2cc8bb871fd0925592de1923193.jpg,Pothole_Segmentation_YOLOv8/train/labels/pic-62-_jpg.rf.d50db2cc8bb871fd0925592de1923193.txt,pic-62,train,640,640,False,True
pothole,Pothole_Segmentation_YOLOv8/train/images/pic-63-_jpg.rf.75d85a055ab217101c1e32000dd5826b.jpg,Pothole_Segmentation_YOLOv8/train/labels/pic-63-_jpg.rf.75d85a055ab217101c1e32000dd5826b.txt,pic-63,val,640,640,False,True
pothole,Pothole_Segmentation_YOLOv8/train/images/pic-63-_jpg.rf.81a9ac78e24a93573acdd933a0dd3b2a.jpg,Pothole_Segmentation_YOLOv8/train/labels/pic-63-_jpg.rf.81a9ac78e24a93573acdd933a0dd3b2a.txt,pic-63,val,640,640,False,True
pothole,Pothole_Segmentation_YOLOv8/train/images/pic-63-_jpg.rf.f4fd8956206d712c6b9964dfbfe1567e.jpg,Pothole_Segmentation_YOLOv8/train/labels/pic-63-_jpg.rf.f4fd8956206d712c6b9964dfbfe1567e.txt,pic-63,val,640,640,False,True
pothole,Pothole_Segmentation_YOLOv8/train/images/pic-64-_jpg.rf.2c59f391b25c97761914413f17802e9d.jpg,Pothole_Segmentation_YOLOv8/train/labels/pic-64-_jpg.rf.2c59f391b25c97761914413f17802e9d.txt,pic-64,train,640,640,False,True
pothole,Pothole_Segmentation_YOLOv8/train/images/pic-64-_jpg.rf.5a0e8d02278b5430fa7bd514f437f041.jpg,Pothole_Segmentation_YOLOv8/train/labels/pic-64-_jpg.rf.5a0e8d02278b5430fa7bd514f437f041.txt,pic-64,train,640,640,False,True
pothole,Pothole_Segmentation_YOLOv8/train/images/pic-64-_jpg.rf.9d88ef6a6cc16ef8eec9b1688a9d598e.jpg,Pothole_Segmentation_YOLOv8/train/labels/pic-64-_jpg.rf.9d88ef6a6cc16ef8eec9b1688a9d598e.txt,pic-64,train,640,640,False,True
pothole,Pothole_Segmentation_YOLOv8/train/images/pic-65-_jpg.rf.7fa7e133ba0c2210d5075b0795e6815d.jpg,Pothole_Segmentation_YOLOv8/train/labels/pic-65-_jpg.rf.7fa7e133ba0c2210d5075b0795e6815d.txt,pic-65,train,640,640,False,True
pothole,Pothole_Segmentation_YOLOv8/train/images/pic-65-_jpg.rf.be4b7862a50c7fd0105a6a47ea0f48b9.jpg,Pothole_Segmentation_YOLOv8/train/labels/pic-65-_jpg.rf.be4b7862a50c7fd0105a6a47ea0f48b9.txt,pic-65,train,640,640,False,True
pothole,Pothole_Segmentation_YOLOv8/train/images/pic-65-_jpg.rf.e602ed35d690902722b26561dd3f9684.jpg,Pothole_Segmentation_YOLOv8/train/labels/pic-65-_jpg.rf.e602ed35d690902722b26561dd3f9684.txt,pic-65,train,640,640,False,True
pothole,Pothole_Segmentation_YOLOv8/train/images/pic-66-_jpg.rf.2025b0c631dbf0d3277e7d8f95bbf6e8.jpg,Pothole_Segmentation_YOLOv8/train/labels/pic-66-_jpg.rf.2025b0c631dbf0d3277e7d8f95bbf6e8.txt,pic-66,val,640,640,False,True
pothole,Pothole_Segmentation_YOLOv8/train/images/pic-66-_jpg.rf.2d3138a80a414a75ab0117408153227b.jpg,Pothole_Segmentation_YOLOv8/train/labels/pic-66-_jpg.rf.2d3138a80a414a75ab0117408153227b.txt,pic-66,val,640,640,False,True
pothole,Pothole_Segmentation_YOLOv8/train/images/pic-66-_jpg.rf.ad992ba43ecdd6892307c96e01da1afa.jpg,Pothole_Segmentation_YOLOv8/train/labels/pic-66-_jpg.rf.ad992ba43ecdd6892307c96e01da1afa.txt,pic-66,val,640,640,False,True
pothole,Pothole_Segmentation_YOLOv8/train/images/pic-68-_jpg.rf.20cbf511ac305a699cd432846cbb264f.jpg,Pothole_Segmentation_YOLOv8/train/labels/pic-68-_jpg.rf.20cbf511ac305a699cd432846cbb264f.txt,pic-68,train,640,640,False,True
pothole,Pothole_Segmentation_YOLOv8/train/images/pic-68-_jpg.rf.23e729ce0e5380e419377888f247b0ec.jpg,Pothole_Segmentation_YOLOv8/train/labels/pic-68-_jpg.rf.23e729ce0e5380e419377888f247b0ec.txt,pic-68,train,640,640,False,True
pothole,Pothole_Segmentation_YOLOv8/train/images/pic-68-_jpg.rf.6d010af44edfa998adc338038f167ac6.jpg,Pothole_Segmentation_YOLOv8/train/labels/pic-68-_jpg.rf.6d010af44edfa998adc338038f167ac6.txt,pic-68,train,640,640,False,True
pothole,Pothole_Segmentation_YOLOv8/train/images/pic-7-_jpg.rf.65c5742cced68822528a322492f2652d.jpg,Pothole_Segmentation_YOLOv8/train/labels/pic-7-_jpg.rf.65c5742cced68822528a322492f2652d.txt,pic-7,train,640,640,False,True
pothole,Pothole_Segmentation_YOLOv8/train/images/pic-7-_jpg.rf.7400b47430ca61631409d5ec433fbf79.jpg,Pothole_Segmentation_YOLOv8/train/labels/pic-7-_jpg.rf.7400b47430ca61631409d5ec433fbf79.txt,pic-7,train,640,640,False,True
pothole,Pothole_Segmentation_YOLOv8/train/images/pic-7-_jpg.rf.75ec4611f8576a0f7706a3767986d5fa.jpg,Pothole_Segmentation_YOLOv8/train/labels/pic-7-_jpg.rf.75ec4611f8576a0f7706a3767986d5fa.txt,pic-7,train,640,640,False,True
pothole,Pothole_Segmentation_YOLOv8/train/images/pic-70-_jpg.rf.3fa842cfa55b39d094c6e4be45aaf994.jpg,Pothole_Segmentation_YOLOv8/train/labels/pic-70-_jpg.rf.3fa842cfa55b39d094c6e4be45aaf994.txt,pic-70,train,640,640,False,True
pothole,Pothole_Segmentation_YOLOv8/train/images/pic-70-_jpg.rf.4bee9afd2a93c4eec1a251f641521c4c.jpg,Pothole_Segmentation_YOLOv8/train/labels/pic-70-_jpg.rf.4bee9afd2a93c4eec1a251f641521c4c.txt,pic-70,train,640,640,False,True
pothole,Pothole_Segmentation_YOLOv8/train/images/pic-70-_jpg.rf.be12246c53c37bcff9d671a1052b23bb.jpg,Pothole_Segmentation_YOLOv8/train/labels/pic-70-_jpg.rf.be12246c53c37bcff9d671a1052b23bb.txt,pic-70,train,640,640,False,True
pothole,Pothole_Segmentation_YOLOv8/train/images/pic-71-_jpg.rf.0f9bcdab2065fee694fefca6af561329.jpg,Pothole_Segmentation_YOLOv8/train/labels/pic-71-_jpg.rf.0f9bcdab2065fee694fefca6af561329.txt,pic-71,train,640,640,False,True
pothole,Pothole_Segmentation_YOLOv8/train/images/pic-71-_jpg.rf.c09149434e1578a21379b1ec049c97e2.jpg,Pothole_Segmentation_YOLOv8/train/labels/pic-71-_jpg.rf.c09149434e1578a21379b1ec049c97e2.txt,pic-71,train,640,640,False,True
pothole,Pothole_Segmentation_YOLOv8/train/images/pic-71-_jpg.rf.dd6b8e67c19a5c53bb6f91b55e593a13.jpg,Pothole_Segmentation_YOLOv8/train/labels/pic-71-_jpg.rf.dd6b8e67c19a5c53bb6f91b55e593a13.txt,pic-71,train,640,640,False,True
pothole,Pothole_Segmentation_YOLOv8/train/images/pic-73-_jpg.rf.00116918149ac51697ae5249644ef144.jpg,Pothole_Segmentation_YOLOv8/train/labels/pic-73-_jpg.rf.00116918149ac51697ae5249644ef144.txt,pic-73,train,640,640,False,True
pothole,Pothole_Segmentation_YOLOv8/train/images/pic-73-_jpg.rf.08280c0eeb6772c510479ba1a84a6778.jpg,Pothole_Segmentation_YOLOv8/train/labels/pic-73-_jpg.rf.08280c0eeb6772c510479ba1a84a6778.txt,pic-73,train,640,640,False,True
pothole,Pothole_Segmentation_YOLOv8/train/images/pic-73-_jpg.rf.30b9fb02402e11d9d73579c9c007e6f1.jpg,Pothole_Segmentation_YOLOv8/train/labels/pic-73-_jpg.rf.30b9fb02402e11d9d73579c9c007e6f1.txt,pic-73,train,640,640,False,True
pothole,Pothole_Segmentation_YOLOv8/train/images/pic-74-_jpg.rf.16da87d5105f997141b5538f74203204.jpg,Pothole_Segmentation_YOLOv8/train/labels/pic-74-_jpg.rf.16da87d5105f997141b5538f74203204.txt,pic-74,train,640,640,False,True
pothole,Pothole_Segmentation_YOLOv8/train/images/pic-74-_jpg.rf.4599969de001cd1935d28ed812d1dd90.jpg,Pothole_Segmentation_YOLOv8/train/labels/pic-74-_jpg.rf.4599969de001cd1935d28ed812d1dd90.txt,pic-74,train,640,640,False,True
pothole,Pothole_Segmentation_YOLOv8/train/images/pic-74-_jpg.rf.753bab7893e8644b71fea76010278698.jpg,Pothole_Segmentation_YOLOv8/train/labels/pic-74-_jpg.rf.753bab7893e8644b71fea76010278698.txt,pic-74,train,640,640,False,True
pothole,Pothole_Segmentation_YOLOv8/train/images/pic-75-_jpg.rf.01e2ff81bb8754692afe9b2bb2fda48a.jpg,Pothole_Segmentation_YOLOv8/train/labels/pic-75-_jpg.rf.01e2ff81bb8754692afe9b2bb2fda48a.txt,pic-75,train,640,640,False,True
pothole,Pothole_Segmentation_YOLOv8/train/images/pic-75-_jpg.rf.a4fb54bd2e21373bc7b34ffadb02d9eb.jpg,Pothole_Segmentation_YOLOv8/train/labels/pic-75-_jpg.rf.a4fb54bd2e21373bc7b34ffadb02d9eb.txt,pic-75,train,640,640,False,True
pothole,Pothole_Segmentation_YOLOv8/train/images/pic-75-_jpg.rf.f73e19df2feadf86dbc38f4eb690d204.jpg,Pothole_Segmentation_YOLOv8/train/labels/pic-75-_jpg.rf.f73e19df2feadf86dbc38f4eb690d204.txt,pic-75,train,640,640,False,True
pothole,Pothole_Segmentation_YOLOv8/train/images/pic-76-_jpg.rf.3908b60fc10504b5de5ceb2ba0cddcb1.jpg,Pothole_Segmentation_YOLOv8/train/labels/pic-76-_jpg.rf.3908b60fc10504b5de5ceb2ba0cddcb1.txt,pic-76,train,640,640,False,True
pothole,Pothole_Segmentation_YOLOv8/train/images/pic-76-_jpg.rf.4062413067c04acc387e651210b12921.jpg,Pothole_Segmentation_YOLOv8/train/labels/pic-76-_jpg.rf.4062413067c04acc387e651210b12921.txt,pic-76,train,640,640,False,True
pothole,Pothole_Segmentation_YOLOv8/train/images/pic-76-_jpg.rf.72e4e540e160870c4756c500e80e40b1.jpg,Pothole_Segmentation_YOLOv8/train/labels/pic-76-_jpg.rf.72e4e540e160870c4756c500e80e40b1.txt,pic-76,train,640,640,False,True
pothole,Pothole_Segmentation_YOLOv8/train/images/pic-77-_jpg.rf.5d2577e0f9e471d4b9dcfce00a96d034.jpg,Pothole_Segmentation_YOLOv8/train/labels/pic-77-_jpg.rf.5d2577e0f9e471d4b9dcfce00a96d034.txt,pic-77,train,640,640,False,True
pothole,Pothole_Segmentation_YOLOv8/train/images/pic-77-_jpg.rf.61a63f92522c3558c8dc33ecae183ed2.jpg,Pothole_Segmentation_YOLOv8/train/labels/pic-77-_jpg.rf.61a63f92522c3558c8dc33ecae183ed2.txt,pic-77,train,640,640,False,True
pothole,Pothole_Segmentation_YOLOv8/train/images/pic-77-_jpg.rf.83c80a807ca47eb0192cb129ebc8cb41.jpg,Pothole_Segmentation_YOLOv8/train/labels/pic-77-_jpg.rf.83c80a807ca47eb0192cb129ebc8cb41.txt,pic-77,train,640,640,False,True
pothole,Pothole_Segmentation_YOLOv8/train/images/pic-78-_jpg.rf.51b8d15858f724437e1ce83b1f7a76a0.jpg,Pothole_Segmentation_YOLOv8/train/labels/pic-78-_jpg.rf.51b8d15858f724437e1ce83b1f7a76a0.txt,pic-78,train,640,640,False,True
pothole,Pothole_Segmentation_YOLOv8/train/images/pic-78-_jpg.rf.6e55ada23b1148608d6daddc7d6d7e27.jpg,Pothole_Segmentation_YOLOv8/train/labels/pic-78-_jpg.rf.6e55ada23b1148608d6daddc7d6d7e27.txt,pic-78,train,640,640,False,True
pothole,Pothole_Segmentation_YOLOv8/train/images/pic-78-_jpg.rf.a51a0e1d7624e72d7257934cefd3d410.jpg,Pothole_Segmentation_YOLOv8/train/labels/pic-78-_jpg.rf.a51a0e1d7624e72d7257934cefd3d410.txt,pic-78,train,640,640,False,True
pothole,Pothole_Segmentation_YOLOv8/train/images/pic-79-_jpg.rf.b8083f42dac8ce2a5d303479dc967792.jpg,Pothole_Segmentation_YOLOv8/train/labels/pic-79-_jpg.rf.b8083f42dac8ce2a5d303479dc967792.txt,pic-79,train,640,640,False,True
pothole,Pothole_Segmentation_YOLOv8/train/images/pic-79-_jpg.rf.be47d8798d6f806389366b2c6e3a3dd1.jpg,Pothole_Segmentation_YOLOv8/train/labels/pic-79-_jpg.rf.be47d8798d6f806389366b2c6e3a3dd1.txt,pic-79,train,640,640,False,True
pothole,Pothole_Segmentation_YOLOv8/train/images/pic-79-_jpg.rf.fa63c47cf0aa776aec75efb4df84f724.jpg,Pothole_Segmentation_YOLOv8/train/labels/pic-79-_jpg.rf.fa63c47cf0aa776aec75efb4df84f724.txt,pic-79,train,640,640,False,True
pothole,Pothole_Segmentation_YOLOv8/train/images/pic-8-_jpg.rf.22de640e2560bddb13ff49abfccbc8d6.jpg,Pothole_Segmentation_YOLOv8/train/labels/pic-8-_jpg.rf.22de640e2560bddb13ff49abfccbc8d6.txt,pic-8,train,640,640,False,True
pothole,Pothole_Segmentation_YOLOv8/train/images/pic-8-_jpg.rf.b4762871ab415292cd35f6ee6e2059a5.jpg,Pothole_Segmentation_YOLOv8/train/labels/pic-8-_jpg.rf.b4762871ab415292cd35f6ee6e2059a5.txt,pic-8,train,640,640,False,True
pothole,Pothole_Segmentation_YOLOv8/train/images/pic-8-_jpg.rf.f2cd6b29cbaf9efb1f836b4c78aca3f9.jpg,Pothole_Segmentation_YOLOv8/train/labels/pic-8-_jpg.rf.f2cd6b29cbaf9efb1f836b4c78aca3f9.txt,pic-8,train,640,640,False,True
pothole,Pothole_Segmentation_YOLOv8/train/images/pic-80-_jpg.rf.8988aa50fb872401bc29ab7830281e22.jpg,Pothole_Segmentation_YOLOv8/train/labels/pic-80-_jpg.rf.8988aa50fb872401bc29ab7830281e22.txt,pic-80,val,640,640,False,True
pothole,Pothole_Segmentation_YOLOv8/train/images/pic-80-_jpg.rf.d08231a7b3ed0079786a5cc588acb6a8.jpg,Pothole_Segmentation_YOLOv8/train/labels/pic-80-_jpg.rf.d08231a7b3ed0079786a5cc588acb6a8.txt,pic-80,val,640,640,False,True
pothole,Pothole_Segmentation_YOLOv8/train/images/pic-80-_jpg.rf.e5fc6c140371201fb051fc7100769b0b.jpg,Pothole_Segmentation_YOLOv8/train/labels/pic-80-_jpg.rf.e5fc6c140371201fb051fc7100769b0b.txt,pic-80,val,640,640,False,True
pothole,Pothole_Segmentation_YOLOv8/train/images/pic-81-_jpg.rf.2c871f142112a2de4e78f5730d77bf73.jpg,Pothole_Segmentation_YOLOv8/train/labels/pic-81-_jpg.rf.2c871f142112a2de4e78f5730d77bf73.txt,pic-81,train,640,640,False,True
pothole,Pothole_Segmentation_YOLOv8/train/images/pic-81-_jpg.rf.682981671ea574a72479e1763164f07b.jpg,Pothole_Segmentation_YOLOv8/train/labels/pic-81-_jpg.rf.682981671ea574a72479e1763164f07b.txt,pic-81,train,640,640,False,True
pothole,Pothole_Segmentation_YOLOv8/train/images/pic-81-_jpg.rf.f826102d59ca692fc6a7cd93131a448e.jpg,Pothole_Segmentation_YOLOv8/train/labels/pic-81-_jpg.rf.f826102d59ca692fc6a7cd93131a448e.txt,pic-81,train,640,640,False,True
pothole,Pothole_Segmentation_YOLOv8/train/images/pic-82-_jpg.rf.24e5bbbd60206e18fc16880bfeaad9aa.jpg,Pothole_Segmentation_YOLOv8/train/labels/pic-82-_jpg.rf.24e5bbbd60206e18fc16880bfeaad9aa.txt,pic-82,train,640,640,False,True
pothole,Pothole_Segmentation_YOLOv8/train/images/pic-82-_jpg.rf.96fb5070300f4d0838ba9d84df193cb3.jpg,Pothole_Segmentation_YOLOv8/train/labels/pic-82-_jpg.rf.96fb5070300f4d0838ba9d84df193cb3.txt,pic-82,train,640,640,False,True
pothole,Pothole_Segmentation_YOLOv8/train/images/pic-82-_jpg.rf.cdb1fbbb88686147ca6fd7393e9a1053.jpg,Pothole_Segmentation_YOLOv8/train/labels/pic-82-_jpg.rf.cdb1fbbb88686147ca6fd7393e9a1053.txt,pic-82,train,640,640,False,True
pothole,Pothole_Segmentation_YOLOv8/train/images/pic-83-_jpg.rf.6067035f09c5b1b4a82debfac50b8b68.jpg,Pothole_Segmentation_YOLOv8/train/labels/pic-83-_jpg.rf.6067035f09c5b1b4a82debfac50b8b68.txt,pic-83,train,640,640,False,True
pothole,Pothole_Segmentation_YOLOv8/train/images/pic-83-_jpg.rf.658f94a0e7d008ff38e85a627d6f699e.jpg,Pothole_Segmentation_YOLOv8/train/labels/pic-83-_jpg.rf.658f94a0e7d008ff38e85a627d6f699e.txt,pic-83,train,640,640,False,True
pothole,Pothole_Segmentation_YOLOv8/train/images/pic-83-_jpg.rf.8d1e38d4c07d51717c500ae1145d7108.jpg,Pothole_Segmentation_YOLOv8/train/labels/pic-83-_jpg.rf.8d1e38d4c07d51717c500ae1145d7108.txt,pic-83,train,640,640,False,True
pothole,Pothole_Segmentation_YOLOv8/train/images/pic-84-_jpg.rf.79ea02211ed732335af4650b0977b9ad.jpg,Pothole_Segmentation_YOLOv8/train/labels/pic-84-_jpg.rf.79ea02211ed732335af4650b0977b9ad.txt,pic-84,train,640,640,False,True
pothole,Pothole_Segmentation_YOLOv8/train/images/pic-84-_jpg.rf.875df442d5750a19dce18e532e06b8fe.jpg,Pothole_Segmentation_YOLOv8/train/labels/pic-84-_jpg.rf.875df442d5750a19dce18e532e06b8fe.txt,pic-84,train,640,640,False,True
pothole,Pothole_Segmentation_YOLOv8/train/images/pic-84-_jpg.rf.f2555c00b7ca574dd2f6b119f2849651.jpg,Pothole_Segmentation_YOLOv8/train/labels/pic-84-_jpg.rf.f2555c00b7ca574dd2f6b119f2849651.txt,pic-84,train,640,640,False,True
pothole,Pothole_Segmentation_YOLOv8/train/images/pic-85-_jpg.rf.02b3ed7783bfa794dcb56d483821c20c.jpg,Pothole_Segmentation_YOLOv8/train/labels/pic-85-_jpg.rf.02b3ed7783bfa794dcb56d483821c20c.txt,pic-85,train,640,640,False,True
pothole,Pothole_Segmentation_YOLOv8/train/images/pic-85-_jpg.rf.a64446b223ce0bba88626d3b9688cb5f.jpg,Pothole_Segmentation_YOLOv8/train/labels/pic-85-_jpg.rf.a64446b223ce0bba88626d3b9688cb5f.txt,pic-85,train,640,640,False,True
pothole,Pothole_Segmentation_YOLOv8/train/images/pic-85-_jpg.rf.c5fc2aff67696bb00ec93f0e00d6b41d.jpg,Pothole_Segmentation_YOLOv8/train/labels/pic-85-_jpg.rf.c5fc2aff67696bb00ec93f0e00d6b41d.txt,pic-85,train,640,640,False,True
pothole,Pothole_Segmentation_YOLOv8/train/images/pic-86-_jpg.rf.6ba43a8fea8b523c5647b5148ccc4c48.jpg,Pothole_Segmentation_YOLOv8/train/labels/pic-86-_jpg.rf.6ba43a8fea8b523c5647b5148ccc4c48.txt,pic-86,val,640,640,False,True
pothole,Pothole_Segmentation_YOLOv8/train/images/pic-86-_jpg.rf.c7c369033df047926786fd0bbc131cf5.jpg,Pothole_Segmentation_YOLOv8/train/labels/pic-86-_jpg.rf.c7c369033df047926786fd0bbc131cf5.txt,pic-86,val,640,640,False,True
pothole,Pothole_Segmentation_YOLOv8/train/images/pic-86-_jpg.rf.fe15af9f424efc111e4bab1ead9b76cc.jpg,Pothole_Segmentation_YOLOv8/train/labels/pic-86-_jpg.rf.fe15af9f424efc111e4bab1ead9b76cc.txt,pic-86,val,640,640,False,True
pothole,Pothole_Segmentation_YOLOv8/train/images/pic-87-_jpg.rf.071c1cfadf7d9959341091d7c27f0caa.jpg,Pothole_Segmentation_YOLOv8/train/labels/pic-87-_jpg.rf.071c1cfadf7d9959341091d7c27f0caa.txt,pic-87,train,640,640,False,True
pothole,Pothole_Segmentation_YOLOv8/train/images/pic-87-_jpg.rf.9c686985ca1aaf482818536bad3a52d2.jpg,Pothole_Segmentation_YOLOv8/train/labels/pic-87-_jpg.rf.9c686985ca1aaf482818536bad3a52d2.txt,pic-87,train,640,640,False,True
pothole,Pothole_Segmentation_YOLOv8/train/images/pic-87-_jpg.rf.f695dc4e18d8786274de900672c1e629.jpg,Pothole_Segmentation_YOLOv8/train/labels/pic-87-_jpg.rf.f695dc4e18d8786274de900672c1e629.txt,pic-87,train,640,640,False,True
pothole,Pothole_Segmentation_YOLOv8/train/images/pic-89-_jpg.rf.280b8654e1d942e9843333a4a630a473.jpg,Pothole_Segmentation_YOLOv8/train/labels/pic-89-_jpg.rf.280b8654e1d942e9843333a4a630a473.txt,pic-89,train,640,640,False,True
pothole,Pothole_Segmentation_YOLOv8/train/images/pic-89-_jpg.rf.88d2db98329fc9ad290d1f559d3c8c76.jpg,Pothole_Segmentation_YOLOv8/train/labels/pic-89-_jpg.rf.88d2db98329fc9ad290d1f559d3c8c76.txt,pic-89,train,640,640,False,True
pothole,Pothole_Segmentation_YOLOv8/train/images/pic-89-_jpg.rf.f60ba1af20cc526575b9ddab3e79052d.jpg,Pothole_Segmentation_YOLOv8/train/labels/pic-89-_jpg.rf.f60ba1af20cc526575b9ddab3e79052d.txt,pic-89,train,640,640,False,True
pothole,Pothole_Segmentation_YOLOv8/train/images/pic-9-_jpg.rf.06f81aab8edc8a1beb3269f379c8e4a8.jpg,Pothole_Segmentation_YOLOv8/train/labels/pic-9-_jpg.rf.06f81aab8edc8a1beb3269f379c8e4a8.txt,pic-9,val,640,640,False,True
pothole,Pothole_Segmentation_YOLOv8/train/images/pic-9-_jpg.rf.10d9db0c8fac4eb5b01de9fc71dd19da.jpg,Pothole_Segmentation_YOLOv8/train/labels/pic-9-_jpg.rf.10d9db0c8fac4eb5b01de9fc71dd19da.txt,pic-9,val,640,640,False,True
pothole,Pothole_Segmentation_YOLOv8/train/images/pic-9-_jpg.rf.62204b022d0e43f1804769f4fc142c28.jpg,Pothole_Segmentation_YOLOv8/train/labels/pic-9-_jpg.rf.62204b022d0e43f1804769f4fc142c28.txt,pic-9,val,640,640,False,True
pothole,Pothole_Segmentation_YOLOv8/train/images/pic-90-_jpg.rf.240ef6f5fe43b76b41bda46a16cb5718.jpg,Pothole_Segmentation_YOLOv8/train/labels/pic-90-_jpg.rf.240ef6f5fe43b76b41bda46a16cb5718.txt,pic-90,train,640,640,False,True
pothole,Pothole_Segmentation_YOLOv8/train/images/pic-90-_jpg.rf.9b8c41e2268c9abdc95c18b3567fb764.jpg,Pothole_Segmentation_YOLOv8/train/labels/pic-90-_jpg.rf.9b8c41e2268c9abdc95c18b3567fb764.txt,pic-90,train,640,640,False,True
pothole,Pothole_Segmentation_YOLOv8/train/images/pic-90-_jpg.rf.f684f3079bfb74c1078e8f8dc7e6fd35.jpg,Pothole_Segmentation_YOLOv8/train/labels/pic-90-_jpg.rf.f684f3079bfb74c1078e8f8dc7e6fd35.txt,pic-90,train,640,640,False,True
pothole,Pothole_Segmentation_YOLOv8/train/images/pic-91-_jpg.rf.d4d38cce067db39408794242a91f0efa.jpg,Pothole_Segmentation_YOLOv8/train/labels/pic-91-_jpg.rf.d4d38cce067db39408794242a91f0efa.txt,pic-91,val,640,640,False,True
pothole,Pothole_Segmentation_YOLOv8/train/images/pic-91-_jpg.rf.d541de11cd8503ce68f73abd1fb02717.jpg,Pothole_Segmentation_YOLOv8/train/labels/pic-91-_jpg.rf.d541de11cd8503ce68f73abd1fb02717.txt,pic-91,val,640,640,False,True
pothole,Pothole_Segmentation_YOLOv8/train/images/pic-91-_jpg.rf.fdcc03fa51403644168dfca373c9ee0c.jpg,Pothole_Segmentation_YOLOv8/train/labels/pic-91-_jpg.rf.fdcc03fa51403644168dfca373c9ee0c.txt,pic-91,val,640,640,False,True
pothole,Pothole_Segmentation_YOLOv8/train/images/pic-92-_jpg.rf.453e3b0d19f45cc3adda8b6c2fd35f78.jpg,Pothole_Segmentation_YOLOv8/train/labels/pic-92-_jpg.rf.453e3b0d19f45cc3adda8b6c2fd35f78.txt,pic-92,train,640,640,False,True
pothole,Pothole_Segmentation_YOLOv8/train/images/pic-92-_jpg.rf.495b1e2e681aaf8bd9ec84f29044ff68.jpg,Pothole_Segmentation_YOLOv8/train/labels/pic-92-_jpg.rf.495b1e2e681aaf8bd9ec84f29044ff68.txt,pic-92,train,640,640,False,True
pothole,Pothole_Segmentation_YOLOv8/train/images/pic-92-_jpg.rf.f3247194c884aec0a806958acbda7b38.jpg,Pothole_Segmentation_YOLOv8/train/labels/pic-92-_jpg.rf.f3247194c884aec0a806958acbda7b38.txt,pic-92,train,640,640,False,True
pothole,Pothole_Segmentation_YOLOv8/train/images/pic-93-_jpg.rf.13ed0023300da63a2f33a803df745530.jpg,Pothole_Segmentation_YOLOv8/train/labels/pic-93-_jpg.rf.13ed0023300da63a2f33a803df745530.txt,pic-93,train,640,640,False,True
pothole,Pothole_Segmentation_YOLOv8/train/images/pic-93-_jpg.rf.7a97c10314fb3e87620c30001a1ebda8.jpg,Pothole_Segmentation_YOLOv8/train/labels/pic-93-_jpg.rf.7a97c10314fb3e87620c30001a1ebda8.txt,pic-93,train,640,640,False,True
pothole,Pothole_Segmentation_YOLOv8/train/images/pic-93-_jpg.rf.d1fd0f49bc38e1f7395f550a40ffda27.jpg,Pothole_Segmentation_YOLOv8/train/labels/pic-93-_jpg.rf.d1fd0f49bc38e1f7395f550a40ffda27.txt,pic-93,train,640,640,False,True
pothole,Pothole_Segmentation_YOLOv8/train/images/pic-94-_jpg.rf.2aabac75e10d9308647adbe3285a5498.jpg,Pothole_Segmentation_YOLOv8/train/labels/pic-94-_jpg.rf.2aabac75e10d9308647adbe3285a5498.txt,pic-94,train,640,640,False,True
pothole,Pothole_Segmentation_YOLOv8/train/images/pic-94-_jpg.rf.385cffc613c080827eaa7d1176be5ae3.jpg,Pothole_Segmentation_YOLOv8/train/labels/pic-94-_jpg.rf.385cffc613c080827eaa7d1176be5ae3.txt,pic-94,train,640,640,False,True
pothole,Pothole_Segmentation_YOLOv8/train/images/pic-94-_jpg.rf.ba3925642e2ccb4869665efacd0c7649.jpg,Pothole_Segmentation_YOLOv8/train/labels/pic-94-_jpg.rf.ba3925642e2ccb4869665efacd0c7649.txt,pic-94,train,640,640,False,True
pothole,Pothole_Segmentation_YOLOv8/train/images/pic-96-_jpg.rf.24d21cef4cfb4d0f7bd6bcc6bc047d4c.jpg,Pothole_Segmentation_YOLOv8/train/labels/pic-96-_jpg.rf.24d21cef4cfb4d0f7bd6bcc6bc047d4c.txt,pic-96,train,640,640,False,True
pothole,Pothole_Segmentation_YOLOv8/train/images/pic-96-_jpg.rf.462bc937bdab51c156a191ebd1cfc9c2.jpg,Pothole_Segmentation_YOLOv8/train/labels/pic-96-_jpg.rf.462bc937bdab51c156a191ebd1cfc9c2.txt,pic-96,train,640,640,False,True
pothole,Pothole_Segmentation_YOLOv8/train/images/pic-96-_jpg.rf.de1c39ae1a6f184297eac1814e66ca80.jpg,Pothole_Segmentation_YOLOv8/train/labels/pic-96-_jpg.rf.de1c39ae1a6f184297eac1814e66ca80.txt,pic-96,train,640,640,False,True
pothole,Pothole_Segmentation_YOLOv8/train/images/pic-97-_jpg.rf.405aad85024f81d93922f28864ca1554.jpg,Pothole_Segmentation_YOLOv8/train/labels/pic-97-_jpg.rf.405aad85024f81d93922f28864ca1554.txt,pic-97,train,640,640,False,True
pothole,Pothole_Segmentation_YOLOv8/train/images/pic-97-_jpg.rf.5fdb2665d8114a571692b42b87a9da50.jpg,Pothole_Segmentation_YOLOv8/train/labels/pic-97-_jpg.rf.5fdb2665d8114a571692b42b87a9da50.txt,pic-97,train,640,640,False,True
pothole,Pothole_Segmentation_YOLOv8/train/images/pic-97-_jpg.rf.f126b87cc73c733f34169b87ffbe0a52.jpg,Pothole_Segmentation_YOLOv8/train/labels/pic-97-_jpg.rf.f126b87cc73c733f34169b87ffbe0a52.txt,pic-97,train,640,640,False,True
pothole,Pothole_Segmentation_YOLOv8/train/images/pic-98-_jpg.rf.87c1a2590b120c4cb812f9702e6bc851.jpg,Pothole_Segmentation_YOLOv8/train/labels/pic-98-_jpg.rf.87c1a2590b120c4cb812f9702e6bc851.txt,pic-98,val,640,640,False,True
pothole,Pothole_Segmentation_YOLOv8/train/images/pic-98-_jpg.rf.9f186514621bd6868261aefd8bd19a66.jpg,Pothole_Segmentation_YOLOv8/train/labels/pic-98-_jpg.rf.9f186514621bd6868261aefd8bd19a66.txt,pic-98,val,640,640,False,True
pothole,Pothole_Segmentation_YOLOv8/train/images/pic-98-_jpg.rf.b2a2cf125087b692dbc9ea11ae97ddd4.jpg,Pothole_Segmentation_YOLOv8/train/labels/pic-98-_jpg.rf.b2a2cf125087b692dbc9ea11ae97ddd4.txt,pic-98,val,640,640,False,True
