source,image_path,mask_path_or_label_path,group_id,split,width,height,labels_crack,labels_pothole
road_crack,road crack dataset semantic/valid/road_1041_6_jpg.rf.3ecf39925e0966993a03c2edb50d59d6.jpg,road crack dataset semantic/valid/road_1041_6_jpg.rf.3ecf39925e0966993a03c2edb50d59d6_mask.png,road_1041,train,640,640,True,False
road_crack,road crack dataset semantic/valid/road_1041_2_jpg.rf.5627a185606062a117ad8e9f15e4b4d4.jpg,road crack dataset semantic/valid/road_1041_2_jpg.rf.5627a185606062a117ad8e9f15e4b4d4_mask.png,road_1041,train,640,640,True,False
road_crack,road crack dataset semantic/valid/road_1041_6_jpg.rf.30384a866da250d7b24a44fdb64f7964.jpg,road crack dataset semantic/valid/road_1041_6_jpg.rf.30384a866da250d7b24a44fdb64f7964_mask.png,road_1041,train,640,640,True,False
road_crack,road crack dataset semantic/valid/road_1041_7_jpg.rf.19b8c9e069d5e9fa0b1da8818748ba2f.jpg,road crack dataset semantic/valid/road_1041_7_jpg.rf.19b8c9e069d5e9fa0b1da8818748ba2f_mask.png,road_1041,train,640,640,True,False
road_crack,road crack dataset semantic/valid/road_1041_6_jpg.rf.90e21893aba6099b863f9dc96d454165.jpg,road crack dataset semantic/valid/road_1041_6_jpg.rf.90e21893aba6099b863f9dc96d454165_mask.png,road_1041,train,640,640,True,False
road_crack,road crack dataset semantic/valid/road_1041_5_jpg.rf.e508542ea646ce1ca5677c4d5e4f37a5.jpg,road crack dataset semantic/valid/road_1041_5_jpg.rf.e508542ea646ce1ca5677c4d5e4f37a5_mask.png,road_1041,train,640,640,True,False
road_crack,road crack dataset semantic/valid/road_1041_2_jpg.rf.977ae827314a48c899cae52c7df8387c.jpg,road crack dataset semantic/valid/road_1041_2_jpg.rf.977ae827314a48c899cae52c7df8387c_mask.png,road_1041,train,640,640,True,False
road_crack,road crack dataset semantic/valid/road_1041_2_jpg.rf.ddc674d5adcec47b3b5deb6550ca55fd.jpg,road crack dataset semantic/valid/road_1041_2_jpg.rf.ddc674d5adcec47b3b5deb6550ca55fd_mask.png,road_1041,train,640,640,True,False
road_crack,road crack dataset semantic/valid/road_1041_7_jpg.rf.3b3f4e8690d0a06a0a059e0b7fa7e584.jpg,road crack dataset semantic/valid/road_1041_7_jpg.rf.3b3f4e8690d0a06a0a059e0b7fa7e584_mask.png,road_1041,train,640,640,True,False
road_crack,road crack dataset semantic/valid/road_1041_7_jpg.rf.ac8ad5aec2f0f07a878cdfc993385d57.jpg,road crack dataset semantic/valid/road_1041_7_jpg.rf.ac8ad5aec2f0f07a878cdfc993385d57_mask.png,road_1041,train,640,640,True,False
road_crack,road crack dataset semantic/valid/road_1041_5_jpg.rf.97f3667e64464ed0f66a375c82edfdf9.jpg,road crack dataset semantic/valid/road_1041_5_jpg.rf.97f3667e64464ed0f66a375c82edfdf9_mask.png,road_1041,train,640,640,True,False
road_crack,road crack dataset semantic/valid/road_1041_5_jpg.rf.4ef7d022bd5feef3361c55056263f8f1.jpg,road crack dataset semantic/valid/road_1041_5_jpg.rf.4ef7d022bd5feef3361c55056263f8f1_mask.png,road_1041,train,640,640,True,False
road_crack,road crack dataset semantic/valid/road_1041_7_jpg.rf.048e06e715ee2c3338b21981d32491f4.jpg,road crack dataset semantic/valid/road_1041_7_jpg.rf.048e06e715ee2c3338b21981d32491f4_mask.png,road_1041,train,640,640,True,False
road_crack,road crack dataset semantic/valid/road_1041_2_jpg.rf.3676e8be6f216537f49e39f98098e794.jpg,road crack dataset semantic/valid/road_1041_2_jpg.rf.3676e8be6f216537f49e39f98098e794_mask.png,road_1041,train,640,640,True,False
road_crack,road crack dataset semantic/valid/road_1041_6_jpg.rf.df8703dfb9a9586b0fab08e63f972cad.jpg,road crack dataset semantic/valid/road_1041_6_jpg.rf.df8703dfb9a9586b0fab08e63f972cad_mask.png,road_1041,train,640,640,True,False
road_crack,road crack dataset semantic/valid/road_1041_6_jpg.rf.94ae968d71578b1f4119f43f358acde5.jpg,road crack dataset semantic/valid/road_1041_6_jpg.rf.94ae968d71578b1f4119f43f358acde5_mask.png,road_1041,train,640,640,True,False
road_crack,road crack dataset semantic/valid/road_1041_5_jpg.rf.5e8573b032cbdec668e4808e80773c7c.jpg,road crack dataset semantic/valid/road_1041_5_jpg.rf.5e8573b032cbdec668e4808e80773c7c_mask.png,road_1041,train,640,640,True,False
road_crack,road crack dataset semantic/valid/road_1041_5_jpg.rf.a11efa35272c5214b397effb257b73a0.jpg,road crack dataset semantic/valid/road_1041_5_jpg.rf.a11efa35272c5214b397effb257b73a0_mask.png,road_1041,train,640,640,True,False
road_crack,road crack dataset semantic/valid/road_1041_7_jpg.rf.3958005f87abb9cc3d0aa7d2f45849d9.jpg,road crack dataset semantic/valid/road_1041_7_jpg.rf.3958005f87abb9cc3d0aa7d2f45849d9_mask.png,road_1041,train,640,640,True,False
road_crack,road crack dataset semantic/valid/road_1041_5_jpg.rf.d87980331279b672c1860a8684654527.jpg,road crack dataset semantic/valid/road_1041_5_jpg.rf.d87980331279b672c1860a8684654527_mask.png,road_1041,train,640,640,True,False
road_crack,road crack dataset semantic/valid/road_1041_7_jpg.rf.773474431d91edab7ec0c33e44a40191.jpg,road crack dataset semantic/valid/road_1041_7_jpg.rf.773474431d91edab7ec0c33e44a40191_mask.png,road_1041,train,640,640,True,False
road_crack,road crack dataset semantic/valid/road_1041_7_jpg.rf.f4dd508e16b4e4ec653c1852ff06b79b.jpg,road crack dataset semantic/valid/road_1041_7_jpg.rf.f4dd508e16b4e4ec653c1852ff06b79b_mask.png,road_1041,train,640,640,True,False
road_crack,road crack dataset semantic/valid/road_1041_6_jpg.rf.77c96feeff22ed882fbddb62243e8ec1.jpg,road crack dataset semantic/valid/road_1041_6_jpg.rf.77c96feeff22ed882fbddb62243e8ec1_mask.png,road_1041,train,640,640,True,False
road_crack,road crack dataset semantic/valid/road_1041_6_jpg.rf.db75e451a1f1942ef5df1856e5f2d6eb.jpg,road crack dataset semantic/valid/road_1041_6_jpg.rf.db75e451a1f1942ef5df1856e5f2d6eb_mask.png,road_1041,train,640,640,True,False
road_crack,road crack dataset semantic/valid/road_1041_5_jpg.rf.eec38cc6dbc1df1dbe33c0e886f2b822.jpg,road crack dataset semantic/valid/road_1041_5_jpg.rf.eec38cc6dbc1df1dbe33c0e886f2b822_mask.png,road_1041,train,640,640,True,False
road_crack,road crack dataset semantic/valid/road_1041_6_jpg.rf.825438172975dd895e11e3dff31d598c.jpg,road crack dataset semantic/valid/road_1041_6_jpg.rf.825438172975dd895e11e3dff31d598c_mask.png,road_1041,train,640,640,True,False
road_crack,road crack dataset semantic/valid/road_1041_7_jpg.rf.610611bfb10256739a57e191c59381b6.jpg,road crack dataset semantic/valid/road_1041_7_jpg.rf.610611bfb10256739a57e191c59381b6_mask.png,road_1041,train,640,640,True,False
road_crack,road crack dataset semantic/valid/road_1041_6_jpg.rf.b763ddbb3cc7a89dff51a6b7f849659b.jpg,road crack dataset semantic/valid/road_1041_6_jpg.rf.b763ddbb3cc7a89dff51a6b7f849659b_mask.png,road_1041,train,640,640,True,False
road_crack,road crack dataset semantic/valid/road_1041_5_jpg.rf.dc487f8e51433fa19ff986e5400ce104.jpg,road crack dataset semantic/valid/road_1041_5_jpg.rf.dc487f8e51433fa19ff986e5400ce104_mask.png,road_1041,train,640,640,True,False
road_crack,road crack dataset semantic/train/road_1041_1_jpg.rf.c7df8fbf42fdfdf8958002d1b9e93993.jpg,road crack dataset semantic/train/road_1041_1_jpg.rf.c7df8fbf42fdfdf8958002d1b9e93993_mask.png,road_1041,train,640,640,True,False
road_crack,road crack dataset semantic/train/road_1041_1_jpg.rf.36cc0749a6180fd61db076667cad32dd.jpg,road crack dataset semantic/train/road_1041_1_jpg.rf.36cc0749a6180fd61db076667cad32dd_mask.png,road_1041,train,640,640,True,False
road_crack,road crack dataset semantic/train/road_1041_1_jpg.rf.1d67fdf9d7251047786d91c456f32691.jpg,road crack dataset semantic/train/road_1041_1_jpg.rf.1d67fdf9d7251047786d91c456f32691_mask.png,road_1041,train,640,640,True,False
road_crack,road crack dataset semantic/train/road_1041_1_jpg.rf.e9fa71832b2bae3eb054626ba6a0d075.jpg,road crack dataset semantic/train/road_1041_1_jpg.rf.e9fa71832b2bae3eb054626ba6a0d075_mask.png,road_1041,train,640,640,True,False
road_crack,road crack dataset semantic/train/road_1041_1_jpg.rf.a0abcb415510c0807a98f2f304a427a0.jpg,road crack dataset semantic/train/road_1041_1_jpg.rf.a0abcb415510c0807a98f2f304a427a0_mask.png,road_1041,train,640,640,True,False
road_crack,road crack dataset semantic/train/road_1041_2_jpg.rf.3bab3cf58472f2f2760e7605ffb7bba0.jpg,road crack dataset semantic/train/road_1041_2_jpg.rf.3bab3cf58472f2f2760e7605ffb7bba0_mask.png,road_1041,train,640,640,True,False
road_crack,road crack dataset semantic/train/road_1041_1_jpg.rf.aaaa2a2e529545bea234515b9fcc6ea6.jpg,road crack dataset semantic/train/road_1041_1_jpg.rf.aaaa2a2e529545bea234515b9fcc6ea6_mask.png,road_1041,train,640,640,True,False
road_crack,road crack dataset semantic/train/road_1041_2_jpg.rf.7f85e48848a4556ed64eff869530c7ea.jpg,road crack dataset semantic/train/road_1041_2_jpg.rf.7f85e48848a4556ed64eff869530c7ea_mask.png,road_1041,train,640,640,True,False
road_crack,road crack dataset semantic/train/road_1041_1_jpg.rf.ae2dbe5fcaf2823d024a94665d3394e5.jpg,road crack dataset semantic/train/road_1041_1_jpg.rf.ae2dbe5fcaf2823d024a94665d3394e5_mask.png,road_1041,train,640,640,True,False
road_crack,road crack dataset semantic/valid/road_1043_6_jpg.rf.3bd8098099d3c9733cf3e745832aa773.jpg,road crack dataset semantic/valid/road_1043_6_jpg.rf.3bd8098099d3c9733cf3e745832aa773_mask.png,road_1043,train,640,640,True,False
road_crack,road crack dataset semantic/valid/road_1043_6_jpg.rf.8e7493ff2453857a556ead31169dd793.jpg,road crack dataset semantic/valid/road_1043_6_jpg.rf.8e7493ff2453857a556ead31169dd793_mask.png,road_1043,train,640,640,True,False
road_crack,road crack dataset semantic/valid/road_1043_6_jpg.rf.63be3f3f82fd83d9c2de52a6735eaf1f.jpg,road crack dataset semantic/valid/road_1043_6_jpg.rf.63be3f3f82fd83d9c2de52a6735eaf1f_mask.png,road_1043,train,640,640,True,False
road_crack,road crack dataset semantic/valid/road_1043_6_jpg.rf.3c80772498ef2d178a2dbeebcd6c52c3.jpg,road crack dataset semantic/valid/road_1043_6_jpg.rf.3c80772498ef2d178a2dbeebcd6c52c3_mask.png,road_1043,train,640,640,True,False
road_crack,road crack dataset semantic/valid/road_1043_5_jpg.rf.42b97348cbddf4178aeea47c2d4ca11d.jpg,road crack dataset semantic/valid/road_1043_5_jpg.rf.42b97348cbddf4178aeea47c2d4ca11d_mask.png,road_1043,train,640,640,True,False
road_crack,road crack dataset semantic/valid/road_1043_6_jpg.rf.b9b527fc9f28629148807ce380fbe13c.jpg,road crack dataset semantic/valid/road_1043_6_jpg.rf.b9b527fc9f28629148807ce380fbe13c_mask.png,road_1043,train,640,640,True,False
road_crack,road crack dataset semantic/valid/road_1043_6_jpg.rf.9cba43ddd9dc11580509d6111279a9c0.jpg,road crack dataset semantic/valid/road_1043_6_jpg.rf.9cba43ddd9dc11580509d6111279a9c0_mask.png,road_1043,train,640,640,True,False
road_crack,road crack dataset semantic/valid/road_1043_6_jpg.rf.9ea2380951e6ef8df537a956a65a371b.jpg,road crack dataset semantic/valid/road_1043_6_jpg.rf.9ea2380951e6ef8df537a956a65a371b_mask.png,road_1043,train,640,640,True,False
road_crack,road crack dataset semantic/valid/road_1043_6_jpg.rf.a0201d2da6a168cf829ad91f60c72525.jpg,road crack dataset semantic/valid/road_1043_6_jpg.rf.a0201d2da6a168cf829ad91f60c72525_mask.png,road_1043,train,640,640,True,False
road_crack,road crack dataset semantic/valid/road_1035_5_jpg.rf.6c3f68783c4e2cde4c02e8cc85625a73.jpg,road crack dataset semantic/valid/road_1035_5_jpg.rf.6c3f68783c4e2cde4c02e8cc85625a73_mask.png,road_1035,train,640,640,True,False
road_crack,road crack dataset semantic/valid/Production_1_ortho_merge_20_6_1_jpg.rf.33dc32204ae8611ef0fe8495ab7cbce9.jpg,road crack dataset semantic/valid/Production_1_ortho_merge_20_6_1_jpg.rf.33dc32204ae8611ef0fe8495ab7cbce9_mask.png,Production_1_ortho_merge,train,640,640,True,False
road_crack,road crack dataset semantic/valid/Production_1_ortho_merge_1_10_3_jpg.rf.dec3b8f37db7460ba4e75353c0f615e9.jpg,road crack dataset semantic/valid/Production_1_ortho_merge_1_10_3_jpg.rf.dec3b8f37db7460ba4e75353c0f615e9_mask.png,Production_1_ortho_merge,train,640,640,True,False
road_crack,road crack dataset semantic/valid/Production_1_ortho_merge_30_2_2_jpg.rf.1cbeea84b6cdcd38c46fa713d3670d0d.jpg,road crack dataset semantic/valid/Production_1_ortho_merge_30_2_2_jpg.rf.1cbeea84b6cdcd38c46fa713d3670d0d_mask.png,Production_1_ortho_merge,train,640,640,True,False
road_crack,road crack dataset semantic/valid/Production_1_ortho_merge_11_7_2_jpg.rf.3717958bb880f6b75a858ce00f73c13b.jpg,road crack dataset semantic/valid/Production_1_ortho_merge_11_7_2_jpg.rf.3717958bb880f6b75a858ce00f73c13b_mask.png,Production_1_ortho_merge,train,640,640,True,False
road_crack,road crack dataset semantic/train/Production_1_ortho_merge_3_9_3_jpg.rf.2d208cca5ec73809e87d6bd23bee7570.jpg,road crack dataset semantic/train/Production_1_ortho_merge_3_9_3_jpg.rf.2d208cca5ec73809e87d6bd23bee7570_mask.png,Production_1_ortho_merge,train,640,640,True,False
road_crack,road crack dataset semantic/train/Production_1_ortho_merge_14_6_2_jpg.rf.98f24c62544ded0532c3b237235cd2f2.jpg,road crack dataset semantic/train/Production_1_ortho_merge_14_6_2_jpg.rf.98f24c62544ded0532c3b237235cd2f2_mask.png,Production_1_ortho_merge,train,640,640,True,False
road_crack,road crack dataset semantic/train/Production_1_ortho_merge_12_6_1_jpg.rf.daad435c97f54e79fbf08815f74e60ca.jpg,road crack dataset semantic/train/Production_1_ortho_merge_12_6_1_jpg.rf.daad435c97f54e79fbf08815f74e60ca_mask.png,Production_1_ortho_merge,train,640,640,True,False
road_crack,road crack dataset semantic/train/Production_1_ortho_merge_21_6_2_jpg.rf.86bd95a5a359d48c1a017893ef39b63b.jpg,road crack dataset semantic/train/Production_1_ortho_merge_21_6_2_jpg.rf.86bd95a5a359d48c1a017893ef39b63b_mask.png,Production_1_ortho_merge,train,640,640,True,False
road_crack,road crack dataset semantic/train/Production_1_ortho_merge_10_8_2_jpg.rf.460bec965c63e3ee1fb1cb6251795ad0.jpg,road crack dataset semantic/train/Production_1_ortho_merge_10_8_2_jpg.rf.460bec965c63e3ee1fb1cb6251795ad0_mask.png,Production_1_ortho_merge,train,640,640,True,False
road_crack,road crack dataset semantic/train/Production_1_ortho_merge_3_9_3_jpg.rf.a249f08639f81d47810915eb5c6490fc.jpg,road crack dataset semantic/train/Production_1_ortho_merge_3_9_3_jpg.rf.a249f08639f81d47810915eb5c6490fc_mask.png,Production_1_ortho_merge,train,640,640,True,False
road_crack,road crack dataset semantic/train/Production_1_ortho_merge_21_6_2_jpg.rf.f0d72e667ea6dda1a97f2ec4c39c325f.jpg,road crack dataset semantic/train/Production_1_ortho_merge_21_6_2_jpg.rf.f0d72e667ea6dda1a97f2ec4c39c325f_mask.png,Production_1_ortho_merge,train,640,640,True,False
road_crack,road crack dataset semantic/train/Production_1_ortho_merge_22_5_3_jpg.rf.5a484695efce95aac2b352363bed698d.jpg,road crack dataset semantic/train/Production_1_ortho_merge_22_5_3_jpg.rf.5a484695efce95aac2b352363bed698d_mask.png,Production_1_ortho_merge,train,640,640,True,False
road_crack,road crack dataset semantic/train/Production_1_ortho_merge_24_5_2_jpg.rf.ff63bc1b9ed6c2e25c40e14ef2365585.jpg,road crack dataset semantic/train/Production_1_ortho_merge_24_5_2_jpg.rf.ff63bc1b9ed6c2e25c40e14ef2365585_mask.png,Production_1_ortho_merge,train,640,640,True,False
road_crack,road crack dataset semantic/train/Production_1_ortho_merge_22_5_3_jpg.rf.d64c52bdf16635d1edb4db5dc4b6bdff.jpg,road crack dataset semantic/train/Production_1_ortho_merge_22_5_3_jpg.rf.d64c52bdf16635d1edb4db5dc4b6bdff_mask.png,Production_1_ortho_merge,train,640,640,True,False
road_crack,road crack dataset semantic/train/Production_1_ortho_merge_14_6_0_jpg.rf.8a2101f5e448cfd48f7c612156613625.jpg,road crack dataset semantic/train/Production_1_ortho_merge_14_6_0_jpg.rf.8a2101f5e448cfd48f7c612156613625_mask.png,Production_1_ortho_merge,train,640,640,True,False
road_crack,road crack dataset semantic/train/Production_1_ortho_merge_15_6_0_jpg.rf.19e5c89afe39562b27fda83ca6a80f4a.jpg,road crack dataset semantic/train/Production_1_ortho_merge_15_6_0_jpg.rf.19e5c89afe39562b27fda83ca6a80f4a_mask.png,Production_1_ortho_merge,train,640,640,True,False
road_crack,road crack dataset semantic/train/Production_1_ortho_merge_3_9_3_jpg.rf.2c78d2f37698e44dcf4bcc5e2c63c717.jpg,road crack dataset semantic/train/Production_1_ortho_merge_3_9_3_jpg.rf.2c78d2f37698e44dcf4bcc5e2c63c717_mask.png,Production_1_ortho_merge,train,640,640,True,False
road_crack,road crack dataset semantic/train/Production_1_ortho_merge_18_6_1_jpg.rf.e1651fe8e933dae9db17bf49c89fc077.jpg,road crack dataset semantic/train/Production_1_ortho_merge_18_6_1_jpg.rf.e1651fe8e933dae9db17bf49c89fc077_mask.png,Production_1_ortho_merge,train,640,640,True,False
road_crack,road crack dataset semantic/train/Production_1_ortho_merge_15_6_2_jpg.rf.5bc5c55f14af0634f8c5cfb2e38a909c.jpg,road crack dataset semantic/train/Production_1_ortho_merge_15_6_2_jpg.rf.5bc5c55f14af0634f8c5cfb2e38a909c_mask.png,Production_1_ortho_merge,train,640,640,True,False
road_crack,road crack dataset semantic/train/Production_1_ortho_merge_10_8_2_jpg.rf.7821f4e278c67d1abe6431d27459af8c.jpg,road crack dataset semantic/train/Production_1_ortho_merge_10_8_2_jpg.rf.7821f4e278c67d1abe6431d27459af8c_mask.png,Production_1_ortho_merge,train,640,640,True,False
road_crack,road crack dataset semantic/train/Production_1_ortho_merge_16_6_0_jpg.rf.24f8bcc5c6cc1bf0802f4d164caf62ee.jpg,road crack dataset semantic/train/Production_1_ortho_merge_16_6_0_jpg.rf.24f8bcc5c6cc1bf0802f4d164caf62ee_mask.png,Production_1_ortho_merge,train,640,640,True,False
road_crack,road crack dataset semantic/train/Production_1_ortho_merge_15_6_0_jpg.rf.f47ac75de7a32a79b29999841cb2a61c.jpg,road crack dataset semantic/train/Production_1_ortho_merge_15_6_0_jpg.rf.f47ac75de7a32a79b29999841cb2a61c_mask.png,Production_1_ortho_merge,train,640,640,True,False
road_crack,road crack dataset semantic/train/Production_1_ortho_merge_22_5_3_jpg.rf.5aa5a2c34e5fbec8687274a8a6f318ed.jpg,road crack dataset semantic/train/Production_1_ortho_merge_22_5_3_jpg.rf.5aa5a2c34e5fbec8687274a8a6f318ed_mask.png,Production_1_ortho_merge,train,640,640,True,False
road_crack,road crack dataset semantic/train/Production_1_ortho_merge_21_6_0_jpg.rf.e27948552117caf639e0047786a24f66.jpg,road crack dataset semantic/train/Production_1_ortho_merge_21_6_0_jpg.rf.e27948552117caf639e0047786a24f66_mask.png,Production_1_ortho_merge,train,640,640,True,False
road_crack,road crack dataset semantic/train/Production_1_ortho_merge_12_6_1_jpg.rf.907555ed717862c3357d373a189e28de.jpg,road crack dataset semantic/train/Production_1_ortho_merge_12_6_1_jpg.rf.907555ed717862c3357d373a189e28de_mask.png,Production_1_ortho_merge,train,640,640,True,False
road_crack,road crack dataset semantic/train/Production_1_ortho_merge_10_8_2_jpg.rf.d7fde403745cbdbc3fee619c691e0a50.jpg,road crack dataset semantic/train/Production_1_ortho_merge_10_8_2_jpg.rf.d7fde403745cbdbc3fee619c691e0a50_mask.png,Production_1_ortho_merge,train,640,640,True,False
road_crack,road crack dataset semantic/train/Production_1_ortho_merge_22_5_3_jpg.rf.8aad5216bb10f88e1b1347821be2ff0b.jpg,road crack dataset semantic/train/Production_1_ortho_merge_22_5_3_jpg.rf.8aad5216bb10f88e1b1347821be2ff0b_mask.png,Production_1_ortho_merge,train,640,640,True,False
road_crack,road crack dataset semantic/train/Production_1_ortho_merge_21_6_0_jpg.rf.1d2e4aacab11f949d20e1fad72b3cefe.jpg,road crack dataset semantic/train/Production_1_ortho_merge_21_6_0_jpg.rf.1d2e4aacab11f949d20e1fad72b3cefe_mask.png,Production_1_ortho_merge,train,640,640,True,False
road_crack,road crack dataset semantic/train/Production_1_ortho_merge_18_6_1_jpg.rf.cc8d9453090e2fb56011d6dc199a5cfe.jpg,road crack dataset semantic/train/Production_1_ortho_merge_18_6_1_jpg.rf.cc8d9453090e2fb56011d6dc199a5cfe_mask.png,Production_1_ortho_merge,train,640,640,True,False
road_crack,road crack dataset semantic/train/Production_1_ortho_merge_10_8_0_jpg.rf.09051fec057df247ad4baaedb05d2835.jpg,road crack dataset semantic/train/Production_1_ortho_merge_10_8_0_jpg.rf.09051fec057df247ad4baaedb05d2835_mask.png,Production_1_ortho_merge,train,640,640,True,False
road_crack,road crack dataset semantic/train/Production_1_ortho_merge_18_6_1_jpg.rf.b04ca4641bbf13562907a03029e71b59.jpg,road crack dataset semantic/train/Production_1_ortho_merge_18_6_1_jpg.rf.b04ca4641bbf13562907a03029e71b59_mask.png,Production_1_ortho_merge,train,640,640,True,False
road_crack,road crack dataset semantic/train/Production_1_ortho_merge_24_5_2_jpg.rf.aecb201d0893ce2a5a7b145619767c4f.jpg,road crack dataset semantic/train/Production_1_ortho_merge_24_5_2_jpg.rf.aecb201d0893ce2a5a7b145619767c4f_mask.png,Production_1_ortho_merge,train,640,640,True,False
road_crack,road crack dataset semantic/train/Production_1_ortho_merge_21_6_0_jpg.rf.63df575370fb8c80681917f57d288714.jpg,road crack dataset semantic/train/Production_1_ortho_merge_21_6_0_jpg.rf.63df575370fb8c80681917f57d288714_mask.png,Production_1_ortho_merge,train,640,640,True,False
road_crack,road crack dataset semantic/train/Production_1_ortho_merge_21_6_0_jpg.rf.bb45b2de3919c99f3f9804de801e1dea.jpg,road crack dataset semantic/train/Production_1_ortho_merge_21_6_0_jpg.rf.bb45b2de3919c99f3f9804de801e1dea_mask.png,Production_1_ortho_merge,train,640,640,True,False
road_crack,road crack dataset semantic/train/Production_1_ortho_merge_13_6_0_jpg.rf.7ea8a6ccc33810b4555d5cd19dba565e.jpg,road crack dataset semantic/train/Production_1_ortho_merge_13_6_0_jpg.rf.7ea8a6ccc33810b4555d5cd19dba565e_mask.png,Production_1_ortho_merge,train,640,640,True,False
road_crack,road crack dataset semantic/train/Production_1_ortho_merge_10_8_0_jpg.rf.7a9732d3ebdd284073e20f62a0594cd3.jpg,road crack dataset semantic/train/Production_1_ortho_merge_10_8_0_jpg.rf.7a9732d3ebdd284073e20f62a0594cd3_mask.png,Production_1_ortho_merge,train,640,640,True,False
road_crack,road crack dataset semantic/train/Production_1_ortho_merge_21_6_0_jpg.rf.923667b26e65e8ed368497d0fcc77b8a.jpg,road crack dataset semantic/train/Production_1_ortho_merge_21_6_0_jpg.rf.923667b26e65e8ed368497d0fcc77b8a_mask.png,Production_1_ortho_merge,train,640,640,True,False
road_crack,road crack dataset semantic/train/Production_1_ortho_merge_12_6_1_jpg.rf.ee477f543a2d74c22b89a03fdfacb75e.jpg,road crack dataset semantic/train/Production_1_ortho_merge_12_6_1_jpg.rf.ee477f543a2d74c22b89a03fdfacb75e_mask.png,Production_1_ortho_merge,train,640,640,True,False
road_crack,road crack dataset semantic/train/Production_1_ortho_merge_21_6_2_jpg.rf.d3322881c29323948a4d326ded0fa412.jpg,road crack dataset semantic/train/Production_1_ortho_merge_21_6_2_jpg.rf.d3322881c29323948a4d326ded0fa412_mask.png,Production_1_ortho_merge,train,640,640,True,False
road_crack,road crack dataset semantic/train/Production_1_ortho_merge_3_9_3_jpg.rf.8b398214f1e647392fe8802aaba1b9de.jpg,road crack dataset semantic/train/Production_1_ortho_merge_3_9_3_jpg.rf.8b398214f1e647392fe8802aaba1b9de_mask.png,Production_1_ortho_merge,train,640,640,True,False
road_crack,road crack dataset semantic/train/Production_1_ortho_merge_14_6_0_jpg.rf.9058bfac8c8e781b7dd36cc11b1f162b.jpg,road crack dataset semantic/train/Production_1_ortho_merge_14_6_0_jpg.rf.9058bfac8c8e781b7dd36cc11b1f162b_mask.png,Production_1_ortho_merge,train,640,640,True,False
road_crack,road crack dataset semantic/train/Production_1_ortho_merge_15_6_2_jpg.rf.3c0c4bd33f8ec739a302e97172d18982.jpg,road crack dataset semantic/train/Production_1_ortho_merge_15_6_2_jpg.rf.3c0c4bd33f8ec739a302e97172d18982_mask.png,Production_1_ortho_merge,train,640,640,True,False
road_crack,road crack dataset semantic/train/Production_1_ortho_merge_16_6_0_jpg.rf.ce15471467fde38c012d3dedd2abd5fe.jpg,road crack dataset semantic/train/Production_1_ortho_merge_16_6_0_jpg.rf.ce15471467fde38c012d3dedd2abd5fe_mask.png,Production_1_ortho_merge,train,640,640,True,False
road_crack,road crack dataset semantic/train/Production_1_ortho_merge_12_6_1_jpg.rf.006ca626b60282fded35e0ff70881e04.jpg,road crack dataset semantic/train/Production_1_ortho_merge_12_6_1_jpg.rf.006ca626b60282fded35e0ff70881e04_mask.png,Production_1_ortho_merge,train,640,640,True,False
road_crack,road crack dataset semantic/train/Production_1_ortho_merge_22_5_3_jpg.rf.2004fe3843bb3bc520f29e173f59de9b.jpg,road crack dataset semantic/train/Production_1_ortho_merge_22_5_3_jpg.rf.2004fe3843bb3bc520f29e173f59de9b_mask.png,Production_1_ortho_merge,train,640,640,True,False
road_crack,road crack dataset semantic/train/Production_1_ortho_merge_13_6_0_jpg.rf.bece8a6c8189af24c81e06eaa7a271a0.jpg,road crack dataset semantic/train/Production_1_ortho_merge_13_6_0_jpg.rf.bece8a6c8189af24c81e06eaa7a271a0_mask.png,Production_1_ortho_merge,train,640,640,True,False
road_crack,road crack dataset semantic/train/Production_1_ortho_merge_12_6_1_jpg.rf.525a97911104b94337838e19b7312ff7.jpg,road crack dataset semantic/train/Production_1_ortho_merge_12_6_1_jpg.rf.525a97911104b94337838e19b7312ff7_mask.png,Production_1_ortho_merge,train,640,640,True,False
road_crack,road crack dataset semantic/train/Production_1_ortho_merge_21_6_2_jpg.rf.dad93a132c00b4b4f36cacd32cf84c30.jpg,road crack dataset semantic/train/Production_1_ortho_merge_21_6_2_jpg.rf.dad93a132c00b4b4f36cacd32cf84c30_mask.png,Production_1_ortho_merge,train,640,640,True,False
road_crack,road crack dataset semantic/train/Production_1_ortho_merge_14_6_2_jpg.rf.545bdc9cca4f33965cf59bb94799f978.jpg,road crack dataset semantic/train/Production_1_ortho_merge_14_6_2_jpg.rf.545bdc9cca4f33965cf59bb94799f978_mask.png,Production_1_ortho_merge,train,640,640,True,False
road_crack,road crack dataset semantic/train/Production_1_ortho_merge_10_8_2_jpg.rf.4a45ca10c6e62f6343f954a2a604bdcb.jpg,road crack dataset semantic/train/Production_1_ortho_merge_10_8_2_jpg.rf.4a45ca10c6e62f6343f954a2a604bdcb_mask.png,Production_1_ortho_merge,train,640,640,True,False
road_crack,road crack dataset semantic/train/Production_1_ortho_merge_13_6_0_jpg.rf.9eac7594478ea93512effb142795ce1e.jpg,road crack dataset semantic/train/Production_1_ortho_merge_13_6_0_jpg.rf.9eac7594478ea93512effb142795ce1e_mask.png,Production_1_ortho_merge,train,640,640,True,False
road_crack,road crack dataset semantic/train/Production_1_ortho_merge_22_5_3_jpg.rf.bc155c767664969f85c9b8325e06446a.jpg,road crack dataset semantic/train/Production_1_ortho_merge_22_5_3_jpg.rf.bc155c767664969f85c9b8325e06446a_mask.png,Production_1_ortho_merge,train,640,640,True,False
road_crack,road crack dataset semantic/train/Production_1_ortho_merge_22_5_3_jpg.rf.c94ae81eb54f853b0275efa1c9545693.jpg,road crack dataset semantic/train/Production_1_ortho_merge_22_5_3_jpg.rf.c94ae81eb54f853b0275efa1c9545693_mask.png,Production_1_ortho_merge,train,640,640,True,False
road_crack,road crack dataset semantic/train/Production_1_ortho_merge_22_5_3_jpg.rf.c73209cea8e1adeacda38f66018c12e8.jpg,road crack dataset semantic/train/Production_1_ortho_merge_22_5_3_jpg.rf.c73209cea8e1adeacda38f66018c12e8_mask.png,Production_1_ortho_merge,train,640,640,True,False
road_crack,road crack dataset semantic/train/Production_1_ortho_merge_12_6_1_jpg.rf.e24e9f6facc2f990633aeddf0dd34d55.jpg,road crack dataset semantic/train/Production_1_ortho_merge_12_6_1_jpg.rf.e24e9f6facc2f990633aeddf0dd34d55_mask.png,Production_1_ortho_merge,train,640,640,True,False
road_crack,road crack dataset semantic/train/Production_1_ortho_merge_18_6_1_jpg.rf.ae1f7f88123e95489c47e559efbc9eb5.jpg,road crack dataset semantic/train/Production_1_ortho_merge_18_6_1_jpg.rf.ae1f7f88123e95489c47e559efbc9eb5_mask.png,Production_1_ortho_merge,train,640,640,True,False
road_crack,road crack dataset semantic/train/Production_1_ortho_merge_16_6_0_jpg.rf.bc3710038f8e120c59d548335967293f.jpg,road crack dataset semantic/train/Production_1_ortho_merge_16_6_0_jpg.rf.bc3710038f8e120c59d548335967293f_mask.png,Production_1_ortho_merge,train,640,640,True,False
road_crack,road crack dataset semantic/train/Production_1_ortho_merge_13_6_0_jpg.rf.827a400b060e00a08966363665d5a290.jpg,road crack dataset semantic/train/Production_1_ortho_merge_13_6_0_jpg.rf.827a400b060e00a08966363665d5a290_mask.png,Production_1_ortho_merge,train,640,640,True,False
road_crack,road crack dataset semantic/train/Production_1_ortho_merge_10_8_0_jpg.rf.5f04c4d544b98c8cc52c9d5fae475337.jpg,road crack dataset semantic/train/Production_1_ortho_merge_10_8_0_jpg.rf.5f04c4d544b98c8cc52c9d5fae475337_mask.png,Production_1_ortho_merge,train,640,640,True,False
road_crack,road crack dataset semantic/train/Production_1_ortho_merge_14_6_0_jpg.rf.c5ff27a92f4e0b3d733d1d43e37711c7.jpg,road crack dataset semantic/train/Production_1_ortho_merge_14_6_0_jpg.rf.c5ff27a92f4e0b3d733d1d43e37711c7_mask.png,Production_1_ortho_merge,train,640,640,True,False
road_crack,road crack dataset semantic/train/Production_1_ortho_merge_3_9_3_jpg.rf.4e03fc33935e2f029d828ccad20f1d6f.jpg,road crack dataset semantic/train/Production_1_ortho_merge_3_9_3_jpg.rf.4e03fc33935e2f029d828ccad20f1d6f_mask.png,Production_1_ortho_merge,train,640,640,True,False
road_crack,road crack dataset semantic/train/Production_1_ortho_merge_15_6_0_jpg.rf.7d8b28c36e6b4609e5bc12792652dabf.jpg,road crack dataset semantic/train/Production_1_ortho_merge_15_6_0_jpg.rf.7d8b28c36e6b4609e5bc12792652dabf_mask.png,Production_1_ortho_merge,train,640,640,True,False
road_crack,road crack dataset semantic/train/Production_1_ortho_merge_24_5_2_jpg.rf.c7770f65e6bac8e7a1b0bf2be72cb34d.jpg,road crack dataset semantic/train/Production_1_ortho_merge_24_5_2_jpg.rf.c7770f65e6bac8e7a1b0bf2be72cb34d_mask.png,Production_1_ortho_merge,train,640,640,True,False
road_crack,road crack dataset semantic/train/Production_1_ortho_merge_18_6_1_jpg.rf.7679c112bc0d01fb8bcca22d625575d8.jpg,road crack dataset semantic/train/Production_1_ortho_merge_18_6_1_jpg.rf.7679c112bc0d01fb8bcca22d625575d8_mask.png,Production_1_ortho_merge,train,640,640,True,False
road_crack,road crack dataset semantic/train/Production_1_ortho_merge_16_6_0_jpg.rf.6cb63d5b5b5adad1dbb58927d8fc5964.jpg,road crack dataset semantic/train/Production_1_ortho_merge_16_6_0_jpg.rf.6cb63d5b5b5adad1dbb58927d8fc5964_mask.png,Production_1_ortho_merge,train,640,640,True,False
road_crack,road crack dataset semantic/train/Production_1_ortho_merge_3_9_3_jpg.rf.3eb68b49ce118b9b6e07f4ffab343da4.jpg,road crack dataset semantic/train/Production_1_ortho_merge_3_9_3_jpg.rf.3eb68b49ce118b9b6e07f4ffab343da4_mask.png,Production_1_ortho_merge,train,640,640,True,False
road_crack,road crack dataset semantic/train/Production_1_ortho_merge_12_6_1_jpg.rf.13ea8674c10790483a04bf47199d8d1a.jpg,road crack dataset semantic/train/Production_1_ortho_merge_12_6_1_jpg.rf.13ea8674c10790483a04bf47199d8d1a_mask.png,Production_1_ortho_merge,train,640,640,True,False
road_crack,road crack dataset semantic/train/Production_1_ortho_merge_15_6_2_jpg.rf.2dd65e2267168fd07751e691a07b11c6.jpg,road crack dataset semantic/train/Production_1_ortho_merge_15_6_2_jpg.rf.2dd65e2267168fd07751e691a07b11c6_mask.png,Production_1_ortho_merge,train,640,640,True,False
road_crack,road crack dataset semantic/train/Production_1_ortho_merge_18_6_1_jpg.rf.598dd11e0ba653114eb7e78fff52beac.jpg,road crack dataset semantic/train/Production_1_ortho_merge_18_6_1_jpg.rf.598dd11e0ba653114eb7e78fff52beac_mask.png,Production_1_ortho_merge,train,640,640,True,False
road_crack,road crack dataset semantic/train/Production_1_ortho_merge_13_6_0_jpg.rf.fd2bd9cdf5c537a756be62ddb04f6ce9.jpg,road crack dataset semantic/train/Production_1_ortho_merge_13_6_0_jpg.rf.fd2bd9cdf5c537a756be62ddb04f6ce9_mask.png,Production_1_ortho_merge,train,640,640,True,False
road_crack,road crack dataset semantic/train/Production_1_ortho_merge_3_9_3_jpg.rf.63d414fb26775a433b162ffdf28ae768.jpg,road crack dataset semantic/train/Production_1_ortho_merge_3_9_3_jpg.rf.63d414fb26775a433b162ffdf28ae768_mask.png,Production_1_ortho_merge,train,640,640,True,False
road_crack,road crack dataset semantic/train/Production_1_ortho_merge_3_9_3_jpg.rf.80698e679f99e2227c50262b00f93b78.jpg,road crack dataset semantic/train/Production_1_ortho_merge_3_9_3_jpg.rf.80698e679f99e2227c50262b00f93b78_mask.png,Production_1_ortho_merge,train,640,640,True,False
road_crack,road crack dataset semantic/train/Production_1_ortho_merge_18_6_1_jpg.rf.d48e36bb374c2bf9be7813820905ba51.jpg,road crack dataset semantic/train/Production_1_ortho_merge_18_6_1_jpg.rf.d48e36bb374c2bf9be7813820905ba51_mask.png,Production_1_ortho_merge,train,640,640,True,False
road_crack,road crack dataset semantic/train/Production_1_ortho_merge_14_6_0_jpg.rf.5e131623af4d9553c6fec8c0b03decc1.jpg,road crack dataset semantic/train/Production_1_ortho_merge_14_6_0_jpg.rf.5e131623af4d9553c6fec8c0b03decc1_mask.png,Production_1_ortho_merge,train,640,640,True,False
road_crack,road crack dataset semantic/train/Production_1_ortho_merge_3_9_3_jpg.rf.160219e232c536e7e054fca386491b9b.jpg,road crack dataset semantic/train/Production_1_ortho_merge_3_9_3_jpg.rf.160219e232c536e7e054fca386491b9b_mask.png,Production_1_ortho_merge,train,640,640,True,False
road_crack,road crack dataset semantic/train/Production_1_ortho_merge_15_6_0_jpg.rf.6c3d90a1924f87c2c23002924c212855.jpg,road crack dataset semantic/train/Production_1_ortho_merge_15_6_0_jpg.rf.6c3d90a1924f87c2c23002924c212855_mask.png,Production_1_ortho_merge,train,640,640,True,False
road_crack,road crack dataset semantic/train/Production_1_ortho_merge_21_6_2_jpg.rf.b33583c1cf458bd3e69869d73e3b2f3c.jpg,road crack dataset semantic/train/Production_1_ortho_merge_21_6_2_jpg.rf.b33583c1cf458bd3e69869d73e3b2f3c_mask.png,Production_1_ortho_merge,train,640,640,True,False
road_crack,road crack dataset semantic/train/Production_1_ortho_merge_13_6_0_jpg.rf.a0b6bc86bfd50d45bfccf0372f3a43a1.jpg,road crack dataset semantic/train/Production_1_ortho_merge_13_6_0_jpg.rf.a0b6bc86bfd50d45bfccf0372f3a43a1_mask.png,Production_1_ortho_merge,train,640,640,True,False
road_crack,road crack dataset semantic/train/Production_1_ortho_merge_15_6_0_jpg.rf.351b5cb6295113d484cb8963f268d194.jpg,road crack dataset semantic/train/Production_1_ortho_merge_15_6_0_jpg.rf.351b5cb6295113d484cb8963f268d194_mask.png,Production_1_ortho_merge,train,640,640,True,False
road_crack,road crack dataset semantic/train/Production_1_ortho_merge_13_6_3_jpg.rf.c6f1e20608f4b2d6673bd7d03cf2b526.jpg,road crack dataset semantic/train/Production_1_ortho_merge_13_6_3_jpg.rf.c6f1e20608f4b2d6673bd7d03cf2b526_mask.png,Production_1_ortho_merge,train,640,640,True,False
road_crack,road crack dataset semantic/train/Production_1_ortho_merge_24_5_2_jpg.rf.a529daacb5735352142ac375126c5d16.jpg,road crack dataset semantic/train/Production_1_ortho_merge_24_5_2_jpg.rf.a529daacb5735352142ac375126c5d16_mask.png,Production_1_ortho_merge,train,640,640,True,False
road_crack,road crack dataset semantic/train/Production_1_ortho_merge_14_6_0_jpg.rf.a170b0fab60b12b2e1914759a2598a0a.jpg,road crack dataset semantic/train/Production_1_ortho_merge_14_6_0_jpg.rf.a170b0fab60b12b2e1914759a2598a0a_mask.png,Production_1_ortho_merge,train,640,640,True,False
road_crack,road crack dataset semantic/train/Production_1_ortho_merge_15_6_0_jpg.rf.1e70a7e3d9f2239484a4117f96999cad.jpg,road crack dataset semantic/train/Production_1_ortho_merge_15_6_0_jpg.rf.1e70a7e3d9f2239484a4117f96999cad_mask.png,Production_1_ortho_merge,train,640,640,True,False
road_crack,road crack dataset semantic/train/Production_1_ortho_merge_21_6_0_jpg.rf.9c6cd07247445d02fb13c07a5e6ccfcf.jpg,road crack dataset semantic/train/Production_1_ortho_merge_21_6_0_jpg.rf.9c6cd07247445d02fb13c07a5e6ccfcf_mask.png,Production_1_ortho_merge,train,640,640,True,False
road_crack,road crack dataset semantic/train/Production_1_ortho_merge_14_6_0_jpg.rf.06b138171ef1adba9d6e10b844526d95.jpg,road crack dataset semantic/train/Production_1_ortho_merge_14_6_0_jpg.rf.06b138171ef1adba9d6e10b844526d95_mask.png,Production_1_ortho_merge,train,640,640,True,False
road_crack,road crack dataset semantic/train/Production_1_ortho_merge_14_6_0_jpg.rf.3e4b5457ce1096bfa59b9530d52dbc9d.jpg,road crack dataset semantic/train/Production_1_ortho_merge_14_6_0_jpg.rf.3e4b5457ce1096bfa59b9530d52dbc9d_mask.png,Production_1_ortho_merge,train,640,640,True,False
road_crack,road crack dataset semantic/train/Production_1_ortho_merge_13_6_3_jpg.rf.42808f8f9ccf99b49802c8cb1e28e4c4.jpg,road crack dataset semantic/train/Production_1_ortho_merge_13_6_3_jpg.rf.42808f8f9ccf99b49802c8cb1e28e4c4_mask.png,Production_1_ortho_merge,train,640,640,True,False
road_crack,road crack dataset semantic/train/Production_1_ortho_merge_14_6_0_jpg.rf.caa50a42119feb150a5c0280272fce59.jpg,road crack dataset semantic/train/Production_1_ortho_merge_14_6_0_jpg.rf.caa50a42119feb150a5c0280272fce59_mask.png,Production_1_ortho_merge,train,640,640,True,False
road_crack,road crack dataset semantic/train/Production_1_ortho_merge_24_5_2_jpg.rf.5e2f630742c0a97133e0a4fda498562d.jpg,road crack dataset semantic/train/Production_1_ortho_merge_24_5_2_jpg.rf.5e2f630742c0a97133e0a4fda498562d_mask.png,Production_1_ortho_merge,train,640,640,True,False
road_crack,road crack dataset semantic/train/Production_1_ortho_merge_13_6_3_jpg.rf.83af0a3425f005400c6e8f5c7602640c.jpg,road crack dataset semantic/train/Production_1_ortho_merge_13_6_3_jpg.rf.83af0a3425f005400c6e8f5c7602640c_mask.png,Production_1_ortho_merge,train,640,640,True,False
road_crack,road crack dataset semantic/train/Production_1_ortho_merge_16_6_0_jpg.rf.ac74e0ff4536da3f5f87a6b7060d5f08.jpg,road crack dataset semantic/train/Production_1_ortho_merge_16_6_0_jpg.rf.ac74e0ff4536da3f5f87a6b7060d5f08_mask.png,Production_1_ortho_merge,train,640,640,True,False
road_crack,road crack dataset semantic/train/Production_1_ortho_merge_13_6_0_jpg.rf.62e4def42b68d31252c1b38bd5496b38.jpg,road crack dataset semantic/train/Production_1_ortho_merge_13_6_0_jpg.rf.62e4def42b68d31252c1b38bd5496b38_mask.png,Production_1_ortho_merge,train,640,640,True,False
road_crack,road crack dataset semantic/train/Production_1_ortho_merge_10_8_2_jpg.rf.c2a4ff4e1036089eba9744548c2fbd11.jpg,road crack dataset semantic/train/Production_1_ortho_merge_10_8_2_jpg.rf.c2a4ff4e1036089eba9744548c2fbd11_mask.png,Production_1_ortho_merge,train,640,640,True,False
road_crack,road crack dataset semantic/train/Production_1_ortho_merge_18_6_1_jpg.rf.9d168b9f14ce5ed2c3b1b4a4c2cbdb52.jpg,road crack dataset semantic/train/Production_1_ortho_merge_18_6_1_jpg.rf.9d168b9f14ce5ed2c3b1b4a4c2cbdb52_mask.png,Production_1_ortho_merge,train,640,640,True,False
road_crack,road crack dataset semantic/train/Production_1_ortho_merge_13_6_0_jpg.rf.d61cc4a20884af28f58ba8634a754265.jpg,road crack dataset semantic/train/Production_1_ortho_merge_13_6_0_jpg.rf.d61cc4a20884af28f58ba8634a754265_mask.png,Production_1_ortho_merge,train,640,640,True,False
road_crack,road crack dataset semantic/train/Production_1_ortho_merge_21_6_0_jpg.rf.9ef79f6dcf1a8976d5c9f2a69f0515fc.jpg,road crack dataset semantic/train/Production_1_ortho_merge_21_6_0_jpg.rf.9ef79f6dcf1a8976d5c9f2a69f0515fc_mask.png,Production_1_ortho_merge,train,640,640,True,False
road_crack,road crack dataset semantic/train/Production_1_ortho_merge_15_6_0_jpg.rf.ffef62f31439479f0db2ccbfc9cc1db6.jpg,road crack dataset semantic/train/Production_1_ortho_merge_15_6_0_jpg.rf.ffef62f31439479f0db2ccbfc9cc1db6_mask.png,Production_1_ortho_merge,train,640,640,True,False
road_crack,road crack dataset semantic/train/Production_1_ortho_merge_21_6_0_jpg.rf.3d9990c251ffc6a4ceba6f53db91bdcf.jpg,road crack dataset semantic/train/Production_1_ortho_merge_21_6_0_jpg.rf.3d9990c251ffc6a4ceba6f53db91bdcf_mask.png,Production_1_ortho_merge,train,640,640,True,False
road_crack,road crack dataset semantic/train/Production_1_ortho_merge_16_6_0_jpg.rf.ba3f003b76a3cfe59d3f6a1ed01ddc69.jpg,road crack dataset semantic/train/Production_1_ortho_merge_16_6_0_jpg.rf.ba3f003b76a3cfe59d3f6a1ed01ddc69_mask.png,Production_1_ortho_merge,train,640,640,True,False
road_crack,road crack dataset semantic/train/Production_1_ortho_merge_12_6_1_jpg.rf.94d92da273d23b93980ecdbfdff0338c.jpg,road crack dataset semantic/train/Production_1_ortho_merge_12_6_1_jpg.rf.94d92da273d23b93980ecdbfdff0338c_mask.png,Production_1_ortho_merge,train,640,640,True,False
road_crack,road crack dataset semantic/train/Production_1_ortho_merge_21_6_2_jpg.rf.046d6824608ceb5814a908f5ddfb74bb.jpg,road crack dataset semantic/train/Production_1_ortho_merge_21_6_2_jpg.rf.046d6824608ceb5814a908f5ddfb74bb_mask.png,Production_1_ortho_merge,train,640,640,True,False
road_crack,road crack dataset semantic/train/Production_1_ortho_merge_10_8_2_jpg.rf.01abab0e1b3ac1a4d7ddf0f4ce55d6c6.jpg,road crack dataset semantic/train/Production_1_ortho_merge_10_8_2_jpg.rf.01abab0e1b3ac1a4d7ddf0f4ce55d6c6_mask.png,Production_1_ortho_merge,train,640,640,True,False
road_crack,road crack dataset semantic/valid/road_1047_6_jpg.rf.aac632486bb3f74cd1d87c56bedc2f68.jpg,road crack dataset semantic/valid/road_1047_6_jpg.rf.aac632486bb3f74cd1d87c56bedc2f68_mask.png,road_1047,test,640,640,True,False
road_crack,road crack dataset semantic/valid/road_1047_6_jpg.rf.824c535d9c4b879f413a37c86c944a1f.jpg,road crack dataset semantic/valid/road_1047_6_jpg.rf.824c535d9c4b879f413a37c86c944a1f_mask.png,road_1047,test,640,640,True,False
road_crack,road crack dataset semantic/valid/road_1047_6_jpg.rf.a7b15c72f04f86cb49162d63cdb315ee.jpg,road crack dataset semantic/valid/road_1047_6_jpg.rf.a7b15c72f04f86cb49162d63cdb315ee_mask.png,road_1047,test,640,640,True,False
road_crack,road crack dataset semantic/valid/road_1047_1_jpg.rf.08eeaefeb2d3e5e164c42931ae238c7f.jpg,road crack dataset semantic/valid/road_1047_1_jpg.rf.08eeaefeb2d3e5e164c42931ae238c7f_mask.png,road_1047,test,640,640,True,False
road_crack,road crack dataset semantic/valid/road_1047_1_jpg.rf.34b3e9403644f09869ce04f249b8ebe6.jpg,road crack dataset semantic/valid/road_1047_1_jpg.rf.34b3e9403644f09869ce04f249b8ebe6_mask.png,road_1047,test,640,640,True,False
road_crack,road crack dataset semantic/valid/road_1047_1_jpg.rf.7a47106a46fdec2df17cf617c69e8895.jpg,road crack dataset semantic/valid/road_1047_1_jpg.rf.7a47106a46fdec2df17cf617c69e8895_mask.png,road_1047,test,640,640,True,False
road_crack,road crack dataset semantic/valid/road_1047_5_jpg.rf.27b82944918cae2bc800f0d4556b1495.jpg,road crack dataset semantic/valid/road_1047_5_jpg.rf.27b82944918cae2bc800f0d4556b1495_mask.png,road_1047,test,640,640,True,False
road_crack,road crack dataset semantic/valid/road_1047_6_jpg.rf.bcb96bcf6355f03267c301130d58b795.jpg,road crack dataset semantic/valid/road_1047_6_jpg.rf.bcb96bcf6355f03267c301130d58b795_mask.png,road_1047,test,640,640,True,False
road_crack,road crack dataset semantic/valid/road_1047_6_jpg.rf.369270feb265af5c6e091b139c9ea166.jpg,road crack dataset semantic/valid/road_1047_6_jpg.rf.369270feb265af5c6e091b139c9ea166_mask.png,road_1047,test,640,640,True,False
road_crack,road crack dataset semantic/valid/road_1047_6_jpg.rf.8f222641b9189d32f5f81115741b08e9.jpg,road crack dataset semantic/valid/road_1047_6_jpg.rf.8f222641b9189d32f5f81115741b08e9_mask.png,road_1047,test,640,640,True,False
road_crack,road crack dataset semantic/valid/road_1047_5_jpg.rf.f8d18a91dff3c2c77bb1902dfc83ed15.jpg,road crack dataset semantic/valid/road_1047_5_jpg.rf.f8d18a91dff3c2c77bb1902dfc83ed15_mask.png,road_1047,test,640,640,True,False
road_crack,road crack dataset semantic/valid/road_1047_6_jpg.rf.2c632c000cb75223106b1470577b900b.jpg,road crack dataset semantic/valid/road_1047_6_jpg.rf.2c632c000cb75223106b1470577b900b_mask.png,road_1047,test,640,640,True,False
road_crack,road crack dataset semantic/valid/road_1047_6_jpg.rf.9ecced98d7403996108e05200c78df6f.jpg,road crack dataset semantic/valid/road_1047_6_jpg.rf.9ecced98d7403996108e05200c78df6f_mask.png,road_1047,test,640,640,True,False
road_crack,road crack dataset semantic/valid/road_1047_1_jpg.rf.4750bb84bfdfdda702e015ee67609ede.jpg,road crack dataset semantic/valid/road_1047_1_jpg.rf.4750bb84bfdfdda702e015ee67609ede_mask.png,road_1047,test,640,640,True,False
road_crack,road crack dataset semantic/valid/road_1047_5_jpg.rf.b865581562cebf8a1cbe8dfa2cab22d6.jpg,road crack dataset semantic/valid/road_1047_5_jpg.rf.b865581562cebf8a1cbe8dfa2cab22d6_mask.png,road_1047,test,640,640,True,False
road_crack,road crack dataset semantic/valid/road_1047_1_jpg.rf.5cd96867eb49dc4c49d10813a3855bc0.jpg,road crack dataset semantic/valid/road_1047_1_jpg.rf.5cd96867eb49dc4c49d10813a3855bc0_mask.png,road_1047,test,640,640,True,False
road_crack,road crack dataset semantic/valid/road_1047_6_jpg.rf.e4045054d3dae2ef82b24c698449ed90.jpg,road crack dataset semantic/valid/road_1047_6_jpg.rf.e4045054d3dae2ef82b24c698449ed90_mask.png,road_1047,test,640,640,True,False
road_crack,road crack dataset semantic/valid/road_1048_5_jpg.rf.c73e30d80fd367acd9ae41aeaa0b8775.jpg,road crack dataset semantic/valid/road_1048_5_jpg.rf.c73e30d80fd367acd9ae41aeaa0b8775_mask.png,road_1048,train,640,640,True,False
road_crack,road crack dataset semantic/valid/road_1048_2_jpg.rf.d4f4d93811dec5ab19fdabbc1d2ec2e3.jpg,road crack dataset semantic/valid/road_1048_2_jpg.rf.d4f4d93811dec5ab19fdabbc1d2ec2e3_mask.png,road_1048,train,640,640,True,False
road_crack,road crack dataset semantic/valid/road_1048_2_jpg.rf.516075d70f108bab07eb9888167234b6.jpg,road crack dataset semantic/valid/road_1048_2_jpg.rf.516075d70f108bab07eb9888167234b6_mask.png,road_1048,train,640,640,True,False
road_crack,road crack dataset semantic/valid/road_1048_1_jpg.rf.ad10fd84ece045c3c40fff93ef8e6725.jpg,road crack dataset semantic/valid/road_1048_1_jpg.rf.ad10fd84ece045c3c40fff93ef8e6725_mask.png,road_1048,train,640,640,True,False
road_crack,road crack dataset semantic/valid/road_1048_1_jpg.rf.db6a60b017dbf9fec0f89d2210ab65c6.jpg,road crack dataset semantic/valid/road_1048_1_jpg.rf.db6a60b017dbf9fec0f89d2210ab65c6_mask.png,road_1048,train,640,640,True,False
road_crack,road crack dataset semantic/valid/road_1048_2_jpg.rf.d782710a21c3b57328cf532517944b7a.jpg,road crack dataset semantic/valid/road_1048_2_jpg.rf.d782710a21c3b57328cf532517944b7a_mask.png,road_1048,train,640,640,True,False
road_crack,road crack dataset semantic/valid/road_1048_1_jpg.rf.7b156e740ceff8d818139f759d7e64e1.jpg,road crack dataset semantic/valid/road_1048_1_jpg.rf.7b156e740ceff8d818139f759d7e64e1_mask.png,road_1048,train,640,640,True,False
road_crack,road crack dataset semantic/valid/road_1048_2_jpg.rf.e19cfd519fb63017169f1a881091c36e.jpg,road crack dataset semantic/valid/road_1048_2_jpg.rf.e19cfd519fb63017169f1a881091c36e_mask.png,road_1048,train,640,640,True,False
road_crack,road crack dataset semantic/valid/road_1048_1_jpg.rf.e4e8b80e431aea6bc4551ab835f0f60f.jpg,road crack dataset semantic/valid/road_1048_1_jpg.rf.e4e8b80e431aea6bc4551ab835f0f60f_mask.png,road_1048,train,640,640,True,False
road_crack,road crack dataset semantic/valid/road_1048_2_jpg.rf.73fdf17c0f3634ee5bf050a62bc81b0e.jpg,road crack dataset semantic/valid/road_1048_2_jpg.rf.73fdf17c0f3634ee5bf050a62bc81b0e_mask.png,road_1048,train,640,640,True,False
road_crack,road crack dataset semantic/valid/road_1048_1_jpg.rf.64ad288bae4b5a00c0c6a794bf435cc7.jpg,road crack dataset semantic/valid/road_1048_1_jpg.rf.64ad288bae4b5a00c0c6a794bf435cc7_mask.png,road_1048,train,640,640,True,False
road_crack,road crack dataset semantic/valid/road_1048_1_jpg.rf.39db057f3aa55f533eb23a1a65f0124b.jpg,road crack dataset semantic/valid/road_1048_1_jpg.rf.39db057f3aa55f533eb23a1a65f0124b_mask.png,road_1048,train,640,640,True,False
road_crack,road crack dataset semantic/valid/road_1048_2_jpg.rf.fc8533e6e7a79a9718f46530d9be632a.jpg,road crack dataset semantic/valid/road_1048_2_jpg.rf.fc8533e6e7a79a9718f46530d9be632a_mask.png,road_1048,train,640,640,True,False
road_crack,road crack dataset semantic/valid/road_1048_2_jpg.rf.7fed155e15c6ff267145ebeef00f8208.jpg,road crack dataset semantic/valid/road_1048_2_jpg.rf.7fed155e15c6ff267145ebeef00f8208_mask.png,road_1048,train,640,640,True,False
road_crack,road crack dataset semantic/valid/road_1048_1_jpg.rf.98b6b5a9c9d6f94166e2de4b2c6e69b7.jpg,road crack dataset semantic/valid/road_1048_1_jpg.rf.98b6b5a9c9d6f94166e2de4b2c6e69b7_mask.png,road_1048,train,640,640,True,False
road_crack,road crack dataset semantic/valid/road_1048_1_jpg.rf.62987e628d43849efe8fad12f77b1bfc.jpg,road crack dataset semantic/valid/road_1048_1_jpg.rf.62987e628d43849efe8fad12f77b1bfc_mask.png,road_1048,train,640,640,True,False
road_crack,road crack dataset semantic/valid/road_1048_2_jpg.rf.0fcc7e58f28f490984f199c7333c98a4.jpg,road crack dataset semantic/valid/road_1048_2_jpg.rf.0fcc7e58f28f490984f199c7333c98a4_mask.png,road_1048,train,640,640,True,False
road_crack,road crack dataset semantic/valid/road_1048_1_jpg.rf.70995ed46a85034bbfa31735bf8a170b.jpg,road crack dataset semantic/valid/road_1048_1_jpg.rf.70995ed46a85034bbfa31735bf8a170b_mask.png,road_1048,train,640,640,True,False
road_crack,road crack dataset semantic/valid/road_1007_5_jpg.rf.e9e717d2c08cbcb7190a4da1fccb5b96.jpg,road crack dataset semantic/valid/road_1007_5_jpg.rf.e9e717d2c08cbcb7190a4da1fccb5b96_mask.png,road_1007,train,640,640,True,False
road_crack,road crack dataset semantic/valid/road_1030_5_jpg.rf.2faebdd1833f73736034344a63f752c6.jpg,road crack dataset semantic/valid/road_1030_5_jpg.rf.2faebdd1833f73736034344a63f752c6_mask.png,road_1030,train,640,640,True,False
road_crack,road crack dataset semantic/valid/road_1030_0_jpg.rf.809fa9d081c879ab97926d9698d1d3d7.jpg,road crack dataset semantic/valid/road_1030_0_jpg.rf.809fa9d081c879ab97926d9698d1d3d7_mask.png,road_1030,train,640,640,True,False
road_crack,road crack dataset semantic/train/road_1030_4_jpg.rf.eca381008c492460dd23c249fdae7a2e.jpg,road crack dataset semantic/train/road_1030_4_jpg.rf.eca381008c492460dd23c249fdae7a2e_mask.png,road_1030,train,640,640,True,False
road_crack,road crack dataset semantic/train/road_1030_1_jpg.rf.addecde7159d85e60cadb3dfdd902426.jpg,road crack dataset semantic/train/road_1030_1_jpg.rf.addecde7159d85e60cadb3dfdd902426_mask.png,road_1030,train,640,640,True,False
road_crack,road crack dataset semantic/train/road_1030_1_jpg.rf.5d6bc39a56ce86b2361359be08983033.jpg,road crack dataset semantic/train/road_1030_1_jpg.rf.5d6bc39a56ce86b2361359be08983033_mask.png,road_1030,train,640,640,True,False
road_crack,road crack dataset semantic/train/road_1030_4_jpg.rf.fdc2f09b0fba9ee5bd622328c207d1b6.jpg,road crack dataset semantic/train/road_1030_4_jpg.rf.fdc2f09b0fba9ee5bd622328c207d1b6_mask.png,road_1030,train,640,640,True,False
road_crack,road crack dataset semantic/train/road_1030_4_jpg.rf.cc998e2403596a41a0896b18501199c8.jpg,road crack dataset semantic/train/road_1030_4_jpg.rf.cc998e2403596a41a0896b18501199c8_mask.png,road_1030,train,640,640,True,False
road_crack,road crack dataset semantic/train/road_1030_1_jpg.rf.20431e5820443a98e915ec89ee0e0063.jpg,road crack dataset semantic/train/road_1030_1_jpg.rf.20431e5820443a98e915ec89ee0e0063_mask.png,road_1030,train,640,640,True,False
road_crack,road crack dataset semantic/train/road_1030_4_jpg.rf.b7c2c7c048ffa21b9a1d3770876a73ac.jpg,road crack dataset semantic/train/road_1030_4_jpg.rf.b7c2c7c048ffa21b9a1d3770876a73ac_mask.png,road_1030,train,640,640,True,False
road_crack,road crack dataset semantic/train/road_1030_1_jpg.rf.94ed8abe0064e322c007f209fdceade5.jpg,road crack dataset semantic/train/road_1030_1_jpg.rf.94ed8abe0064e322c007f209fdceade5_mask.png,road_1030,train,640,640,True,False
road_crack,road crack dataset semantic/train/road_1030_1_jpg.rf.092214f12e61d8ed807ff20170c03a35.jpg,road crack dataset semantic/train/road_1030_1_jpg.rf.092214f12e61d8ed807ff20170c03a35_mask.png,road_1030,train,640,640,True,False
road_crack,road crack dataset semantic/train/road_1030_4_jpg.rf.a638f7c9381be18bc26649d9b2dec500.jpg,road crack dataset semantic/train/road_1030_4_jpg.rf.a638f7c9381be18bc26649d9b2dec500_mask.png,road_1030,train,640,640,True,False
road_crack,road crack dataset semantic/train/road_1030_4_jpg.rf.f1cf967fbc99f28ed7342fab89873f86.jpg,road crack dataset semantic/train/road_1030_4_jpg.rf.f1cf967fbc99f28ed7342fab89873f86_mask.png,road_1030,train,640,640,True,False
road_crack,road crack dataset semantic/train/road_1030_4_jpg.rf.38a9fe20b9559413c69c32f7e28c4526.jpg,road crack dataset semantic/train/road_1030_4_jpg.rf.38a9fe20b9559413c69c32f7e28c4526_mask.png,road_1030,train,640,640,True,False
road_crack,road crack dataset semantic/train/road_1030_1_jpg.rf.6f3d12cb8318be95939eb0d05f3b88b7.jpg,road crack dataset semantic/train/road_1030_1_jpg.rf.6f3d12cb8318be95939eb0d05f3b88b7_mask.png,road_1030,train,640,640,True,False
road_crack,road crack dataset semantic/train/road_1030_4_jpg.rf.4587ef1ec2d02a8ec65061e49ed68ea7.jpg,road crack dataset semantic/train/road_1030_4_jpg.rf.4587ef1ec2d02a8ec65061e49ed68ea7_mask.png,road_1030,train,640,640,True,False
road_crack,road crack dataset semantic/valid/road_1001_1_jpg.rf.4bef8b710ebbbb320f0b976d7df4bbd4.jpg,road crack dataset semantic/valid/road_1001_1_jpg.rf.4bef8b710ebbbb320f0b976d7df4bbd4_mask.png,road_1001,val,640,640,True,False
road_crack,road crack dataset semantic/train/road_1001_2_jpg.rf.652c417741410e0fdf2e8547b6c68fe0.jpg,road crack dataset semantic/train/road_1001_2_jpg.rf.652c417741410e0fdf2e8547b6c68fe0_mask.png,road_1001,val,640,640,True,False
road_crack,road crack dataset semantic/train/road_1001_2_jpg.rf.48b4764b66ee49bed88dcb5aae9f10ea.jpg,road crack dataset semantic/train/road_1001_2_jpg.rf.48b4764b66ee49bed88dcb5aae9f10ea_mask.png,road_1001,val,640,640,True,False
road_crack,road crack dataset semantic/train/road_1001_0_jpg.rf.12c0ad1cfc21722f747f785f6df122ef.jpg,road crack dataset semantic/train/road_1001_0_jpg.rf.12c0ad1cfc21722f747f785f6df122ef_mask.png,road_1001,val,640,640,True,False
road_crack,road crack dataset semantic/train/road_1001_5_jpg.rf.e949f19d8c059c71f0acf885a8737532.jpg,road crack dataset semantic/train/road_1001_5_jpg.rf.e949f19d8c059c71f0acf885a8737532_mask.png,road_1001,val,640,640,True,False
road_crack,road crack dataset semantic/train/road_1001_2_jpg.rf.2ccd6e9f32db5e838051b5ec117ba583.jpg,road crack dataset semantic/train/road_1001_2_jpg.rf.2ccd6e9f32db5e838051b5ec117ba583_mask.png,road_1001,val,640,640,True,False
road_crack,road crack dataset semantic/train/road_1001_5_jpg.rf.216f93f4bbff1ac944448c3903a56df1.jpg,road crack dataset semantic/train/road_1001_5_jpg.rf.216f93f4bbff1ac944448c3903a56df1_mask.png,road_1001,val,640,640,True,False
road_crack,road crack dataset semantic/train/road_1001_2_jpg.rf.379f38dcdd1fc71ef68788be484744fa.jpg,road crack dataset semantic/train/road_1001_2_jpg.rf.379f38dcdd1fc71ef68788be484744fa_mask.png,road_1001,val,640,640,True,False
road_crack,road crack dataset semantic/train/road_1001_0_jpg.rf.b9c5022c298c75cc4eef119d7945fe88.jpg,road crack dataset semantic/train/road_1001_0_jpg.rf.b9c5022c298c75cc4eef119d7945fe88_mask.png,road_1001,val,640,640,True,False
road_crack,road crack dataset semantic/train/road_1001_5_jpg.rf.43af7feafc20d8307fb8ca95650b4c4c.jpg,road crack dataset semantic/train/road_1001_5_jpg.rf.43af7feafc20d8307fb8ca95650b4c4c_mask.png,road_1001,val,640,640,True,False
road_crack,road crack dataset semantic/train/road_1001_0_jpg.rf.7534be8082a6ab203a3a736d5c21ada1.jpg,road crack dataset semantic/train/road_1001_0_jpg.rf.7534be8082a6ab203a3a736d5c21ada1_mask.png,road_1001,val,640,640,True,False
road_crack,road crack dataset semantic/train/road_1001_0_jpg.rf.bb0f21dcfdbaf798e18ec46c429a5a94.jpg,road crack dataset semantic/train/road_1001_0_jpg.rf.bb0f21dcfdbaf798e18ec46c429a5a94_mask.png,road_1001,val,640,640,True,False
road_crack,road crack dataset semantic/train/road_1001_0_jpg.rf.ae1287608c6ea6417bc83d277c952480.jpg,road crack dataset semantic/train/road_1001_0_jpg.rf.ae1287608c6ea6417bc83d277c952480_mask.png,road_1001,val,640,640,True,False
road_crack,road crack dataset semantic/train/road_1001_5_jpg.rf.8551242902ada3744713a61d2e1cdb47.jpg,road crack dataset semantic/train/road_1001_5_jpg.rf.8551242902ada3744713a61d2e1cdb47_mask.png,road_1001,val,640,640,True,False
road_crack,road crack dataset semantic/train/road_1001_0_jpg.rf.9b09bade7f7ec80bf2856c14e7747497.jpg,road crack dataset semantic/train/road_1001_0_jpg.rf.9b09bade7f7ec80bf2856c14e7747497_mask.png,road_1001,val,640,640,True,False
road_crack,road crack dataset semantic/train/road_1001_5_jpg.rf.76d4f8d47a3b0618e4050e990853871c.jpg,road crack dataset semantic/train/road_1001_5_jpg.rf.76d4f8d47a3b0618e4050e990853871c_mask.png,road_1001,val,640,640,True,False
road_crack,road crack dataset semantic/train/road_1001_0_jpg.rf.a3855ee05c14a52dd1f0a52ba7e60548.jpg,road crack dataset semantic/train/road_1001_0_jpg.rf.a3855ee05c14a52dd1f0a52ba7e60548_mask.png,road_1001,val,640,640,True,False
road_crack,road crack dataset semantic/train/road_1001_2_jpg.rf.79ef474993f8f728eedfcd4da3eef2dd.jpg,road crack dataset semantic/train/road_1001_2_jpg.rf.79ef474993f8f728eedfcd4da3eef2dd_mask.png,road_1001,val,640,640,True,False
road_crack,road crack dataset semantic/train/road_1001_2_jpg.rf.f57314f6915430b523b3b2a386246872.jpg,road crack dataset semantic/train/road_1001_2_jpg.rf.f57314f6915430b523b3b2a386246872_mask.png,road_1001,val,640,640,True,False
road_crack,road crack dataset semantic/train/road_1001_5_jpg.rf.d85e4072f5205e3b75bba17028f7a4d1.jpg,road crack dataset semantic/train/road_1001_5_jpg.rf.d85e4072f5205e3b75bba17028f7a4d1_mask.png,road_1001,val,640,640,True,False
road_crack,road crack dataset semantic/train/road_1001_2_jpg.rf.06f8872a0c55caf5680890341abe7fd5.jpg,road crack dataset semantic/train/road_1001_2_jpg.rf.06f8872a0c55caf5680890341abe7fd5_mask.png,road_1001,val,640,640,True,False
road_crack,road crack dataset semantic/train/road_1001_5_jpg.rf.1840b14ff4e20c4fda5339a3978435ec.jpg,road crack dataset semantic/train/road_1001_5_jpg.rf.1840b14ff4e20c4fda5339a3978435ec_mask.png,road_1001,val,640,640,True,False
road_crack,road crack dataset semantic/train/road_1001_2_jpg.rf.44a08e56c99ca03e4524be71fcb756d9.jpg,road crack dataset semantic/train/road_1001_2_jpg.rf.44a08e56c99ca03e4524be71fcb756d9_mask.png,road_1001,val,640,640,True,False
road_crack,road crack dataset semantic/train/road_1001_0_jpg.rf.79dbc96af20b852d9bcf0dd57f416c04.jpg,road crack dataset semantic/train/road_1001_0_jpg.rf.79dbc96af20b852d9bcf0dd57f416c04_mask.png,road_1001,val,640,640,True,False
road_crack,road crack dataset semantic/train/road_1001_5_jpg.rf.f02485f579ebff7dc930a562ce143070.jpg,road crack dataset semantic/train/road_1001_5_jpg.rf.f02485f579ebff7dc930a562ce143070_mask.png,road_1001,val,640,640,True,False
road_crack,road crack dataset semantic/train/road_1001_5_jpg.rf.f7a1c99b093e285f7cc20b7c6e8972ac.jpg,road crack dataset semantic/train/road_1001_5_jpg.rf.f7a1c99b093e285f7cc20b7c6e8972ac_mask.png,road_1001,val,640,640,True,False
road_crack,road crack dataset semantic/valid/road_1002_5_jpg.rf.14e53e3d90ce0c15d8515835bbf9103b.jpg,road crack dataset semantic/valid/road_1002_5_jpg.rf.14e53e3d90ce0c15d8515835bbf9103b_mask.png,road_1002,test,640,640,True,False
road_crack,road crack dataset semantic/valid/road_1002_4_jpg.rf.a7caa7d617354ff0b98c089e33bccc08.jpg,road crack dataset semantic/valid/road_1002_4_jpg.rf.a7caa7d617354ff0b98c089e33bccc08_mask.png,road_1002,test,640,640,True,False
road_crack,road crack dataset semantic/train/road_1002_0_jpg.rf.a985e94532bd109eae635345c083e9c2.jpg,road crack dataset semantic/train/road_1002_0_jpg.rf.a985e94532bd109eae635345c083e9c2_mask.png,road_1002,test,640,640,True,False
road_crack,road crack dataset semantic/train/road_1002_1_jpg.rf.3ca922ca52fdc1a14454b706d89b8d40.jpg,road crack dataset semantic/train/road_1002_1_jpg.rf.3ca922ca52fdc1a14454b706d89b8d40_mask.png,road_1002,test,640,640,True,False
road_crack,road crack dataset semantic/train/road_1002_0_jpg.rf.6bece09b2911da7dfd9e6dc1d1fec906.jpg,road crack dataset semantic/train/road_1002_0_jpg.rf.6bece09b2911da7dfd9e6dc1d1fec906_mask.png,road_1002,test,640,640,True,False
road_crack,road crack dataset semantic/train/road_1002_2_jpg.rf.fdce2d89c5f5106ef13105557c4a1836.jpg,road crack dataset semantic/train/road_1002_2_jpg.rf.fdce2d89c5f5106ef13105557c4a1836_mask.png,road_1002,test,640,640,True,False
road_crack,road crack dataset semantic/train/road_1002_1_jpg.rf.a409d39cc8b8d1bfbb4a36ee95885031.jpg,road crack dataset semantic/train/road_1002_1_jpg.rf.a409d39cc8b8d1bfbb4a36ee95885031_mask.png,road_1002,test,640,640,True,False
road_crack,road crack dataset semantic/train/road_1002_0_jpg.rf.8b6620043c38cd171865e0a29665b035.jpg,road crack dataset semantic/train/road_1002_0_jpg.rf.8b6620043c38cd171865e0a29665b035_mask.png,road_1002,test,640,640,True,False
road_crack,road crack dataset semantic/train/road_1002_0_jpg.rf.0e1e9be4b7565553f4c283109bee02f8.jpg,road crack dataset semantic/train/road_1002_0_jpg.rf.0e1e9be4b7565553f4c283109bee02f8_mask.png,road_1002,test,640,640,True,False
road_crack,road crack dataset semantic/train/road_1002_0_jpg.rf.1eafaff605e7aee5e36814ef3290c345.jpg,road crack dataset semantic/train/road_1002_0_jpg.rf.1eafaff605e7aee5e36814ef3290c345_mask.png,road_1002,test,640,640,True,False
road_crack,road crack dataset semantic/train/road_1002_0_jpg.rf.4be38691a3ccac8bf2866f3047d4dcc8.jpg,road crack dataset semantic/train/road_1002_0_jpg.rf.4be38691a3ccac8bf2866f3047d4dcc8_mask.png,road_1002,test,640,640,True,False
road_crack,road crack dataset semantic/train/road_1002_2_jpg.rf.587bed950a7a9f48bb5aea5e9c381c09.jpg,road crack dataset semantic/train/road_1002_2_jpg.rf.587bed950a7a9f48bb5aea5e9c381c09_mask.png,road_1002,test,640,640,True,False
road_crack,road crack dataset semantic/train/road_1002_2_jpg.rf.2587ea164fab745ac7b5d5a32d4f98bc.jpg,road crack dataset semantic/train/road_1002_2_jpg.rf.2587ea164fab745ac7b5d5a32d4f98bc_mask.png,road_1002,test,640,640,True,False
road_crack,road crack dataset semantic/train/road_1002_1_jpg.rf.26d72b7f4b6f7dbbc38274cc5747a465.jpg,road crack dataset semantic/train/road_1002_1_jpg.rf.26d72b7f4b6f7dbbc38274cc5747a465_mask.png,road_1002,test,640,640,True,False
road_crack,road crack dataset semantic/train/road_1002_1_jpg.rf.21e756243e689a56c2f320326435fc2b.jpg,road crack dataset semantic/train/road_1002_1_jpg.rf.21e756243e689a56c2f320326435fc2b_mask.png,road_1002,test,640,640,True,False
road_crack,road crack dataset semantic/train/road_1002_2_jpg.rf.0a04d206301cb5f0bb896045d072b7a2.jpg,road crack dataset semantic/train/road_1002_2_jpg.rf.0a04d206301cb5f0bb896045d072b7a2_mask.png,road_1002,test,640,640,True,False
road_crack,road crack dataset semantic/train/road_1002_1_jpg.rf.37a49ec08e36e6c01267c5a882eb57f0.jpg,road crack dataset semantic/train/road_1002_1_jpg.rf.37a49ec08e36e6c01267c5a882eb57f0_mask.png,road_1002,test,640,640,True,False
road_crack,road crack dataset semantic/train/road_1002_2_jpg.rf.37ac730963c3d1ecc8d5ecec941e668a.jpg,road crack dataset semantic/train/road_1002_2_jpg.rf.37ac730963c3d1ecc8d5ecec941e668a_mask.png,road_1002,test,640,640,True,False
road_crack,road crack dataset semantic/train/road_1002_0_jpg.rf.5fe7772ec3377bde86ee0beeb347ac2d.jpg,road crack dataset semantic/train/road_1002_0_jpg.rf.5fe7772ec3377bde86ee0beeb347ac2d_mask.png,road_1002,test,640,640,True,False
road_crack,road crack dataset semantic/train/road_1002_1_jpg.rf.380e4b0b5e65136f064b85bd5984a14b.jpg,road crack dataset semantic/train/road_1002_1_jpg.rf.380e4b0b5e65136f064b85bd5984a14b_mask.png,road_1002,test,640,640,True,False
road_crack,road crack dataset semantic/train/road_1002_0_jpg.rf.d25a2cc15a47fd4b0a1dd70cc80e6d02.jpg,road crack dataset semantic/train/road_1002_0_jpg.rf.d25a2cc15a47fd4b0a1dd70cc80e6d02_mask.png,road_1002,test,640,640,True,False
road_crack,road crack dataset semantic/valid/road_1005_6_jpg.rf.76c866eae80952645440f4c55529af2e.jpg,road crack dataset semantic/valid/road_1005_6_jpg.rf.76c866eae80952645440f4c55529af2e_mask.png,road_1005,train,640,640,True,False
road_crack,road crack dataset semantic/train/road_1005_1_jpg.rf.0a75e278b04b51497fdb9e33d05f847b.jpg,road crack dataset semantic/train/road_1005_1_jpg.rf.0a75e278b04b51497fdb9e33d05f847b_mask.png,road_1005,train,640,640,True,False
road_crack,road crack dataset semantic/train/road_1005_5_jpg.rf.1146325c2bff58e23eb790fee69fe122.jpg,road crack dataset semantic/train/road_1005_5_jpg.rf.1146325c2bff58e23eb790fee69fe122_mask.png,road_1005,train,640,640,True,False
road_crack,road crack dataset semantic/train/road_1005_0_jpg.rf.647f30317e7e3b5bbc6ee288dedca5e1.jpg,road crack dataset semantic/train/road_1005_0_jpg.rf.647f30317e7e3b5bbc6ee288dedca5e1_mask.png,road_1005,train,640,640,True,False
road_crack,road crack dataset semantic/train/road_1005_5_jpg.rf.f07856db766a2141709bbf2e9745dbdd.jpg,road crack dataset semantic/train/road_1005_5_jpg.rf.f07856db766a2141709bbf2e9745dbdd_mask.png,road_1005,train,640,640,True,False
road_crack,road crack dataset semantic/train/road_1005_0_jpg.rf.70212f002399986d16c1ea6329c5b7e6.jpg,road crack dataset semantic/train/road_1005_0_jpg.rf.70212f002399986d16c1ea6329c5b7e6_mask.png,road_1005,train,640,640,True,False
road_crack,road crack dataset semantic/train/road_1005_0_jpg.rf.3813ad6205d78defbcb09d48a97bedda.jpg,road crack dataset semantic/train/road_1005_0_jpg.rf.3813ad6205d78defbcb09d48a97bedda_mask.png,road_1005,train,640,640,True,False
road_crack,road crack dataset semantic/train/road_1005_5_jpg.rf.f7c72e1ba5249ff6f2aa7ec74bac7eec.jpg,road crack dataset semantic/train/road_1005_5_jpg.rf.f7c72e1ba5249ff6f2aa7ec74bac7eec_mask.png,road_1005,train,640,640,True,False
road_crack,road crack dataset semantic/train/road_1005_1_jpg.rf.3e67a6ef7b426131df9df1166ed6c18b.jpg,road crack dataset semantic/train/road_1005_1_jpg.rf.3e67a6ef7b426131df9df1166ed6c18b_mask.png,road_1005,train,640,640,True,False
road_crack,road crack dataset semantic/train/road_1005_0_jpg.rf.62a67bb03156a4ede8fb4c7e5e037d7f.jpg,road crack dataset semantic/train/road_1005_0_jpg.rf.62a67bb03156a4ede8fb4c7e5e037d7f_mask.png,road_1005,train,640,640,True,False
road_crack,road crack dataset semantic/train/road_1005_1_jpg.rf.b3f2ef6b66093f50452be6fc5e00600b.jpg,road crack dataset semantic/train/road_1005_1_jpg.rf.b3f2ef6b66093f50452be6fc5e00600b_mask.png,road_1005,train,640,640,True,False
road_crack,road crack dataset semantic/train/road_1005_0_jpg.rf.ee6488ce237fd011610d00592cd7cf4b.jpg,road crack dataset semantic/train/road_1005_0_jpg.rf.ee6488ce237fd011610d00592cd7cf4b_mask.png,road_1005,train,640,640,True,False
road_crack,road crack dataset semantic/train/road_1005_1_jpg.rf.dedbe61f233d10b89fec59f0ca9b0f71.jpg,road crack dataset semantic/train/road_1005_1_jpg.rf.dedbe61f233d10b89fec59f0ca9b0f71_mask.png,road_1005,train,640,640,True,False
road_crack,road crack dataset semantic/train/road_1005_0_jpg.rf.17a00b540f49067a2599dff51c13f3c8.jpg,road crack dataset semantic/train/road_1005_0_jpg.rf.17a00b540f49067a2599dff51c13f3c8_mask.png,road_1005,train,640,640,True,False
road_crack,road crack dataset semantic/train/road_1005_0_jpg.rf.48da6b5bb3781b2d47a5e460bc228238.jpg,road crack dataset semantic/train/road_1005_0_jpg.rf.48da6b5bb3781b2d47a5e460bc228238_mask.png,road_1005,train,640,640,True,False
road_crack,road crack dataset semantic/train/road_1005_4_jpg.rf.174928a4bb6939199ae7efef48a93f36.jpg,road crack dataset semantic/train/road_1005_4_jpg.rf.174928a4bb6939199ae7efef48a93f36_mask.png,road_1005,train,640,640,True,False
road_crack,road crack dataset semantic/train/road_1005_4_jpg.rf.88b1f4dfffbfed00012d3bc5d88fce4e.jpg,road crack dataset semantic/train/road_1005_4_jpg.rf.88b1f4dfffbfed00012d3bc5d88fce4e_mask.png,road_1005,train,640,640,True,False
road_crack,road crack dataset semantic/train/road_1005_4_jpg.rf.92ec4c86f8e330ad5775434817d1adcb.jpg,road crack dataset semantic/train/road_1005_4_jpg.rf.92ec4c86f8e330ad5775434817d1adcb_mask.png,road_1005,train,640,640,True,False
road_crack,road crack dataset semantic/train/road_1005_1_jpg.rf.f960e072629eb9ab83ee6dcd472fde53.jpg,road crack dataset semantic/train/road_1005_1_jpg.rf.f960e072629eb9ab83ee6dcd472fde53_mask.png,road_1005,train,640,640,True,False
road_crack,road crack dataset semantic/train/road_1005_5_jpg.rf.ef89eab530f5e93ccc8a191977983515.jpg,road crack dataset semantic/train/road_1005_5_jpg.rf.ef89eab530f5e93ccc8a191977983515_mask.png,road_1005,train,640,640,True,False
road_crack,road crack dataset semantic/train/road_1005_4_jpg.rf.491c35f03943a79418ce940db28fb99a.jpg,road crack dataset semantic/train/road_1005_4_jpg.rf.491c35f03943a79418ce940db28fb99a_mask.png,road_1005,train,640,640,True,False
road_crack,road crack dataset semantic/train/road_1005_1_jpg.rf.5b4f8c1195fd0c9b94aa260d7353d0c5.jpg,road crack dataset semantic/train/road_1005_1_jpg.rf.5b4f8c1195fd0c9b94aa260d7353d0c5_mask.png,road_1005,train,640,640,True,False
road_crack,road crack dataset semantic/train/road_1005_4_jpg.rf.a04b247dee225dfa794240b42e5e0a49.jpg,road crack dataset semantic/train/road_1005_4_jpg.rf.a04b247dee225dfa794240b42e5e0a49_mask.png,road_1005,train,640,640,True,False
road_crack,road crack dataset semantic/train/road_1005_4_jpg.rf.e7f5c206b8075c85892daadc31d4e615.jpg,road crack dataset semantic/train/road_1005_4_jpg.rf.e7f5c206b8075c85892daadc31d4e615_mask.png,road_1005,train,640,640,True,False
road_crack,road crack dataset semantic/train/road_1005_1_jpg.rf.72eed82fb31062f6c6259fe8c3fec3c4.jpg,road crack dataset semantic/train/road_1005_1_jpg.rf.72eed82fb31062f6c6259fe8c3fec3c4_mask.png,road_1005,train,640,640,True,False
road_crack,road crack dataset semantic/train/road_1005_0_jpg.rf.e58a480633d3bb9542c767a99c6b41c2.jpg,road crack dataset semantic/train/road_1005_0_jpg.rf.e58a480633d3bb9542c767a99c6b41c2_mask.png,road_1005,train,640,640,True,False
road_crack,road crack dataset semantic/train/road_1005_5_jpg.rf.73339090378d8fafe29c229d3e2d88c0.jpg,road crack dataset semantic/train/road_1005_5_jpg.rf.73339090378d8fafe29c229d3e2d88c0_mask.png,road_1005,train,640,640,True,False
road_crack,road crack dataset semantic/train/road_1005_1_jpg.rf.f74b47acb13612118aca82bba592b620.jpg,road crack dataset semantic/train/road_1005_1_jpg.rf.f74b47acb13612118aca82bba592b620_mask.png,road_1005,train,640,640,True,False
road_crack,road crack dataset semantic/train/road_1005_0_jpg.rf.b9c0f0dea1ffde09ad536a9d94e3f533.jpg,road crack dataset semantic/train/road_1005_0_jpg.rf.b9c0f0dea1ffde09ad536a9d94e3f533_mask.png,road_1005,train,640,640,True,False
road_crack,road crack dataset semantic/train/road_1005_5_jpg.rf.31eacc8894cb17e9941d50b1605274b4.jpg,road crack dataset semantic/train/road_1005_5_jpg.rf.31eacc8894cb17e9941d50b1605274b4_mask.png,road_1005,train,640,640,True,False
road_crack,road crack dataset semantic/train/road_1005_5_jpg.rf.d9b6edb4c087a8da3216762c9d842e26.jpg,road crack dataset semantic/train/road_1005_5_jpg.rf.d9b6edb4c087a8da3216762c9d842e26_mask.png,road_1005,train,640,640,True,False
road_crack,road crack dataset semantic/train/road_1005_5_jpg.rf.8a32ea0609a8b6de29291d9dad4a4f42.jpg,road crack dataset semantic/train/road_1005_5_jpg.rf.8a32ea0609a8b6de29291d9dad4a4f42_mask.png,road_1005,train,640,640,True,False
road_crack,road crack dataset semantic/valid/road_1021_1_jpg.rf.c105b3e27e3bf407e48ed108056b8526.jpg,road crack dataset semantic/valid/road_1021_1_jpg.rf.c105b3e27e3bf407e48ed108056b8526_mask.png,road_1021,val,640,640,True,False
road_crack,road crack dataset semantic/valid/road_1003_0_jpg.rf.9dbd7acd17d50c5485139a2ae04860cd.jpg,road crack dataset semantic/valid/road_1003_0_jpg.rf.9dbd7acd17d50c5485139a2ae04860cd_mask.png,road_1003,val,640,640,True,False
road_crack,road crack dataset semantic/train/road_1003_4_jpg.rf.b3110a99c7bdcfbe6c09d103d1445fa8.jpg,road crack dataset semantic/train/road_1003_4_jpg.rf.b3110a99c7bdcfbe6c09d103d1445fa8_mask.png,road_1003,val,640,640,True,False
road_crack,road crack dataset semantic/train/road_1003_5_jpg.rf.739ce6cf69e5f048298cebe528f6e6a8.jpg,road crack dataset semantic/train/road_1003_5_jpg.rf.739ce6cf69e5f048298cebe528f6e6a8_mask.png,road_1003,val,640,640,True,False
road_crack,road crack dataset semantic/train/road_1003_4_jpg.rf.f778122cd25eb5304ae996837a77b05c.jpg,road crack dataset semantic/train/road_1003_4_jpg.rf.f778122cd25eb5304ae996837a77b05c_mask.png,road_1003,val,640,640,True,False
road_crack,road crack dataset semantic/train/road_1003_4_jpg.rf.9d9d75b46db110e662ee0458ff818bb0.jpg,road crack dataset semantic/train/road_1003_4_jpg.rf.9d9d75b46db110e662ee0458ff818bb0_mask.png,road_1003,val,640,640,True,False
road_crack,road crack dataset semantic/train/road_1003_1_jpg.rf.b14f7974d1b8c2d30aaeb8940b444e4b.jpg,road crack dataset semantic/train/road_1003_1_jpg.rf.b14f7974d1b8c2d30aaeb8940b444e4b_mask.png,road_1003,val,640,640,True,False
road_crack,road crack dataset semantic/train/road_1003_4_jpg.rf.867c88723b544b006a44dac0829257aa.jpg,road crack dataset semantic/train/road_1003_4_jpg.rf.867c88723b544b006a44dac0829257aa_mask.png,road_1003,val,640,640,True,False
road_crack,road crack dataset semantic/train/road_1003_1_jpg.rf.c660ec568d650d8923f4f6b647cff5ee.jpg,road crack dataset semantic/train/road_1003_1_jpg.rf.c660ec568d650d8923f4f6b647cff5ee_mask.png,road_1003,val,640,640,True,False
road_crack,road crack dataset semantic/train/road_1003_1_jpg.rf.f0c496f3cd3aae2fe98d1ae92d23cf1b.jpg,road crack dataset semantic/train/road_1003_1_jpg.rf.f0c496f3cd3aae2fe98d1ae92d23cf1b_mask.png,road_1003,val,640,640,True,False
road_crack,road crack dataset semantic/train/road_1003_2_jpg.rf.3e88a59880c28d0810a8de4b9f8969cc.jpg,road crack dataset semantic/train/road_1003_2_jpg.rf.3e88a59880c28d0810a8de4b9f8969cc_mask.png,road_1003,val,640,640,True,False
road_crack,road crack dataset semantic/train/road_1003_4_jpg.rf.0292c41fce31618ff33bcb357b97411a.jpg,road crack dataset semantic/train/road_1003_4_jpg.rf.0292c41fce31618ff33bcb357b97411a_mask.png,road_1003,val,640,640,True,False
road_crack,road crack dataset semantic/train/road_1003_1_jpg.rf.a0dbe33e2ba4893110f7ea15954f120e.jpg,road crack dataset semantic/train/road_1003_1_jpg.rf.a0dbe33e2ba4893110f7ea15954f120e_mask.png,road_1003,val,640,640,True,False
road_crack,road crack dataset semantic/train/road_1003_2_jpg.rf.f434e146345e8a435eebd9e31a5b5f4c.jpg,road crack dataset semantic/train/road_1003_2_jpg.rf.f434e146345e8a435eebd9e31a5b5f4c_mask.png,road_1003,val,640,640,True,False
road_crack,road crack dataset semantic/train/road_1003_1_jpg.rf.5124bf142447414596de6265b07441a2.jpg,road crack dataset semantic/train/road_1003_1_jpg.rf.5124bf142447414596de6265b07441a2_mask.png,road_1003,val,640,640,True,False
road_crack,road crack dataset semantic/train/road_1003_2_jpg.rf.9456e6ded010a560e3c26c72b10edb6d.jpg,road crack dataset semantic/train/road_1003_2_jpg.rf.9456e6ded010a560e3c26c72b10edb6d_mask.png,road_1003,val,640,640,True,False
road_crack,road crack dataset semantic/train/road_1003_4_jpg.rf.9eeaee744ffd1f0df097ca66d896bc41.jpg,road crack dataset semantic/train/road_1003_4_jpg.rf.9eeaee744ffd1f0df097ca66d896bc41_mask.png,road_1003,val,640,640,True,False
road_crack,road crack dataset semantic/train/road_1003_2_jpg.rf.2bfdee14379d5f81197f01200dc98acd.jpg,road crack dataset semantic/train/road_1003_2_jpg.rf.2bfdee14379d5f81197f01200dc98acd_mask.png,road_1003,val,640,640,True,False
road_crack,road crack dataset semantic/train/road_1003_2_jpg.rf.47019a0d1a7563678e7959afd6c5bd89.jpg,road crack dataset semantic/train/road_1003_2_jpg.rf.47019a0d1a7563678e7959afd6c5bd89_mask.png,road_1003,val,640,640,True,False
road_crack,road crack dataset semantic/train/road_1003_2_jpg.rf.99f3c063066c40889730db03b358c91e.jpg,road crack dataset semantic/train/road_1003_2_jpg.rf.99f3c063066c40889730db03b358c91e_mask.png,road_1003,val,640,640,True,False
road_crack,road crack dataset semantic/train/road_1003_2_jpg.rf.1f1ae57e98726249734bb41de4f93092.jpg,road crack dataset semantic/train/road_1003_2_jpg.rf.1f1ae57e98726249734bb41de4f93092_mask.png,road_1003,val,640,640,True,False
road_crack,road crack dataset semantic/train/road_1003_4_jpg.rf.9b467a51add9ea1de862eda1dee4df92.jpg,road crack dataset semantic/train/road_1003_4_jpg.rf.9b467a51add9ea1de862eda1dee4df92_mask.png,road_1003,val,640,640,True,False
road_crack,road crack dataset semantic/train/road_1003_1_jpg.rf.d9489a7a956159bd8901d48bbe404813.jpg,road crack dataset semantic/train/road_1003_1_jpg.rf.d9489a7a956159bd8901d48bbe404813_mask.png,road_1003,val,640,640,True,False
road_crack,road crack dataset semantic/train/road_1003_1_jpg.rf.ddd7fa09307f61b035aadeab2fd78958.jpg,road crack dataset semantic/train/road_1003_1_jpg.rf.ddd7fa09307f61b035aadeab2fd78958_mask.png,road_1003,val,640,640,True,False
road_crack,road crack dataset semantic/train/road_1003_2_jpg.rf.66e7015e5aab9f68c9bf99e693c128db.jpg,road crack dataset semantic/train/road_1003_2_jpg.rf.66e7015e5aab9f68c9bf99e693c128db_mask.png,road_1003,val,640,640,True,False
road_crack,road crack dataset semantic/train/road_1003_1_jpg.rf.03afe2ceffcf3f54d0632ac39435dd99.jpg,road crack dataset semantic/train/road_1003_1_jpg.rf.03afe2ceffcf3f54d0632ac39435dd99_mask.png,road_1003,val,640,640,True,False
road_crack,road crack dataset semantic/train/road_1003_4_jpg.rf.8b771a7b7efa6ef5010820b6cec2035c.jpg,road crack dataset semantic/train/road_1003_4_jpg.rf.8b771a7b7efa6ef5010820b6cec2035c_mask.png,road_1003,val,640,640,True,False
road_crack,road crack dataset semantic/train/road_1003_5_jpg.rf.8f5ab6c787d4fa1f13e62eee34459cc2.jpg,road crack dataset semantic/train/road_1003_5_jpg.rf.8f5ab6c787d4fa1f13e62eee34459cc2_mask.png,road_1003,val,640,640,True,False
road_crack,road crack dataset semantic/train/road_1003_5_jpg.rf.458d443475a0c1bb627f5c5c50512c1d.jpg,road crack dataset semantic/train/road_1003_5_jpg.rf.458d443475a0c1bb627f5c5c50512c1d_mask.png,road_1003,val,640,640,True,False
road_crack,road crack dataset semantic/train/road_1031_2_jpg.rf.a20f9dd0af2b55508b4861831be943be.jpg,road crack dataset semantic/train/road_1031_2_jpg.rf.a20f9dd0af2b55508b4861831be943be_mask.png,road_1031,test,640,640,True,False
road_crack,road crack dataset semantic/train/road_1031_3_jpg.rf.5ba57cacadea1def12f1e5b5b4dfee04.jpg,road crack dataset semantic/train/road_1031_3_jpg.rf.5ba57cacadea1def12f1e5b5b4dfee04_mask.png,road_1031,test,640,640,True,False
road_crack,road crack dataset semantic/train/road_1031_2_jpg.rf.849b00cf238aa678f61e948afac4c108.jpg,road crack dataset semantic/train/road_1031_2_jpg.rf.849b00cf238aa678f61e948afac4c108_mask.png,road_1031,test,640,640,True,False
road_crack,road crack dataset semantic/train/road_1031_2_jpg.rf.262df18994426790f3be9763030d5978.jpg,road crack dataset semantic/train/road_1031_2_jpg.rf.262df18994426790f3be9763030d5978_mask.png,road_1031,test,640,640,True,False
road_crack,road crack dataset semantic/train/road_1031_3_jpg.rf.540a3f4591c4db41950dfb3d37ffdaf2.jpg,road crack dataset semantic/train/road_1031_3_jpg.rf.540a3f4591c4db41950dfb3d37ffdaf2_mask.png,road_1031,test,640,640,True,False
road_crack,road crack dataset semantic/train/road_1031_2_jpg.rf.2944eafab4dd089acad488cd53c565bd.jpg,road crack dataset semantic/train/road_1031_2_jpg.rf.2944eafab4dd089acad488cd53c565bd_mask.png,road_1031,test,640,640,True,False
road_crack,road crack dataset semantic/train/road_1031_3_jpg.rf.b7fe2968572bc2a7f1fe5bfb18d90ef9.jpg,road crack dataset semantic/train/road_1031_3_jpg.rf.b7fe2968572bc2a7f1fe5bfb18d90ef9_mask.png,road_1031,test,640,640,True,False
road_crack,road crack dataset semantic/train/road_1031_3_jpg.rf.e3efc4795e3f675212f26d0c92612f14.jpg,road crack dataset semantic/train/road_1031_3_jpg.rf.e3efc4795e3f675212f26d0c92612f14_mask.png,road_1031,test,640,640,True,False
road_crack,road crack dataset semantic/train/road_1031_2_jpg.rf.8192a7501f23465e08c5d066ee44708e.jpg,road crack dataset semantic/train/road_1031_2_jpg.rf.8192a7501f23465e08c5d066ee44708e_mask.png,road_1031,test,640,640,True,False
road_crack,road crack dataset semantic/train/road_1031_3_jpg.rf.e146267c7fed1607c7b99a9771a4b3eb.jpg,road crack dataset semantic/train/road_1031_3_jpg.rf.e146267c7fed1607c7b99a9771a4b3eb_mask.png,road_1031,test,640,640,True,False
road_crack,road crack dataset semantic/train/road_1031_3_jpg.rf.c179f1caa146e7d613fe4a3e2d80570a.jpg,road crack dataset semantic/train/road_1031_3_jpg.rf.c179f1caa146e7d613fe4a3e2d80570a_mask.png,road_1031,test,640,640,True,False
road_crack,road crack dataset semantic/train/road_1031_2_jpg.rf.f561440a33fc1acf712a2b441af0e2c7.jpg,road crack dataset semantic/train/road_1031_2_jpg.rf.f561440a33fc1acf712a2b441af0e2c7_mask.png,road_1031,test,640,640,True,False
road_crack,road crack dataset semantic/train/road_1031_2_jpg.rf.ed51cc063b1c30154d96a0fd38b288a7.jpg,road crack dataset semantic/train/road_1031_2_jpg.rf.ed51cc063b1c30154d96a0fd38b288a7_mask.png,road_1031,test,640,640,True,False
road_crack,road crack dataset semantic/train/road_1031_3_jpg.rf.2b3eb86683b4c3bf3bd3232e57d8b537.jpg,road crack dataset semantic/train/road_1031_3_jpg.rf.2b3eb86683b4c3bf3bd3232e57d8b537_mask.png,road_1031,test,640,640,True,False
road_crack,road crack dataset semantic/train/road_1031_2_jpg.rf.bdfa9ae163db19a262b164301762037c.jpg,road crack dataset semantic/train/road_1031_2_jpg.rf.bdfa9ae163db19a262b164301762037c_mask.png,road_1031,test,640,640,True,False
road_crack,road crack dataset semantic/train/road_1031_3_jpg.rf.0a2b11c6aa1b46dfe010b47375273c67.jpg,road crack dataset semantic/train/road_1031_3_jpg.rf.0a2b11c6aa1b46dfe010b47375273c67_mask.png,road_1031,test,640,640,True,False
road_crack,road crack dataset semantic/train/road_1011_2_jpg.rf.f348ff5b3ba5fb65b64d632bf7a8cde8.jpg,road crack dataset semantic/train/road_1011_2_jpg.rf.f348ff5b3ba5fb65b64d632bf7a8cde8_mask.png,road_1011,train,640,640,True,False
road_crack,road crack dataset semantic/train/road_1011_2_jpg.rf.504546e3326336f22902e77726cf91a5.jpg,road crack dataset semantic/train/road_1011_2_jpg.rf.504546e3326336f22902e77726cf91a5_mask.png,road_1011,train,640,640,True,False
road_crack,road crack dataset semantic/train/road_1011_2_jpg.rf.241409cc1a3d4aa5f9eccb1bd690bc7b.jpg,road crack dataset semantic/train/road_1011_2_jpg.rf.241409cc1a3d4aa5f9eccb1bd690bc7b_mask.png,road_1011,train,640,640,True,False
road_crack,road crack dataset semantic/train/road_1011_5_jpg.rf.c4c806dc0d67f9cc7fe85c56e528bb5c.jpg,road crack dataset semantic/train/road_1011_5_jpg.rf.c4c806dc0d67f9cc7fe85c56e528bb5c_mask.png,road_1011,train,640,640,True,False
road_crack,road crack dataset semantic/train/road_1011_5_jpg.rf.9eb88e12cc7b57294cd3cdec7bfd5279.jpg,road crack dataset semantic/train/road_1011_5_jpg.rf.9eb88e12cc7b57294cd3cdec7bfd5279_mask.png,road_1011,train,640,640,True,False
road_crack,road crack dataset semantic/train/road_1011_2_jpg.rf.0160aa4fdfae3744e2d6a522ee1d201c.jpg,road crack dataset semantic/train/road_1011_2_jpg.rf.0160aa4fdfae3744e2d6a522ee1d201c_mask.png,road_1011,train,640,640,True,False
road_crack,road crack dataset semantic/train/road_1011_2_jpg.rf.77bd8fb8e8f3e4bf45b1f75e19e5731f.jpg,road crack dataset semantic/train/road_1011_2_jpg.rf.77bd8fb8e8f3e4bf45b1f75e19e5731f_mask.png,road_1011,train,640,640,True,False
road_crack,road crack dataset semantic/train/road_1011_1_jpg.rf.d4017b221eee0f16316a6989a45f1d37.jpg,road crack dataset semantic/train/road_1011_1_jpg.rf.d4017b221eee0f16316a6989a45f1d37_mask.png,road_1011,train,640,640,True,False
road_crack,road crack dataset semantic/train/road_1011_2_jpg.rf.ceb5d6d65f8c164dde24f2fcd071a3e8.jpg,road crack dataset semantic/train/road_1011_2_jpg.rf.ceb5d6d65f8c164dde24f2fcd071a3e8_mask.png,road_1011,train,640,640,True,False
road_crack,road crack dataset semantic/train/road_1011_2_jpg.rf.ba990b70385125b997519c3c13f8ffe7.jpg,road crack dataset semantic/train/road_1011_2_jpg.rf.ba990b70385125b997519c3c13f8ffe7_mask.png,road_1011,train,640,640,True,False
road_crack,road crack dataset semantic/train/road_1011_1_jpg.rf.07f7625745a58951edfeae326de4dd16.jpg,road crack dataset semantic/train/road_1011_1_jpg.rf.07f7625745a58951edfeae326de4dd16_mask.png,road_1011,train,640,640,True,False
road_crack,road crack dataset semantic/train/road_1011_1_jpg.rf.56dcb3cbf7fa7428a74f58013dc63046.jpg,road crack dataset semantic/train/road_1011_1_jpg.rf.56dcb3cbf7fa7428a74f58013dc63046_mask.png,road_1011,train,640,640,True,False
road_crack,road crack dataset semantic/train/road_1011_5_jpg.rf.5d1bc68cd3243d5ef66b3754d7e3166c.jpg,road crack dataset semantic/train/road_1011_5_jpg.rf.5d1bc68cd3243d5ef66b3754d7e3166c_mask.png,road_1011,train,640,640,True,False
road_crack,road crack dataset semantic/train/road_1011_2_jpg.rf.02f4ca8e42290fd639a5766c9c7482f8.jpg,road crack dataset semantic/train/road_1011_2_jpg.rf.02f4ca8e42290fd639a5766c9c7482f8_mask.png,road_1011,train,640,640,True,False
road_crack,road crack dataset semantic/train/road_1010_1_jpg.rf.86bf00dc7ad738e4c86da4fee08cb04f.jpg,road crack dataset semantic/train/road_1010_1_jpg.rf.86bf00dc7ad738e4c86da4fee08cb04f_mask.png,road_1010,test,640,640,True,False
road_crack,road crack dataset semantic/train/road_1010_1_jpg.rf.1996059dd3ff5db5164424291188de00.jpg,road crack dataset semantic/train/road_1010_1_jpg.rf.1996059dd3ff5db5164424291188de00_mask.png,road_1010,test,640,640,True,False
road_crack,road crack dataset semantic/train/road_1010_5_jpg.rf.ba5e1b4b7db76c0f2b525d244e6ae5e0.jpg,road crack dataset semantic/train/road_1010_5_jpg.rf.ba5e1b4b7db76c0f2b525d244e6ae5e0_mask.png,road_1010,test,640,640,True,False
road_crack,road crack dataset semantic/train/road_1010_1_jpg.rf.03bb8ce4d5381a74215102031a405f6e.jpg,road crack dataset semantic/train/road_1010_1_jpg.rf.03bb8ce4d5381a74215102031a405f6e_mask.png,road_1010,test,640,640,True,False
road_crack,road crack dataset semantic/train/road_1010_1_jpg.rf.069431fa7438c5ac38d9ec9557998198.jpg,road crack dataset semantic/train/road_1010_1_jpg.rf.069431fa7438c5ac38d9ec9557998198_mask.png,road_1010,test,640,640,True,False
road_crack,road crack dataset semantic/train/road_1010_5_jpg.rf.b626115b7764f391e4dd3ee4c66f24c4.jpg,road crack dataset semantic/train/road_1010_5_jpg.rf.b626115b7764f391e4dd3ee4c66f24c4_mask.png,road_1010,test,640,640,True,False
road_crack,road crack dataset semantic/train/road_1010_1_jpg.rf.f9ef05c3a74abf8bb7e0618ace88d1e1.jpg,road crack dataset semantic/train/road_1010_1_jpg.rf.f9ef05c3a74abf8bb7e0618ace88d1e1_mask.png,road_1010,test,640,640,True,False
road_crack,road crack dataset semantic/train/road_1010_5_jpg.rf.5ea5714893abb31cdc27205dba90668a.jpg,road crack dataset semantic/train/road_1010_5_jpg.rf.5ea5714893abb31cdc27205dba90668a_mask.png,road_1010,test,640,640,True,False
road_crack,road crack dataset semantic/train/road_1010_5_jpg.rf.1c068f604a746e793aae2d25a704f642.jpg,road crack dataset semantic/train/road_1010_5_jpg.rf.1c068f604a746e793aae2d25a704f642_mask.png,road_1010,test,640,640,True,False
road_crack,road crack dataset semantic/train/road_1010_5_jpg.rf.261b49dfec7dd0ccd6af054ba17a3258.jpg,road crack dataset semantic/train/road_1010_5_jpg.rf.261b49dfec7dd0ccd6af054ba17a3258_mask.png,road_1010,test,640,640,True,False
road_crack,road crack dataset semantic/train/road_1010_1_jpg.rf.58bb9475ecda1481fa4183a940a4adda.jpg,road crack dataset semantic/train/road_1010_1_jpg.rf.58bb9475ecda1481fa4183a940a4adda_mask.png,road_1010,test,640,640,True,False
road_crack,road crack dataset semantic/train/road_1010_1_jpg.rf.640d9374a80b807910701b7842de35ca.jpg,road crack dataset semantic/train/road_1010_1_jpg.rf.640d9374a80b807910701b7842de35ca_mask.png,road_1010,test,640,640,True,False
road_crack,road crack dataset semantic/train/road_1010_5_jpg.rf.56bb33d1d43877c6eea00bd92270ad23.jpg,road crack dataset semantic/train/road_1010_5_jpg.rf.56bb33d1d43877c6eea00bd92270ad23_mask.png,road_1010,test,640,640,True,False
road_crack,road crack dataset semantic/train/road_1010_1_jpg.rf.42c90f4b626507889209caf032c28411.jpg,road crack dataset semantic/train/road_1010_1_jpg.rf.42c90f4b626507889209caf032c28411_mask.png,road_1010,test,640,640,True,False
road_crack,road crack dataset semantic/train/road_1028_5_jpg.rf.8de1e51cb49732471fe86df16a4cd2be.jpg,road crack dataset semantic/train/road_1028_5_jpg.rf.8de1e51cb49732471fe86df16a4cd2be_mask.png,road_1028,train,640,640,True,False
road_crack,road crack dataset semantic/train/road_1028_5_jpg.rf.ffe43a279826995f2687e897faa53a79.jpg,road crack dataset semantic/train/road_1028_5_jpg.rf.ffe43a279826995f2687e897faa53a79_mask.png,road_1028,train,640,640,True,False
road_crack,road crack dataset semantic/train/road_1028_5_jpg.rf.fd5da3228b700f3d63e43f40df6cea62.jpg,road crack dataset semantic/train/road_1028_5_jpg.rf.fd5da3228b700f3d63e43f40df6cea62_mask.png,road_1028,train,640,640,True,False
road_crack,road crack dataset semantic/train/road_1028_5_jpg.rf.f134144b273500a8d0cd8f4b1f6e279b.jpg,road crack dataset semantic/train/road_1028_5_jpg.rf.f134144b273500a8d0cd8f4b1f6e279b_mask.png,road_1028,train,640,640,True,False
road_crack,road crack dataset semantic/train/road_1028_5_jpg.rf.a303d03878b0d88aa6d44302cf92ef2b.jpg,road crack dataset semantic/train/road_1028_5_jpg.rf.a303d03878b0d88aa6d44302cf92ef2b_mask.png,road_1028,train,640,640,True,False
road_crack,road crack dataset semantic/train/road_1028_5_jpg.rf.27a891c99ebcc2cfee71b18e1b0e20fa.jpg,road crack dataset semantic/train/road_1028_5_jpg.rf.27a891c99ebcc2cfee71b18e1b0e20fa_mask.png,road_1028,train,640,640,True,False
road_crack,road crack dataset semantic/train/road_1028_5_jpg.rf.5f0c9a70f01cd6964298bc3608380127.jpg,road crack dataset semantic/train/road_1028_5_jpg.rf.5f0c9a70f01cd6964298bc3608380127_mask.png,road_1028,train,640,640,True,False
road_crack,road crack dataset semantic/train/road_1028_5_jpg.rf.15246f3093599d9664615ce00f94e958.jpg,road crack dataset semantic/train/road_1028_5_jpg.rf.15246f3093599d9664615ce00f94e958_mask.png,road_1028,train,640,640,True,False
road_crack,road crack dataset semantic/train/road_1028_5_jpg.rf.c4fbf6654004371285acb5c5ae1c8b4a.jpg,road crack dataset semantic/train/road_1028_5_jpg.rf.c4fbf6654004371285acb5c5ae1c8b4a_mask.png,road_1028,train,640,640,True,False
road_crack,road crack dataset semantic/train/road_1006_5_jpg.rf.004c9e5e012ecca0c197fc4e59746550.jpg,road crack dataset semantic/train/road_1006_5_jpg.rf.004c9e5e012ecca0c197fc4e59746550_mask.png,road_1006,val,640,640,True,False
road_crack,road crack dataset semantic/train/road_1006_1_jpg.rf.23b4f5c5e965f88e5d7da5d9e49230e0.jpg,road crack dataset semantic/train/road_1006_1_jpg.rf.23b4f5c5e965f88e5d7da5d9e49230e0_mask.png,road_1006,val,640,640,True,False
road_crack,road crack dataset semantic/train/road_1006_2_jpg.rf.0446f6b90c626eb235b9d1b96a443f9e.jpg,road crack dataset semantic/train/road_1006_2_jpg.rf.0446f6b90c626eb235b9d1b96a443f9e_mask.png,road_1006,val,640,640,True,False
road_crack,road crack dataset semantic/train/road_1006_2_jpg.rf.3778ddc160175ebe3c8cd074d4298ae6.jpg,road crack dataset semantic/train/road_1006_2_jpg.rf.3778ddc160175ebe3c8cd074d4298ae6_mask.png,road_1006,val,640,640,True,False
road_crack,road crack dataset semantic/train/road_1006_2_jpg.rf.7671a53bd1a762b1ffb7d0d8df1dbf71.jpg,road crack dataset semantic/train/road_1006_2_jpg.rf.7671a53bd1a762b1ffb7d0d8df1dbf71_mask.png,road_1006,val,640,640,True,False
road_crack,road crack dataset semantic/train/road_1006_0_jpg.rf.d40101d0747c1a55c25de0ead7cf8540.jpg,road crack dataset semantic/train/road_1006_0_jpg.rf.d40101d0747c1a55c25de0ead7cf8540_mask.png,road_1006,val,640,640,True,False
road_crack,road crack dataset semantic/train/road_1006_0_jpg.rf.1c824735722398e96ba13bf1bfc58286.jpg,road crack dataset semantic/train/road_1006_0_jpg.rf.1c824735722398e96ba13bf1bfc58286_mask.png,road_1006,val,640,640,True,False
road_crack,road crack dataset semantic/train/road_1006_0_jpg.rf.2bc37d8f241bb654a38f2133b729f5f2.jpg,road crack dataset semantic/train/road_1006_0_jpg.rf.2bc37d8f241bb654a38f2133b729f5f2_mask.png,road_1006,val,640,640,True,False
road_crack,road crack dataset semantic/train/road_1006_0_jpg.rf.927cf463f7eecb22de6213f73c01d168.jpg,road crack dataset semantic/train/road_1006_0_jpg.rf.927cf463f7eecb22de6213f73c01d168_mask.png,road_1006,val,640,640,True,False
road_crack,road crack dataset semantic/train/road_1006_5_jpg.rf.f2948163aa88c903dd4c68a298f3e0a4.jpg,road crack dataset semantic/train/road_1006_5_jpg.rf.f2948163aa88c903dd4c68a298f3e0a4_mask.png,road_1006,val,640,640,True,False
road_crack,road crack dataset semantic/train/road_1006_0_jpg.rf.3a123e60883f4b34d2c6885d0659f09a.jpg,road crack dataset semantic/train/road_1006_0_jpg.rf.3a123e60883f4b34d2c6885d0659f09a_mask.png,road_1006,val,640,640,True,False
road_crack,road crack dataset semantic/train/road_1006_0_jpg.rf.851ed3a51f5b0c3f302e9bab60199662.jpg,road crack dataset semantic/train/road_1006_0_jpg.rf.851ed3a51f5b0c3f302e9bab60199662_mask.png,road_1006,val,640,640,True,False
road_crack,road crack dataset semantic/train/road_1006_1_jpg.rf.5ddb58403fc3929b967e81e1e6e354b1.jpg,road crack dataset semantic/train/road_1006_1_jpg.rf.5ddb58403fc3929b967e81e1e6e354b1_mask.png,road_1006,val,640,640,True,False
road_crack,road crack dataset semantic/train/road_1006_2_jpg.rf.b7e0cd1fabfd54f80317ab1dedb20542.jpg,road crack dataset semantic/train/road_1006_2_jpg.rf.b7e0cd1fabfd54f80317ab1dedb20542_mask.png,road_1006,val,640,640,True,False
road_crack,road crack dataset semantic/train/road_1006_2_jpg.rf.abbdf5e4ad20527335b85503645bab28.jpg,road crack dataset semantic/train/road_1006_2_jpg.rf.abbdf5e4ad20527335b85503645bab28_mask.png,road_1006,val,640,640,True,False
road_crack,road crack dataset semantic/train/road_1006_0_jpg.rf.6e413956a33f6ef76c910a6c81352dc6.jpg,road crack dataset semantic/train/road_1006_0_jpg.rf.6e413956a33f6ef76c910a6c81352dc6_mask.png,road_1006,val,640,640,True,False
road_crack,road crack dataset semantic/train/road_1006_2_jpg.rf.8780c167054fdb1ee44d908dd9ddc5e9.jpg,road crack dataset semantic/train/road_1006_2_jpg.rf.8780c167054fdb1ee44d908dd9ddc5e9_mask.png,road_1006,val,640,640,True,False
road_crack,road crack dataset semantic/train/road_1006_2_jpg.rf.1cf2c7fe1298430e82b46ff611173f5f.jpg,road crack dataset semantic/train/road_1006_2_jpg.rf.1cf2c7fe1298430e82b46ff611173f5f_mask.png,road_1006,val,640,640,True,False
road_crack,road crack dataset semantic/train/road_1006_0_jpg.rf.c2e268bb6b9eb8c96b25a1e5a1b70010.jpg,road crack dataset semantic/train/road_1006_0_jpg.rf.c2e268bb6b9eb8c96b25a1e5a1b70010_mask.png,road_1006,val,640,640,True,False
road_crack,road crack dataset semantic/train/road_1006_2_jpg.rf.3e8be3280fa7cf3ac2a06290455f19d2.jpg,road crack dataset semantic/train/road_1006_2_jpg.rf.3e8be3280fa7cf3ac2a06290455f19d2_mask.png,road_1006,val,640,640,True,False
road_crack,road crack dataset semantic/train/road_1006_5_jpg.rf.1c1b17954799c3d3e6167d13622f7389.jpg,road crack dataset semantic/train/road_1006_5_jpg.rf.1c1b17954799c3d3e6167d13622f7389_mask.png,road_1006,val,640,640,True,False
road_crack,road crack dataset semantic/train/road_1006_0_jpg.rf.e0d6c24641071b901c93cb94ff238eb0.jpg,road crack dataset semantic/train/road_1006_0_jpg.rf.e0d6c24641071b901c93cb94ff238eb0_mask.png,road_1006,val,640,640,True,False
road_crack,road crack dataset semantic/train/road_1032_1_jpg.rf.7d96ef7c2b24c0ad0551e67f8538fbc7.jpg,road crack dataset semantic/train/road_1032_1_jpg.rf.7d96ef7c2b24c0ad0551e67f8538fbc7_mask.png,road_1032,train,640,640,True,False
road_crack,road crack dataset semantic/train/road_1032_1_jpg.rf.ad70d68facc82064adc3b154868207e6.jpg,road crack dataset semantic/train/road_1032_1_jpg.rf.ad70d68facc82064adc3b154868207e6_mask.png,road_1032,train,640,640,True,False
road_crack,road crack dataset semantic/train/road_1032_1_jpg.rf.3403242eb60b50778b6b39b82539fff3.jpg,road crack dataset semantic/train/road_1032_1_jpg.rf.3403242eb60b50778b6b39b82539fff3_mask.png,road_1032,train,640,640,True,False
road_crack,road crack dataset semantic/train/road_1032_1_jpg.rf.3cd83ee5e8a4a412523c11a14fc97726.jpg,road crack dataset semantic/train/road_1032_1_jpg.rf.3cd83ee5e8a4a412523c11a14fc97726_mask.png,road_1032,train,640,640,True,False
road_crack,road crack dataset semantic/train/road_1032_1_jpg.rf.ed5b7ffa0887db8d177b9b9be1a957e7.jpg,road crack dataset semantic/train/road_1032_1_jpg.rf.ed5b7ffa0887db8d177b9b9be1a957e7_mask.png,road_1032,train,640,640,True,False
road_crack,road crack dataset semantic/train/road_1032_1_jpg.rf.7e1f384d22572999c37de3f86cc6bba1.jpg,road crack dataset semantic/train/road_1032_1_jpg.rf.7e1f384d22572999c37de3f86cc6bba1_mask.png,road_1032,train,640,640,True,False
road_crack,road crack dataset semantic/train/road_1032_1_jpg.rf.19659c72f0a25016b6e3708731aebb1a.jpg,road crack dataset semantic/train/road_1032_1_jpg.rf.19659c72f0a25016b6e3708731aebb1a_mask.png,road_1032,train,640,640,True,False
road_crack,road crack dataset semantic/train/road_1032_1_jpg.rf.e87148c24a3d7040371c0cb4c15b05a6.jpg,road crack dataset semantic/train/road_1032_1_jpg.rf.e87148c24a3d7040371c0cb4c15b05a6_mask.png,road_1032,train,640,640,True,False
road_crack,road crack dataset semantic/train/road_1032_1_jpg.rf.0220a7ca9cfa32e94d2cd576f14c698f.jpg,road crack dataset semantic/train/road_1032_1_jpg.rf.0220a7ca9cfa32e94d2cd576f14c698f_mask.png,road_1032,train,640,640,True,False
road_crack,road crack dataset semantic/train/road_1008_4_jpg.rf.bbcb2f774c0a65b99092c1c82a3a323b.jpg,road crack dataset semantic/train/road_1008_4_jpg.rf.bbcb2f774c0a65b99092c1c82a3a323b_mask.png,road_1008,train,640,640,True,False
road_crack,road crack dataset semantic/train/road_1008_2_jpg.rf.db985600fcf9d5c23e4e613840c7dae9.jpg,road crack dataset semantic/train/road_1008_2_jpg.rf.db985600fcf9d5c23e4e613840c7dae9_mask.png,road_1008,train,640,640,True,False
road_crack,road crack dataset semantic/train/road_1008_2_jpg.rf.a0b78f59c734a934b19eb10055731523.jpg,road crack dataset semantic/train/road_1008_2_jpg.rf.a0b78f59c734a934b19eb10055731523_mask.png,road_1008,train,640,640,True,False
road_crack,road crack dataset semantic/train/road_1008_1_jpg.rf.8f338895ab1cc3ebc0c9ee3a345f56c7.jpg,road crack dataset semantic/train/road_1008_1_jpg.rf.8f338895ab1cc3ebc0c9ee3a345f56c7_mask.png,road_1008,train,640,640,True,False
road_crack,road crack dataset semantic/train/road_1008_2_jpg.rf.1165143cdd0213f407d33bad65ed624f.jpg,road crack dataset semantic/train/road_1008_2_jpg.rf.1165143cdd0213f407d33bad65ed624f_mask.png,road_1008,train,640,640,True,False
road_crack,road crack dataset semantic/train/road_1008_4_jpg.rf.1d8bfe5b4bae2f998916eeb808bff796.jpg,road crack dataset semantic/train/road_1008_4_jpg.rf.1d8bfe5b4bae2f998916eeb808bff796_mask.png,road_1008,train,640,640,True,False
road_crack,road crack dataset semantic/train/road_1008_2_jpg.rf.38bf320f0db9c4b9791787f2bf38d776.jpg,road crack dataset semantic/train/road_1008_2_jpg.rf.38bf320f0db9c4b9791787f2bf38d776_mask.png,road_1008,train,640,640,True,False
road_crack,road crack dataset semantic/train/road_1008_5_jpg.rf.d716950ba024c9194aaba287367fa760.jpg,road crack dataset semantic/train/road_1008_5_jpg.rf.d716950ba024c9194aaba287367fa760_mask.png,road_1008,train,640,640,True,False
road_crack,road crack dataset semantic/train/road_1008_1_jpg.rf.8dc8ca2cf8e07283d132df122835b282.jpg,road crack dataset semantic/train/road_1008_1_jpg.rf.8dc8ca2cf8e07283d132df122835b282_mask.png,road_1008,train,640,640,True,False
road_crack,road crack dataset semantic/train/road_1008_5_jpg.rf.b1474607c617a29ebff898284e451f96.jpg,road crack dataset semantic/train/road_1008_5_jpg.rf.b1474607c617a29ebff898284e451f96_mask.png,road_1008,train,640,640,True,False
road_crack,road crack dataset semantic/train/road_1008_2_jpg.rf.8394d92246ad04583ca6d15cd1007caa.jpg,road crack dataset semantic/train/road_1008_2_jpg.rf.8394d92246ad04583ca6d15cd1007caa_mask.png,road_1008,train,640,640,True,False
road_crack,road crack dataset semantic/train/road_1008_5_jpg.rf.35ffab85402c7ec4a53d61549c73315a.jpg,road crack dataset semantic/train/road_1008_5_jpg.rf.35ffab85402c7ec4a53d61549c73315a_mask.png,road_1008,train,640,640,True,False
road_crack,road crack dataset semantic/train/road_1008_4_jpg.rf.c51843bcc830ea57ae4f1dd5334299a0.jpg,road crack dataset semantic/train/road_1008_4_jpg.rf.c51843bcc830ea57ae4f1dd5334299a0_mask.png,road_1008,train,640,640,True,False
road_crack,road crack dataset semantic/train/road_1008_4_jpg.rf.6cd83d98f0cc177714ffccfd67d502cd.jpg,road crack dataset semantic/train/road_1008_4_jpg.rf.6cd83d98f0cc177714ffccfd67d502cd_mask.png,road_1008,train,640,640,True,False
road_crack,road crack dataset semantic/train/road_1008_1_jpg.rf.a9e4089d08cb071a07fb7d4f3b692574.jpg,road crack dataset semantic/train/road_1008_1_jpg.rf.a9e4089d08cb071a07fb7d4f3b692574_mask.png,road_1008,train,640,640,True,False
road_crack,road crack dataset semantic/train/road_1008_2_jpg.rf.7957f703fb9a34a40077ecf3c423d28d.jpg,road crack dataset semantic/train/road_1008_2_jpg.rf.7957f703fb9a34a40077ecf3c423d28d_mask.png,road_1008,train,640,640,True,False
road_crack,road crack dataset semantic/train/road_1008_4_jpg.rf.080305df4fbf0caffffb0a984293ba7c.jpg,road crack dataset semantic/train/road_1008_4_jpg.rf.080305df4fbf0caffffb0a984293ba7c_mask.png,road_1008,train,640,640,True,False
road_crack,road crack dataset semantic/train/road_1008_2_jpg.rf.167de7a2da58e63c84adbdae981dfc6f.jpg,road crack dataset semantic/train/road_1008_2_jpg.rf.167de7a2da58e63c84adbdae981dfc6f_mask.png,road_1008,train,640,640,True,False
road_crack,road crack dataset semantic/train/road_1008_5_jpg.rf.24b78975248b67f7b0a485b5956efe48.jpg,road crack dataset semantic/train/road_1008_5_jpg.rf.24b78975248b67f7b0a485b5956efe48_mask.png,road_1008,train,640,640,True,False
road_crack,road crack dataset semantic/train/road_1008_5_jpg.rf.9d0d13b3f10a707133eb407a087ea005.jpg,road crack dataset semantic/train/road_1008_5_jpg.rf.9d0d13b3f10a707133eb407a087ea005_mask.png,road_1008,train,640,640,True,False
road_crack,road crack dataset semantic/train/road_1008_4_jpg.rf.fb4b45e064be6ad474e9fcaa85befa07.jpg,road crack dataset semantic/train/road_1008_4_jpg.rf.fb4b45e064be6ad474e9fcaa85befa07_mask.png,road_1008,train,640,640,True,False
road_crack,road crack dataset semantic/train/road_1008_2_jpg.rf.8a77fe2c3a2e874bd15f22a4c7dacbf4.jpg,road crack dataset semantic/train/road_1008_2_jpg.rf.8a77fe2c3a2e874bd15f22a4c7dacbf4_mask.png,road_1008,train,640,640,True,False
road_crack,road crack dataset semantic/train/road_1008_4_jpg.rf.f26b5cabb0e76c7d31483991ab734b6f.jpg,road crack dataset semantic/train/road_1008_4_jpg.rf.f26b5cabb0e76c7d31483991ab734b6f_mask.png,road_1008,train,640,640,True,False
road_crack,road crack dataset semantic/train/road_1008_4_jpg.rf.3f1bf28fce856d7db1208bf243f94244.jpg,road crack dataset semantic/train/road_1008_4_jpg.rf.3f1bf28fce856d7db1208bf243f94244_mask.png,road_1008,train,640,640,True,False
road_crack,road crack dataset semantic/train/road_1008_5_jpg.rf.8cde432fab70265cc2aed82df877a84b.jpg,road crack dataset semantic/train/road_1008_5_jpg.rf.8cde432fab70265cc2aed82df877a84b_mask.png,road_1008,train,640,640,True,False
road_crack,road crack dataset semantic/train/road_1008_2_jpg.rf.c6badef406e425ba419a1d1531c3a836.jpg,road crack dataset semantic/train/road_1008_2_jpg.rf.c6badef406e425ba419a1d1531c3a836_mask.png,road_1008,train,640,640,True,False
road_crack,road crack dataset semantic/train/road_1024_5_jpg.rf.2f3cf6d92b6bc3548a32abe960f18828.jpg,road crack dataset semantic/train/road_1024_5_jpg.rf.2f3cf6d92b6bc3548a32abe960f18828_mask.png,road_1024,train,640,640,True,False
road_crack,road crack dataset semantic/train/road_1024_5_jpg.rf.25faabf2faac85deda919e4ccbb0356d.jpg,road crack dataset semantic/train/road_1024_5_jpg.rf.25faabf2faac85deda919e4ccbb0356d_mask.png,road_1024,train,640,640,True,False
road_crack,road crack dataset semantic/train/road_1024_5_jpg.rf.f428514ac363ae392a1ed61ec7c7324f.jpg,road crack dataset semantic/train/road_1024_5_jpg.rf.f428514ac363ae392a1ed61ec7c7324f_mask.png,road_1024,train,640,640,True,False
road_crack,road crack dataset semantic/train/road_1024_5_jpg.rf.497ab0583c33d2b0643c35c22f4fcebd.jpg,road crack dataset semantic/train/road_1024_5_jpg.rf.497ab0583c33d2b0643c35c22f4fcebd_mask.png,road_1024,train,640,640,True,False
road_crack,road crack dataset semantic/train/road_1024_5_jpg.rf.a945f231cf922cd9377ea3d52b5220f0.jpg,road crack dataset semantic/train/road_1024_5_jpg.rf.a945f231cf922cd9377ea3d52b5220f0_mask.png,road_1024,train,640,640,True,False
road_crack,road crack dataset semantic/train/road_1024_5_jpg.rf.c5537a7fe302484090e40bc4d0c4c2af.jpg,road crack dataset semantic/train/road_1024_5_jpg.rf.c5537a7fe302484090e40bc4d0c4c2af_mask.png,road_1024,train,640,640,True,False
road_crack,road crack dataset semantic/train/road_1024_5_jpg.rf.f506a651aba4bda5e9c8e208d0d8354b.jpg,road crack dataset semantic/train/road_1024_5_jpg.rf.f506a651aba4bda5e9c8e208d0d8354b_mask.png,road_1024,train,640,640,True,False
road_crack,road crack dataset semantic/train/road_1036_2_jpg.rf.a459d312b6137d1d49c06ac394b25fea.jpg,road crack dataset semantic/train/road_1036_2_jpg.rf.a459d312b6137d1d49c06ac394b25fea_mask.png,road_1036,train,640,640,True,False
road_crack,road crack dataset semantic/train/road_1036_2_jpg.rf.ccb21e835d4ec124533e44629d854e22.jpg,road crack dataset semantic/train/road_1036_2_jpg.rf.ccb21e835d4ec124533e44629d854e22_mask.png,road_1036,train,640,640,True,False
road_crack,road crack dataset semantic/train/road_1036_2_jpg.rf.f7fa3f60222bd646890c4ca06d6ba027.jpg,road crack dataset semantic/train/road_1036_2_jpg.rf.f7fa3f60222bd646890c4ca06d6ba027_mask.png,road_1036,train,640,640,True,False
road_crack,road crack dataset semantic/train/road_1036_2_jpg.rf.a1576856427ac0ffbe2b88dce3da967c.jpg,road crack dataset semantic/train/road_1036_2_jpg.rf.a1576856427ac0ffbe2b88dce3da967c_mask.png,road_1036,train,640,640,True,False
road_crack,road crack dataset semantic/train/road_1036_2_jpg.rf.9ca56920998597f61d737eb708ae9e24.jpg,road crack dataset semantic/train/road_1036_2_jpg.rf.9ca56920998597f61d737eb708ae9e24_mask.png,road_1036,train,640,640,True,False
road_crack,road crack dataset semantic/train/road_1036_2_jpg.rf.10ad4efc719df8e3e7ba18b21676c76d.jpg,road crack dataset semantic/train/road_1036_2_jpg.rf.10ad4efc719df8e3e7ba18b21676c76d_mask.png,road_1036,train,640,640,True,False
road_crack,road crack dataset semantic/train/road_1036_2_jpg.rf.57919f14d3d47f81c0047f8fe8d78870.jpg,road crack dataset semantic/train/road_1036_2_jpg.rf.57919f14d3d47f81c0047f8fe8d78870_mask.png,road_1036,train,640,640,True,False
road_crack,road crack dataset semantic/train/road_1036_2_jpg.rf.8c1dd91d22d8b7a6cf7e41e592829bdd.jpg,road crack dataset semantic/train/road_1036_2_jpg.rf.8c1dd91d22d8b7a6cf7e41e592829bdd_mask.png,road_1036,train,640,640,True,False
