source,image_path,mask_path_or_label_path,group_id,split,width,height,labels_crack,labels_pothole
pothole,Pothole_Segmentation_YOLOv8/valid/images/pic-114-_jpg.rf.a0f30e06b3b96d7879d5f55a7012433c.jpg,Pothole_Segmentation_YOLOv8/valid/labels/pic-114-_jpg.rf.a0f30e06b3b96d7879d5f55a7012433c.txt,pic-114,test,640,640,False,True
pothole,Pothole_Segmentation_YOLOv8/valid/images/pic-116-_jpg.rf.ddcb9d0e0bcf2a1a5096c4f04e6b7f9e.jpg,Pothole_Segmentation_YOLOv8/valid/labels/pic-116-_jpg.rf.ddcb9d0e0bcf2a1a5096c4f04e6b7f9e.txt,pic-116,test,640,640,False,True
pothole,Pothole_Segmentation_YOLOv8/valid/images/pic-123-_jpg.rf.385ae3fbcdabda81f72ddf11f6a4b93d.jpg,Pothole_Segmentation_YOLOv8/valid/labels/pic-123-_jpg.rf.385ae3fbcdabda81f72ddf11f6a4b93d.txt,pic-123,test,640,640,False,True
pothole,Pothole_Segmentation_YOLOv8/valid/images/pic-125-_jpg.rf.3d316e9144cb7438021e01065de91057.jpg,Pothole_Segmentation_YOLOv8/valid/labels/pic-125-_jpg.rf.3d316e9144cb7438021e01065de91057.txt,pic-125,test,640,640,False,True
pothole,Pothole_Segmentation_YOLOv8/valid/images/pic-129-_jpg.rf.d307956eee8ac32fbe793335e87c7b67.jpg,Pothole_Segmentation_YOLOv8/valid/labels/pic-129-_jpg.rf.d307956eee8ac32fbe793335e87c7b67.txt,pic-129,test,640,640,False,True
pothole,Pothole_Segmentation_YOLOv8/valid/images/pic-140-_jpg.rf.430bfe74decf2b904377d127914f2092.jpg,Pothole_Segmentation_YOLOv8/valid/labels/pic-140-_jpg.rf.430bfe74decf2b904377d127914f2092.txt,pic-140,test,640,640,False,True
pothole,Pothole_Segmentation_YOLOv8/valid/images/pic-144-_jpg.rf.61a3b886f058ed3a4788426cfa7c4988.jpg,Pothole_Segmentation_YOLOv8/valid/labels/pic-144-_jpg.rf.61a3b886f058ed3a4788426cfa7c4988.txt,pic-144,test,640,640,False,True
pothole,Pothole_Segmentation_YOLOv8/valid/images/pic-151-_jpg.rf.45a82558c583efe9dda4ea02e294595a.jpg,Pothole_Segmentation_YOLOv8/valid/labels/pic-151-_jpg.rf.45a82558c583efe9dda4ea02e294595a.txt,pic-151,test,640,640,False,True
pothole,Pothole_Segmentation_YOLOv8/valid/images/pic-152-_jpg.rf.510fb0040c8523bb66ec10b0fe67b4b4.jpg,Pothole_Segmentation_YOLOv8/valid/labels/pic-152-_jpg.rf.510fb0040c8523bb66ec10b0fe67b4b4.txt,pic-152,test,640,640,False,True
pothole,Pothole_Segmentation_YOLOv8/valid/images/pic-154-_jpg.rf.a9e6b534da24b1c1815902210ab23be9.jpg,Pothole_Segmentation_YOLOv8/valid/labels/pic-154-_jpg.rf.a9e6b534da24b1c1815902210ab23be9.txt,pic-154,test,640,640,False,True
pothole,Pothole_Segmentation_YOLOv8/valid/images/pic-157-_jpg.rf.2247b000d655232fbf8a58b5add102ca.jpg,Pothole_Segmentation_YOLOv8/valid/labels/pic-157-_jpg.rf.2247b000d655232fbf8a58b5add102ca.txt,pic-157,test,640,640,False,True
pothole,Pothole_Segmentation_YOLOv8/valid/images/pic-161-_jpg.rf.1cff77d21f54b7ed9234e896abcf0f5b.jpg,Pothole_Segmentation_YOLOv8/valid/labels/pic-161-_jpg.rf.1cff77d21f54b7ed9234e896abcf0f5b.txt,pic-161,test,640,640,False,True
pothole,Pothole_Segmentation_YOLOv8/valid/images/pic-165-_jpg.rf.82b3db37518b15aa73be6e4093deaf46.jpg,Pothole_Segmentation_YOLOv8/valid/labels/pic-165-_jpg.rf.82b3db37518b15aa73be6e4093deaf46.txt,pic-165,test,640,640,False,True
pothole,Pothole_Segmentation_YOLOv8/valid/images/pic-17-_jpg.rf.0d172b6accedf4c52a3868d9b690d48b.jpg,Pothole_Segmentation_YOLOv8/valid/labels/pic-17-_jpg.rf.0d172b6accedf4c52a3868d9b690d48b.txt,pic-17,test,640,640,False,True
pothole,Pothole_Segmentation_YOLOv8/valid/images/pic-173-_jpg.rf.73512294c1b7b5c500eac27a0fb669f7.jpg,Pothole_Segmentation_YOLOv8/valid/labels/pic-173-_jpg.rf.73512294c1b7b5c500eac27a0fb669f7.txt,pic-173,test,640,640,False,True
pothole,Pothole_Segmentation_YOLOv8/valid/images/pic-175-_jpg.rf.9fc746d4865c11f38047cf383baa30a6.jpg,Pothole_Segmentation_YOLOv8/valid/labels/pic-175-_jpg.rf.9fc746d4865c11f38047cf383baa30a6.txt,pic-175,test,640,640,False,True
pothole,Pothole_Segmentation_YOLOv8/valid/images/pic-178-_jpg.rf.2e27d006aec1544f1eec88d9170fd6ce.jpg,Pothole_Segmentation_YOLOv8/valid/labels/pic-178-_jpg.rf.2e27d006aec1544f1eec88d9170fd6ce.txt,pic-178,test,640,640,False,True
pothole,Pothole_Segmentation_YOLOv8/valid/images/pic-183-_jpg.rf.277cfed19f046acc63dc9640b239f1df.jpg,Pothole_Segmentation_YOLOv8/valid/labels/pic-183-_jpg.rf.277cfed19f046acc63dc9640b239f1df.txt,pic-183,test,640,640,False,True
pothole,Pothole_Segmentation_YOLOv8/valid/images/pic-184-_jpg.rf.cb753b5f714073fc4a8c2de602386399.jpg,Pothole_Segmentation_YOLOv8/valid/labels/pic-184-_jpg.rf.cb753b5f714073fc4a8c2de602386399.txt,pic-184,test,640,640,False,True
pothole,Pothole_Segmentation_YOLOv8/valid/images/pic-192-_jpg.rf.e0b55409488785e7156677026d372c23.jpg,Pothole_Segmentation_YOLOv8/valid/labels/pic-192-_jpg.rf.e0b55409488785e7156677026d372c23.txt,pic-192,test,640,640,False,True
pothole,Pothole_Segmentation_YOLOv8/valid/images/pic-193-_jpg.rf.4520ff34079afc8e9f9b50a633c08876.jpg,Pothole_Segmentation_YOLOv8/valid/labels/pic-193-_jpg.rf.4520ff34079afc8e9f9b50a633c08876.txt,pic-193,test,640,640,False,True
pothole,Pothole_Segmentation_YOLOv8/valid/images/pic-20-_jpg.rf.4b34591f154f226347c9ca9dfb33b2e4.jpg,Pothole_Segmentation_YOLOv8/valid/labels/pic-20-_jpg.rf.4b34591f154f226347c9ca9dfb33b2e4.txt,pic-20,test,640,640,False,True
pothole,Pothole_Segmentation_YOLOv8/valid/images/pic-202-_jpg.rf.8c64ec46a9e120007c12c2e4841c9555.jpg,Pothole_Segmentation_YOLOv8/valid/labels/pic-202-_jpg.rf.8c64ec46a9e120007c12c2e4841c9555.txt,pic-202,test,640,640,False,True
pothole,Pothole_Segmentation_YOLOv8/valid/images/pic-204-_jpg.rf.c3990b25e295bfd6b4605c6305cce37c.jpg,Pothole_Segmentation_YOLOv8/valid/labels/pic-204-_jpg.rf.c3990b25e295bfd6b4605c6305cce37c.txt,pic-204,test,640,640,False,True
pothole,Pothole_Segmentation_YOLOv8/valid/images/pic-205-_jpg.rf.cf4be807bced55552b98c208585d2c56.jpg,Pothole_Segmentation_YOLOv8/valid/labels/pic-205-_jpg.rf.cf4be807bced55552b98c208585d2c56.txt,pic-205,test,640,640,False,True
pothole,Pothole_Segmentation_YOLOv8/valid/images/pic-209-_jpg.rf.533a84bcc43e29e16c0f80069ee7f8df.jpg,Pothole_Segmentation_YOLOv8/valid/labels/pic-209-_jpg.rf.533a84bcc43e29e16c0f80069ee7f8df.txt,pic-209,test,640,640,False,True
pothole,Pothole_Segmentation_YOLOv8/valid/images/pic-22-_jpg.rf.aec225ee7ab2b5f7791d6579b213600b.jpg,Pothole_Segmentation_YOLOv8/valid/labels/pic-22-_jpg.rf.aec225ee7ab2b5f7791d6579b213600b.txt,pic-22,test,640,640,False,True
pothole,Pothole_Segmentation_YOLOv8/valid/images/pic-225-_jpg.rf.38cc0deddb897c98814f644451130bb7.jpg,Pothole_Segmentation_YOLOv8/valid/labels/pic-225-_jpg.rf.38cc0deddb897c98814f644451130bb7.txt,pic-225,test,640,640,False,True
pothole,Pothole_Segmentation_YOLOv8/valid/images/pic-228-_jpg.rf.4dcc6aa7dfc0c9a59a7f033e2ed12413.jpg,Pothole_Segmentation_YOLOv8/valid/labels/pic-228-_jpg.rf.4dcc6aa7dfc0c9a59a7f033e2ed12413.txt,pic-228,test,640,640,False,True
pothole,Pothole_Segmentation_YOLOv8/valid/images/pic-230-_jpg.rf.ffe557c4b95e23f1a4323cf7768060f2.jpg,Pothole_Segmentation_YOLOv8/valid/labels/pic-230-_jpg.rf.ffe557c4b95e23f1a4323cf7768060f2.txt,pic-230,test,640,640,False,True
pothole,Pothole_Segmentation_YOLOv8/valid/images/pic-236-_jpg.rf.34f38065b7233d8b9c03b746ffc9a780.jpg,Pothole_Segmentation_YOLOv8/valid/labels/pic-236-_jpg.rf.34f38065b7233d8b9c03b746ffc9a780.txt,pic-236,test,640,640,False,True
pothole,Pothole_Segmentation_YOLOv8/valid/images/pic-254-_jpg.rf.2b5c3b2efce3960f4f29319ebaa1d220.jpg,Pothole_Segmentation_YOLOv8/valid/labels/pic-254-_jpg.rf.2b5c3b2efce3960f4f29319ebaa1d220.txt,pic-254,test,640,640,False,True
pothole,Pothole_Segmentation_YOLOv8/valid/images/pic-257-_jpg.rf.09cb9983a70f1bd7ba096c252b64f909.jpg,Pothole_Segmentation_YOLOv8/valid/labels/pic-257-_jpg.rf.09cb9983a70f1bd7ba096c252b64f909.txt,pic-257,test,640,640,False,True
pothole,Pothole_Segmentation_YOLOv8/valid/images/pic-262-_jpg.rf.02970860794f859699c9f743bc0fd7d1.jpg,Pothole_Segmentation_YOLOv8/valid/labels/pic-262-_jpg.rf.02970860794f859699c9f743bc0fd7d1.txt,pic-262,test,640,640,False,True
pothole,Pothole_Segmentation_YOLOv8/valid/images/pic-263-_jpg.rf.47073e3fbc426b15c3caa7e8daa66719.jpg,Pothole_Segmentation_YOLOv8/valid/labels/pic-263-_jpg.rf.47073e3fbc426b15c3caa7e8daa66719.txt,pic-263,test,640,640,False,True
pothole,Pothole_Segmentation_YOLOv8/valid/images/pic-269-_jpg.rf.196b54c0db633b6b02612f69072abb99.jpg,Pothole_Segmentation_YOLOv8/valid/labels/pic-269-_jpg.rf.196b54c0db633b6b02612f69072abb99.txt,pic-269,test,640,640,False,True
pothole,Pothole_Segmentation_YOLOv8/valid/images/pic-27-_jpg.rf.b4cd8eb26d6941eabfc17280f03bca69.jpg,Pothole_Segmentation_YOLOv8/valid/labels/pic-27-_jpg.rf.b4cd8eb26d6941eabfc17280f03bca69.txt,pic-27,test,640,640,False,True
pothole,Pothole_Segmentation_YOLOv8/valid/images/pic-270-_jpg.rf.2a0793533346a7355bbeb34291b4a067.jpg,Pothole_Segmentation_YOLOv8/valid/labels/pic-270-_jpg.rf.2a0793533346a7355bbeb34291b4a067.txt,pic-270,test,640,640,False,True
pothole,Pothole_Segmentation_YOLOv8/valid/images/pic-271-_jpg.rf.0210435cf32159dca447e61250afb67f.jpg,Pothole_Segmentation_YOLOv8/valid/labels/pic-271-_jpg.rf.0210435cf32159dca447e61250afb67f.txt,pic-271,test,640,640,False,True
pothole,Pothole_Segmentation_YOLOv8/valid/images/pic-273-_jpg.rf.36d10c68fb23799bd0a58e48e0b995ce.jpg,Pothole_Segmentation_YOLOv8/valid/labels/pic-273-_jpg.rf.36d10c68fb23799bd0a58e48e0b995ce.txt,pic-273,test,640,640,False,True
pothole,Pothole_Segmentation_YOLOv8/valid/images/pic-28-_jpg.rf.fe8316c392940899d9211be3305c9ab6.jpg,Pothole_Segmentation_YOLOv8/valid/labels/pic-28-_jpg.rf.fe8316c392940899d9211be3305c9ab6.txt,pic-28,test,640,640,False,True
pothole,Pothole_Segmentation_YOLOv8/valid/images/pic-288-_jpg.rf.26f8da57a5a023907e5e061dbd0a5632.jpg,Pothole_Segmentation_YOLOv8/valid/labels/pic-288-_jpg.rf.26f8da57a5a023907e5e061dbd0a5632.txt,pic-288,test,640,640,False,True
pothole,Pothole_Segmentation_YOLOv8/valid/images/pic-290-_jpg.rf.bcf58ab867c40a607759aec5666fece4.jpg,Pothole_Segmentation_YOLOv8/valid/labels/pic-290-_jpg.rf.bcf58ab867c40a607759aec5666fece4.txt,pic-290,test,640,640,False,True
pothole,Pothole_Segmentation_YOLOv8/valid/images/pic-292-_jpg.rf.f3d0a40ac5190529f4dd4886d6f5e5d0.jpg,Pothole_Segmentation_YOLOv8/valid/labels/pic-292-_jpg.rf.f3d0a40ac5190529f4dd4886d6f5e5d0.txt,pic-292,test,640,640,False,True
pothole,Pothole_Segmentation_YOLOv8/valid/images/pic-303-_jpg.rf.236ed95889a91baf47b304faa7cbae01.jpg,Pothole_Segmentation_YOLOv8/valid/labels/pic-303-_jpg.rf.236ed95889a91baf47b304faa7cbae01.txt,pic-303,test,640,640,False,True
pothole,Pothole_Segmentation_YOLOv8/valid/images/pic-308-_jpg.rf.8f5b6dc0b616365d05bce17bf30eff39.jpg,Pothole_Segmentation_YOLOv8/valid/labels/pic-308-_jpg.rf.8f5b6dc0b616365d05bce17bf30eff39.txt,pic-308,test,640,640,False,True
pothole,Pothole_Segmentation_YOLOv8/valid/images/pic-33-_jpg.rf.143c56d136e3245555b26b4d5108a4e1.jpg,Pothole_Segmentation_YOLOv8/valid/labels/pic-33-_jpg.rf.143c56d136e3245555b26b4d5108a4e1.txt,pic-33,test,640,640,False,True
pothole,Pothole_Segmentation_YOLOv8/valid/images/pic-36-_jpg.rf.13a668c4003681c4631508465eef5a9f.jpg,Pothole_Segmentation_YOLOv8/valid/labels/pic-36-_jpg.rf.13a668c4003681c4631508465eef5a9f.txt,pic-36,test,640,640,False,True
pothole,Pothole_Segmentation_YOLOv8/valid/images/pic-42-_jpg.rf.28b626ac5e887c92feeed1a3c5e85b64.jpg,Pothole_Segmentation_YOLOv8/valid/labels/pic-42-_jpg.rf.28b626ac5e887c92feeed1a3c5e85b64.txt,pic-42,test,640,640,False,True
pothole,Pothole_Segmentation_YOLOv8/valid/images/pic-45-_jpg.rf.8e102a986584d47797dc92558c2af624.jpg,Pothole_Segmentation_YOLOv8/valid/labels/pic-45-_jpg.rf.8e102a986584d47797dc92558c2af624.txt,pic-45,test,640,640,False,True
pothole,Pothole_Segmentation_YOLOv8/valid/images/pic-50-_jpg.rf.cb41506e84f6cac629bd55e40e329834.jpg,Pothole_Segmentation_YOLOv8/valid/labels/pic-50-_jpg.rf.cb41506e84f6cac629bd55e40e329834.txt,pic-50,test,640,640,False,True
pothole,Pothole_Segmentation_YOLOv8/valid/images/pic-58-_jpg.rf.8f585bdabd7d6e5b0285121867659f37.jpg,Pothole_Segmentation_YOLOv8/valid/labels/pic-58-_jpg.rf.8f585bdabd7d6e5b0285121867659f37.txt,pic-58,test,640,640,False,True
pothole,Pothole_Segmentation_YOLOv8/valid/images/pic-60-_jpg.rf.4e715308cc8dc7455b767414cda028ab.jpg,Pothole_Segmentation_YOLOv8/valid/labels/pic-60-_jpg.rf.4e715308cc8dc7455b767414cda028ab.txt,pic-60,test,640,640,False,True
pothole,Pothole_Segmentation_YOLOv8/valid/images/pic-61-_jpg.rf.72ad391fcf2334c24de5ed48dda25001.jpg,Pothole_Segmentation_YOLOv8/valid/labels/pic-61-_jpg.rf.72ad391fcf2334c24de5ed48dda25001.txt,pic-61,test,640,640,False,True
pothole,Pothole_Segmentation_YOLOv8/valid/images/pic-67-_jpg.rf.663b4f930bb764609355101fbce07ab1.jpg,Pothole_Segmentation_YOLOv8/valid/labels/pic-67-_jpg.rf.663b4f930bb764609355101fbce07ab1.txt,pic-67,test,640,640,False,True
pothole,Pothole_Segmentation_YOLOv8/valid/images/pic-69-_jpg.rf.0fcb6cd22beb140d931a387036b7eab6.jpg,Pothole_Segmentation_YOLOv8/valid/labels/pic-69-_jpg.rf.0fcb6cd22beb140d931a387036b7eab6.txt,pic-69,test,640,640,False,True
pothole,Pothole_Segmentation_YOLOv8/valid/images/pic-72-_jpg.rf.82c8314917ff5284106bd3428cff5792.jpg,Pothole_Segmentation_YOLOv8/valid/labels/pic-72-_jpg.rf.82c8314917ff5284106bd3428cff5792.txt,pic-72,test,640,640,False,True
pothole,Pothole_Segmentation_YOLOv8/valid/images/pic-88-_jpg.rf.1cb5c1768861244cf01d2c5691bb3e08.jpg,Pothole_Segmentation_YOLOv8/valid/labels/pic-88-_jpg.rf.1cb5c1768861244cf01d2c5691bb3e08.txt,pic-88,test,640,640,False,True
pothole,Pothole_Segmentation_YOLOv8/valid/images/pic-95-_jpg.rf.eca25439e9e1dd31f29df105f4faa122.jpg,Pothole_Segmentation_YOLOv8/valid/labels/pic-95-_jpg.rf.eca25439e9e1dd31f29df105f4faa122.txt,pic-95,test,640,640,False,True
pothole,Pothole_Segmentation_YOLOv8/valid/images/pic-99-_jpg.rf.28d287fa96c09a12f2511e1b4df7e5a1.jpg,Pothole_Segmentation_YOLOv8/valid/labels/pic-99-_jpg.rf.28d287fa96c09a12f2511e1b4df7e5a1.txt,pic-99,test,640,640,False,True
pothole,Pothole_Segmentation_YOLOv8/train/images/pic-1-_jpg.rf.49882cdb272111f43a6656b1494a4918.jpg,Pothole_Segmentation_YOLOv8/train/labels/pic-1-_jpg.rf.49882cdb272111f43a6656b1494a4918.txt,pic-1,train,640,640,False,True
pothole,Pothole_Segmentation_YOLOv8/train/images/pic-1-_jpg.rf.8d95dd1d29760a2634a45cc7fdd84b31.jpg,Pothole_Segmentation_YOLOv8/train/labels/pic-1-_jpg.rf.8d95dd1d29760a2634a45cc7fdd84b31.txt,pic-1,train,640,640,False,True
pothole,Pothole_Segmentation_YOLOv8/train/images/pic-1-_jpg.rf.e238c9bf3fe82e8ac55b0014a27fc529.jpg,Pothole_Segmentation_YOLOv8/train/labels/pic-1-_jpg.rf.e238c9bf3fe82e8ac55b0014a27fc529.txt,pic-1,train,640,640,False,True
pothole,Pothole_Segmentation_YOLOv8/train/images/pic-10-_jpg.rf.1d433d21e11d000b6b498eacb88fe4a9.jpg,Pothole_Segmentation_YOLOv8/train/labels/pic-10-_jpg.rf.1d433d21e11d000b6b498eacb88fe4a9.txt,pic-10,train,640,640,False,True
pothole,Pothole_Segmentation_YOLOv8/train/images/pic-10-_jpg.rf.500c683a687e403f4cdade4826a84b5b.jpg,Pothole_Segmentation_YOLOv8/train/labels/pic-10-_jpg.rf.500c683a687e403f4cdade4826a84b5b.txt,pic-10,train,640,640,False,True
pothole,Pothole_Segmentation_YOLOv8/train/images/pic-10-_jpg.rf.5a901c212d899a7dc7dc78be7de892c0.jpg,Pothole_Segmentation_YOLOv8/train/labels/pic-10-_jpg.rf.5a901c212d899a7dc7dc78be7de892c0.txt,pic-10,train,640,640,False,True
pothole,Pothole_Segmentation_YOLOv8/train/images/pic-100-_jpg.rf.17047bb032a49c96643c5f2108bb99dd.jpg,Pothole_Segmentation_YOLOv8/train/labels/pic-100-_jpg.rf.17047bb032a49c96643c5f2108bb99dd.txt,pic-100,train,640,640,False,True
pothole,Pothole_Segmentation_YOLOv8/train/images/pic-100-_jpg.rf.8c9076ee84698f90f04765f4e794a819.jpg,Pothole_Segmentation_YOLOv8/train/labels/pic-100-_jpg.rf.8c9076ee84698f90f04765f4e794a819.txt,pic-100,train,640,640,False,True
pothole,Pothole_Segmentation_YOLOv8/train/images/pic-100-_jpg.rf.ebc3af260e989e6f9e1e9221b9dff6b0.jpg,Pothole_Segmentation_YOLOv8/train/labels/pic-100-_jpg.rf.ebc3af260e989e6f9e1e9221b9dff6b0.txt,pic-100,train,640,640,False,True
pothole,Pothole_Segmentation_YOLOv8/train/images/pic-101-_jpg.rf.1e32a49f89a38974ded11bba8dd3e56b.jpg,Pothole_Segmentation_YOLOv8/train/labels/pic-101-_jpg.rf.1e32a49f89a38974ded11bba8dd3e56b.txt,pic-101,train,640,640,False,True
pothole,Pothole_Segmentation_YOLOv8/train/images/pic-101-_jpg.rf.4abe48a3d2a5e556908bf4286446e5ce.jpg,Pothole_Segmentation_YOLOv8/train/labels/pic-101-_jpg.rf.4abe48a3d2a5e556908bf4286446e5ce.txt,pic-101,train,640,640,False,True
pothole,Pothole_Segmentation_YOLOv8/train/images/pic-101-_jpg.rf.8380b58f6540ec91db66934b342f7f9e.jpg,Pothole_Segmentation_YOLOv8/train/labels/pic-101-_jpg.rf.8380b58f6540ec91db66934b342f7f9e.txt,pic-101,train,640,640,False,True
pothole,Pothole_Segmentation_YOLOv8/train/images/pic-102-_jpg.rf.bb6db5bdb59d1a6af15b0a0b565a3cdb.jpg,Pothole_Segmentation_YOLOv8/train/labels/pic-102-_jpg.rf.bb6db5bdb59d1a6af15b0a0b565a3cdb.txt,pic-102,train,640,640,False,True
pothole,Pothole_Segmentation_YOLOv8/train/images/pic-102-_jpg.rf.cd0b0b3a64e3a11005884c98c1f6c3aa.jpg,Pothole_Segmentation_YOLOv8/train/labels/pic-102-_jpg.rf.cd0b0b3a64e3a11005884c98c1f6c3aa.txt,pic-102,train,640,640,False,True
pothole,Pothole_Segmentation_YOLOv8/train/images/pic-102-_jpg.rf.df35bf045672f19a05f84a8c365dab3a.jpg,Pothole_Segmentation_YOLOv8/train/labels/pic-102-_jpg.rf.df35bf045672f19a05f84a8c365dab3a.txt,pic-102,train,640,640,False,True
pothole,Pothole_Segmentation_YOLOv8/train/images/pic-103-_jpg.rf.26017e20e92320bcde575710389353b1.jpg,Pothole_Segmentation_YOLOv8/train/labels/pic-103-_jpg.rf.26017e20e92320bcde575710389353b1.txt,pic-103,train,640,640,False,True
pothole,Pothole_Segmentation_YOLOv8/train/images/pic-103-_jpg.rf.4fa35472ae606aca56d49966dc91b5b6.jpg,Pothole_Segmentation_YOLOv8/train/labels/pic-103-_jpg.rf.4fa35472ae606aca56d49966dc91b5b6.txt,pic-103,train,640,640,False,True
pothole,Pothole_Segmentation_YOLOv8/train/images/pic-103-_jpg.rf.e204fd0f4f80094ec52c54c31ab06db0.jpg,Pothole_Segmentation_YOLOv8/train/labels/pic-103-_jpg.rf.e204fd0f4f80094ec52c54c31ab06db0.txt,pic-103,train,640,640,False,True
pothole,Pothole_Segmentation_YOLOv8/train/images/pic-104-_jpg.rf.117ec7cfcc77d6e6f80130934b1d5aa1.jpg,Pothole_Segmentation_YOLOv8/train/labels/pic-104-_jpg.rf.117ec7cfcc77d6e6f80130934b1d5aa1.txt,pic-104,train,640,640,False,True
pothole,Pothole_Segmentation_YOLOv8/train/images/pic-104-_jpg.rf.e4efc52e048da0b6918c135b1bd39962.jpg,Pothole_Segmentation_YOLOv8/train/labels/pic-104-_jpg.rf.e4efc52e048da0b6918c135b1bd39962.txt,pic-104,train,640,640,False,True
pothole,Pothole_Segmentation_YOLOv8/train/images/pic-104-_jpg.rf.f986cb78d75fc164de95ac33c56d9474.jpg,Pothole_Segmentation_YOLOv8/train/labels/pic-104-_jpg.rf.f986cb78d75fc164de95ac33c56d9474.txt,pic-104,train,640,640,False,True
pothole,Pothole_Segmentation_YOLOv8/train/images/pic-105-_jpg.rf.0b52d3fe11f0b249a5eb2f14a8f0a14f.jpg,Pothole_Segmentation_YOLOv8/train/labels/pic-105-_jpg.rf.0b52d3fe11f0b249a5eb2f14a8f0a14f.txt,pic-105,train,640,640,False,True
pothole,Pothole_Segmentation_YOLOv8/train/images/pic-105-_jpg.rf.0ce0939aec2bb2ab235addf64d130914.jpg,Pothole_Segmentation_YOLOv8/train/labels/pic-105-_jpg.rf.0ce0939aec2bb2ab235addf64d130914.txt,pic-105,train,640,640,False,True
pothole,Pothole_Segmentation_YOLOv8/train/images/pic-105-_jpg.rf.859bee21c8abeda9bc4ef41da6d2d0bf.jpg,Pothole_Segmentation_YOLOv8/train/labels/pic-105-_jpg.rf.859bee21c8abeda9bc4ef41da6d2d0bf.txt,pic-105,train,640,640,False,True
pothole,Pothole_Segmentation_YOLOv8/train/images/pic-106-_jpg.rf.0cbfb7193cdb49723d65f538678e22d2.jpg,Pothole_Segmentation_YOLOv8/train/labels/pic-106-_jpg.rf.0cbfb7193cdb49723d65f538678e22d2.txt,pic-106,train,640,640,False,True
pothole,Pothole_Segmentation_YOLOv8/train/images/pic-106-_jpg.rf.ac62ec1fab28b4344978edf35e9d2f3b.jpg,Pothole_Segmentation_YOLOv8/train/labels/pic-106-_jpg.rf.ac62ec1fab28b4344978edf35e9d2f3b.txt,pic-106,train,640,640,False,True
pothole,Pothole_Segmentation_YOLOv8/train/images/pic-106-_jpg.rf.e4becd5b84615a7550986c2835dc285e.jpg,Pothole_Segmentation_YOLOv8/train/labels/pic-106-_jpg.rf.e4becd5b84615a7550986c2835dc285e.txt,pic-106,train,640,640,False,True
pothole,Pothole_Segmentation_YOLOv8/train/images/pic-107-_jpg.rf.03fc77860b4af0df70c5ab46db783441.jpg,Pothole_Segmentation_YOLOv8/train/labels/pic-107-_jpg.rf.03fc77860b4af0df70c5ab46db783441.txt,pic-107,val,640,640,False,True
pothole,Pothole_Segmentation_YOLOv8/train/images/pic-107-_jpg.rf.3553f8919ce95633136ebe837864a734.jpg,Pothole_Segmentation_YOLOv8/train/labels/pic-107-_jpg.rf.3553f8919ce95633136ebe837864a734.txt,pic-107,val,640,640,False,True
pothole,Pothole_Segmentation_YOLOv8/train/images/pic-107-_jpg.rf.f0ad7fbe0407cb85527525e503913079.jpg,Pothole_Segmentation_YOLOv8/train/labels/pic-107-_jpg.rf.f0ad7fbe0407cb85527525e503913079.txt,pic-107,val,640,640,False,True
pothole,Pothole_Segmentation_YOLOv8/train/images/pic-108-_jpg.rf.0a11aa9e03c7bce050328b7bb2341bad.jpg,Pothole_Segmentation_YOLOv8/train/labels/pic-108-_jpg.rf.0a11aa9e03c7bce050328b7bb2341bad.txt,pic-108,train,640,640,False,True
pothole,Pothole_Segmentation_YOLOv8/train/images/pic-108-_jpg.rf.1dee3ebe35fda326931fb1a1a3162f56.jpg,Pothole_Segmentation_YOLOv8/train/labels/pic-108-_jpg.rf.1dee3ebe35fda326931fb1a1a3162f56.txt,pic-108,train,640,640,False,True
pothole,Pothole_Segmentation_YOLOv8/train/images/pic-108-_jpg.rf.539074c8d5134b846ed4b34e66362766.jpg,Pothole_Segmentation_YOLOv8/train/labels/pic-108-_jpg.rf.539074c8d5134b846ed4b34e66362766.txt,pic-108,train,640,640,False,True
pothole,Pothole_Segmentation_YOLOv8/train/images/pic-109-_jpg.rf.04274b3be06ee972e8900a1875f45611.jpg,Pothole_Segmentation_YOLOv8/train/labels/pic-109-_jpg.rf.04274b3be06ee972e8900a1875f45611.txt,pic-109,train,640,640,False,True
pothole,Pothole_Segmentation_YOLOv8/train/images/pic-109-_jpg.rf.b84c3f664bd7ae818c9af8fb6bc95a9c.jpg,Pothole_Segmentation_YOLOv8/train/labels/pic-109-_jpg.rf.b84c3f664bd7ae818c9af8fb6bc95a9c.txt,pic-109,train,640,640,False,True
pothole,Pothole_Segmentation_YOLOv8/train/images/pic-109-_jpg.rf.de4b44ded5874999731e65adcf907536.jpg,Pothole_Segmentation_YOLOv8/train/labels/pic-109-_jpg.rf.de4b44ded5874999731e65adcf907536.txt,pic-109,train,640,640,False,True
pothole,Pothole_Segmentation_YOLOv8/train/images/pic-11-_jpg.rf.39503b2272330e0dd57ffe9fc6ed720e.jpg,Pothole_Segmentation_YOLOv8/train/labels/pic-11-_jpg.rf.39503b2272330e0dd57ffe9fc6ed720e.txt,pic-11,val,640,640,False,True
pothole,Pothole_Segmentation_YOLOv8/train/images/pic-11-_jpg.rf.489d3c93901c3240d87b78333702d26c.jpg,Pothole_Segmentation_YOLOv8/train/labels/pic-11-_jpg.rf.489d3c93901c3240d87b78333702d26c.txt,pic-11,val,640,640,False,True
pothole,Pothole_Segmentation_YOLOv8/train/images/pic-11-_jpg.rf.7bf3ce1997b0a5d878ad6fabe1e5772a.jpg,Pothole_Segmentation_YOLOv8/train/labels/pic-11-_jpg.rf.7bf3ce1997b0a5d878ad6fabe1e5772a.txt,pic-11,val,640,640,False,True
pothole,Pothole_Segmentation_YOLOv8/train/images/pic-110-_jpg.rf.c61b825409e38c7651bca32e1d9680b5.jpg,Pothole_Segmentation_YOLOv8/train/labels/pic-110-_jpg.rf.c61b825409e38c7651bca32e1d9680b5.txt,pic-110,train,640,640,False,True
pothole,Pothole_Segmentation_YOLOv8/train/images/pic-110-_jpg.rf.c9150ba543315705a5bb08654144ccf9.jpg,Pothole_Segmentation_YOLOv8/train/labels/pic-110-_jpg.rf.c9150ba543315705a5bb08654144ccf9.txt,pic-110,train,640,640,False,True
pothole,Pothole_Segmentation_YOLOv8/train/images/pic-110-_jpg.rf.ddb9b30f00ca7dfad4235fcd67610a9b.jpg,Pothole_Segmentation_YOLOv8/train/labels/pic-110-_jpg.rf.ddb9b30f00ca7dfad4235fcd67610a9b.txt,pic-110,train,640,640,False,True
pothole,Pothole_Segmentation_YOLOv8/train/images/pic-111-_jpg.rf.39065e4e7f12e6c9d4e829f9df001cec.jpg,Pothole_Segmentation_YOLOv8/train/labels/pic-111-_jpg.rf.39065e4e7f12e6c9d4e829f9df001cec.txt,pic-111,train,640,640,False,True
pothole,Pothole_Segmentation_YOLOv8/train/images/pic-111-_jpg.rf.3a38a17ad93dbe166ddcc54aae67d206.jpg,Pothole_Segmentation_YOLOv8/train/labels/pic-111-_jpg.rf.3a38a17ad93dbe166ddcc54aae67d206.txt,pic-111,train,640,640,False,True
pothole,Pothole_Segmentation_YOLOv8/train/images/pic-111-_jpg.rf.748bde6c84a85700fe3e4a8ad8e5c83c.jpg,Pothole_Segmentation_YOLOv8/train/labels/pic-111-_jpg.rf.748bde6c84a85700fe3e4a8ad8e5c83c.txt,pic-111,train,640,640,False,True
pothole,Pothole_Segmentation_YOLOv8/train/images/pic-112-_jpg.rf.3d443fe242b14e97a21264faecffde8c.jpg,Pothole_Segmentation_YOLOv8/train/labels/pic-112-_jpg.rf.3d443fe242b14e97a21264faecffde8c.txt,pic-112,train,640,640,False,True
pothole,Pothole_Segmentation_YOLOv8/train/images/pic-112-_jpg.rf.565a4282cf6d23cbb37f3ee73567ec2b.jpg,Pothole_Segmentation_YOLOv8/train/labels/pic-112-_jpg.rf.565a4282cf6d23cbb37f3ee73567ec2b.txt,pic-112,train,640,640,False,True
pothole,Pothole_Segmentation_YOLOv8/train/images/pic-112-_jpg.rf.a0296021fd4252e341077743b0990cb8.jpg,Pothole_Segmentation_YOLOv8/train/labels/pic-112-_jpg.rf.a0296021fd4252e341077743b0990cb8.txt,pic-112,train,640,640,False,True
pothole,Pothole_Segmentation_YOLOv8/train/images/pic-113-_jpg.rf.59ab5bd4ba9f0202cd15f82e7109fc77.jpg,Pothole_Segmentation_YOLOv8/train/labels/pic-113-_jpg.rf.59ab5bd4ba9f0202cd15f82e7109fc77.txt,pic-113,train,640,640,False,True
pothole,Pothole_Segmentation_YOLOv8/train/images/pic-113-_jpg.rf.b8d031ce65af24e0b5e80cab8723335b.jpg,Pothole_Segmentation_YOLOv8/train/labels/pic-113-_jpg.rf.b8d031ce65af24e0b5e80cab8723335b.txt,pic-113,train,640,640,False,True
pothole,Pothole_Segmentation_YOLOv8/train/images/pic-113-_jpg.rf.dfebb14b79daa214f3f87995192a85ae.jpg,Pothole_Segmentation_YOLOv8/train/labels/pic-113-_jpg.rf.dfebb14b79daa214f3f87995192a85ae.txt,pic-113,train,640,640,False,True
pothole,Pothole_Segmentation_YOLOv8/train/images/pic-115-_jpg.rf.1da712be935af009c0a9e04f0276f225.jpg,Pothole_Segmentation_YOLOv8/train/labels/pic-115-_jpg.rf.1da712be935af009c0a9e04f0276f225.txt,pic-115,train,640,640,False,True
pothole,Pothole_Segmentation_YOLOv8/train/images/pic-115-_jpg.rf.2ac2c551c23ad08dd5599f320c8dd310.jpg,Pothole_Segmentation_YOLOv8/train/labels/pic-115-_jpg.rf.2ac2c551c23ad08dd5599f320c8dd310.txt,pic-115,train,640,640,False,True
pothole,Pothole_Segmentation_YOLOv8/train/images/pic-115-_jpg.rf.a808c9e7b2121bd93dbc59332a6d12cb.jpg,Pothole_Segmentation_YOLOv8/train/labels/pic-115-_jpg.rf.a808c9e7b2121bd93dbc59332a6d12cb.txt,pic-115,train,640,640,False,True
pothole,Pothole_Segmentation_YOLOv8/train/images/pic-117-_jpg.rf.23537a5a480ec24a62b83163a80c4db3.jpg,Pothole_Segmentation_YOLOv8/train/labels/pic-117-_jpg.rf.23537a5a480ec24a62b83163a80c4db3.txt,pic-117,train,640,640,False,True
pothole,Pothole_Segmentation_YOLOv8/train/images/pic-117-_jpg.rf.8e6e071e8f8e9e9d6f84a1f35766ebf0.jpg,Pothole_Segmentation_YOLOv8/train/labels/pic-117-_jpg.rf.8e6e071e8f8e9e9d6f84a1f35766ebf0.txt,pic-117,train,640,640,False,True
pothole,Pothole_Segmentation_YOLOv8/train/images/pic-117-_jpg.rf.a5e887bf3c2428e83a81dc48e4f80b0e.jpg,Pothole_Segmentation_YOLOv8/train/labels/pic-117-_jpg.rf.a5e887bf3c2428e83a81dc48e4f80b0e.txt,pic-117,train,640,640,False,True
pothole,Pothole_Segmentation_YOLOv8/train/images/pic-118-_jpg.rf.8beeeda1ce5f8d0cf75e8634f45e6e7e.jpg,Pothole_Segmentation_YOLOv8/train/labels/pic-118-_jpg.rf.8beeeda1ce5f8d0cf75e8634f45e6e7e.txt,pic-118,train,640,640,False,True
pothole,Pothole_Segmentation_YOLOv8/train/images/pic-118-_jpg.rf.aa2953e739d235b2eddafdea4a1dab6e.jpg,Pothole_Segmentation_YOLOv8/train/labels/pic-118-_jpg.rf.aa2953e739d235b2eddafdea4a1dab6e.txt,pic-118,train,640,640,False,True
pothole,Pothole_Segmentation_YOLOv8/train/images/pic-118-_jpg.rf.cf3c2b75ffec6c9e27d18a6b98b67bf9.jpg,Pothole_Segmentation_YOLOv8/train/labels/pic-118-_jpg.rf.cf3c2b75ffec6c9e27d18a6b98b67bf9.txt,pic-118,train,640,640,False,True
pothole,Pothole_Segmentation_YOLOv8/train/images/pic-119-_jpg.rf.4871608ed18b586f1e4e5f2e440b1320.jpg,Pothole_Segmentation_YOLOv8/train/labels/pic-119-_jpg.rf.4871608ed18b586f1e4e5f2e440b1320.txt,pic-119,train,640,640,False,True
pothole,Pothole_Segmentation_YOLOv8/train/images/pic-119-_jpg.rf.8c7abcd78dd1d16256589acaf80a4182.jpg,Pothole_Segmentation_YOLOv8/train/labels/pic-119-_jpg.rf.8c7abcd78dd1d16256589acaf80a4182.txt,pic-119,train,640,640,False,True
pothole,Pothole_Segmentation_YOLOv8/train/images/pic-119-_jpg.rf.efb59ea51e49ee98c39fcda52e3b6389.jpg,Pothole_Segmentation_YOLOv8/train/labels/pic-119-_jpg.rf.efb59ea51e49ee98c39fcda52e3b6389.txt,pic-119,train,640,640,False,True
pothole,Pothole_Segmentation_YOLOv8/train/images/pic-12-_jpg.rf.3145a5860685e71bb38756743d8c5132.jpg,Pothole_Segmentation_YOLOv8/train/labels/pic-12-_jpg.rf.3145a5860685e71bb38756743d8c5132.txt,pic-12,val,640,640,False,True
pothole,Pothole_Segmentation_YOLOv8/train/images/pic-12-_jpg.rf.40ca7474661c6928638675cb6b4f648f.jpg,Pothole_Segmentation_YOLOv8/train/labels/pic-12-_jpg.rf.40ca7474661c6928638675cb6b4f648f.txt,pic-12,val,640,640,False,True
pothole,Pothole_Segmentation_YOLOv8/train/images/pic-12-_jpg.rf.f538915b42230d73cd5e22bcb4b06ce6.jpg,Pothole_Segmentation_YOLOv8/train/labels/pic-12-_jpg.rf.f538915b42230d73cd5e22bcb4b06ce6.txt,pic-12,val,640,640,False,True
pothole,Pothole_Segmentation_YOLOv8/train/images/pic-121-_jpg.rf.292a7daa7fa877194720b879161d8c40.jpg,Pothole_Segmentation_YOLOv8/train/labels/pic-121-_jpg.rf.292a7daa7fa877194720b879161d8c40.txt,pic-121,train,640,640,False,True
pothole,Pothole_Segmentation_YOLOv8/train/images/pic-121-_jpg.rf.6550c19d889288f83dca4f4c57545348.jpg,Pothole_Segmentation_YOLOv8/train/labels/pic-121-_jpg.rf.6550c19d889288f83dca4f4c57545348.txt,pic-121,train,640,640,False,True
pothole,Pothole_Segmentation_YOLOv8/train/images/pic-121-_jpg.rf.ca379af880817bcbc914bac8fd00d7e6.jpg,Pothole_Segmentation_YOLOv8/train/labels/pic-121-_jpg.rf.ca379af880817bcbc914bac8fd00d7e6.txt,pic-121,train,640,640,False,True
pothole,Pothole_Segmentation_YOLOv8/train/images/pic-122-_jpg.rf.727dc87f7e5fb44ce14cf3878f669aa7.jpg,Pothole_Segmentation_YOLOv8/train/labels/pic-122-_jpg.rf.727dc87f7e5fb44ce14cf3878f669aa7.txt,pic-122,train,640,640,False,True
pothole,Pothole_Segmentation_YOLOv8/train/images/pic-122-_jpg.rf.a7402de11b1c3f7af0cc32933211e3f6.jpg,Pothole_Segmentation_YOLOv8/train/labels/pic-122-_jpg.rf.a7402de11b1c3f7af0cc32933211e3f6.txt,pic-122,train,640,640,False,True
pothole,Pothole_Segmentation_YOLOv8/train/images/pic-122-_jpg.rf.c136dab4f56b39061798109d2420b61f.jpg,Pothole_Segmentation_YOLOv8/train/labels/pic-122-_jpg.rf.c136dab4f56b39061798109d2420b61f.txt,pic-122,train,640,640,False,True
pothole,Pothole_Segmentation_YOLOv8/train/images/pic-124-_jpg.rf.5e69150b156446dbd25a1ba55e83d665.jpg,Pothole_Segmentation_YOLOv8/train/labels/pic-124-_jpg.rf.5e69150b156446dbd25a1ba55e83d665.txt,pic-124,train,640,640,False,True
pothole,Pothole_Segmentation_YOLOv8/train/images/pic-124-_jpg.rf.5f9ee27d0fe8571af0685b1746b9d7fc.jpg,Pothole_Segmentation_YOLOv8/train/labels/pic-124-_jpg.rf.5f9ee27d0fe8571af0685b1746b9d7fc.txt,pic-124,train,640,640,False,True
pothole,Pothole_Segmentation_YOLOv8/train/images/pic-124-_jpg.rf.e75e7815306ccb81e78d7f8b63857483.jpg,Pothole_Segmentation_YOLOv8/train/labels/pic-124-_jpg.rf.e75e7815306ccb81e78d7f8b63857483.txt,pic-124,train,640,640,False,True
pothole,Pothole_Segmentation_YOLOv8/train/images/pic-126-_jpg.rf.260cc574c3efc137da742a912741a3fb.jpg,Pothole_Segmentation_YOLOv8/train/labels/pic-126-_jpg.rf.260cc574c3efc137da742a912741a3fb.txt,pic-126,train,640,640,False,True
pothole,Pothole_Segmentation_YOLOv8/train/images/pic-126-_jpg.rf.4d5c28bfd2ec83debd1fa97e86bbddb4.jpg,Pothole_Segmentation_YOLOv8/train/labels/pic-126-_jpg.rf.4d5c28bfd2ec83debd1fa97e86bbddb4.txt,pic-126,train,640,640,False,True
pothole,Pothole_Segmentation_YOLOv8/train/images/pic-126-_jpg.rf.c72b1826e8aaa63d8f1713c2957e93e5.jpg,Pothole_Segmentation_YOLOv8/train/labels/pic-126-_jpg.rf.c72b1826e8aaa63d8f1713c2957e93e5.txt,pic-126,train,640,640,False,True
pothole,Pothole_Segmentation_YOLOv8/train/images/pic-127-_jpg.rf.4aebae9cb49eac155acea198eb8d4649.jpg,Pothole_Segmentation_YOLOv8/train/labels/pic-127-_jpg.rf.4aebae9cb49eac155acea198eb8d4649.txt,pic-127,train,640,640,False,True
pothole,Pothole_Segmentation_YOLOv8/train/images/pic-127-_jpg.rf.513297c58b670dfbcee0c02f22a76c9f.jpg,Pothole_Segmentation_YOLOv8/train/labels/pic-127-_jpg.rf.513297c58b670dfbcee0c02f22a76c9f.txt,pic-127,train,640,640,False,True
pothole,Pothole_Segmentation_YOLOv8/train/images/pic-127-_jpg.rf.762e69fb9b1c80f586c501b5b9c515db.jpg,Pothole_Segmentation_YOLOv8/train/labels/pic-127-_jpg.rf.762e69fb9b1c80f586c501b5b9c515db.txt,pic-127,train,640,640,False,True
pothole,Pothole_Segmentation_YOLOv8/train/images/pic-128-_jpg.rf.0ac3472d1668a73f904ec562bcfc43ff.jpg,Pothole_Segmentation_YOLOv8/train/labels/pic-128-_jpg.rf.0ac3472d1668a73f904ec562bcfc43ff.txt,pic-128,train,640,640,False,True
pothole,Pothole_Segmentation_YOLOv8/train/images/pic-128-_jpg.rf.145c4607840c2bcac86b2f76c28a7750.jpg,Pothole_Segmentation_YOLOv8/train/labels/pic-128-_jpg.rf.145c4607840c2bcac86b2f76c28a7750.txt,pic-128,train,640,640,False,True
pothole,Pothole_Segmentation_YOLOv8/train/images/pic-128-_jpg.rf.e9d874018c8eb5296749630aca5603e6.jpg,Pothole_Segmentation_YOLOv8/train/labels/pic-128-_jpg.rf.e9d874018c8eb5296749630aca5603e6.txt,pic-128,train,640,640,False,True
pothole,Pothole_Segmentation_YOLOv8/train/images/pic-13-_jpg.rf.6ada3c0e80b409618278df949cd6b7e5.jpg,Pothole_Segmentation_YOLOv8/train/labels/pic-13-_jpg.rf.6ada3c0e80b409618278df949cd6b7e5.txt,pic-13,train,640,640,False,True
pothole,Pothole_Segmentation_YOLOv8/train/images/pic-13-_jpg.rf.b5e4ccd6fb004ba11f36c902116a6dfa.jpg,Pothole_Segmentation_YOLOv8/train/labels/pic-13-_jpg.rf.b5e4ccd6fb004ba11f36c902116a6dfa.txt,pic-13,train,640,640,False,True
pothole,Pothole_Segmentation_YOLOv8/train/images/pic-13-_jpg.rf.f7751cf8a51dd62c4e458caa96bc1906.jpg,Pothole_Segmentation_YOLOv8/train/labels/pic-13-_jpg.rf.f7751cf8a51dd62c4e458caa96bc1906.txt,pic-13,train,640,640,False,True
pothole,Pothole_Segmentation_YOLOv8/train/images/pic-130-_jpg.rf.0f6726c68af9fe60c2249e2349f8c049.jpg,Pothole_Segmentation_YOLOv8/train/labels/pic-130-_jpg.rf.0f6726c68af9fe60c2249e2349f8c049.txt,pic-130,val,640,640,False,True
pothole,Pothole_Segmentation_YOLOv8/train/images/pic-130-_jpg.rf.2326fd752be4eb885ad113b533f9ac5c.jpg,Pothole_Segmentation_YOLOv8/train/labels/pic-130-_jpg.rf.2326fd752be4eb885ad113b533f9ac5c.txt,pic-130,val,640,640,False,True
pothole,Pothole_Segmentation_YOLOv8/train/images/pic-130-_jpg.rf.573aa03e77804ed419f1fd0a190ba13a.jpg,Pothole_Segmentation_YOLOv8/train/labels/pic-130-_jpg.rf.573aa03e77804ed419f1fd0a190ba13a.txt,pic-130,val,640,640,False,True
pothole,Pothole_Segmentation_YOLOv8/train/images/pic-131-_jpg.rf.30c2f70058a6fad525c31f57d3952d4d.jpg,Pothole_Segmentation_YOLOv8/train/labels/pic-131-_jpg.rf.30c2f70058a6fad525c31f57d3952d4d.txt,pic-131,train,640,640,False,True
pothole,Pothole_Segmentation_YOLOv8/train/images/pic-131-_jpg.rf.7a54a7e1ad2243629779c48a41b94ca1.jpg,Pothole_Segmentation_YOLOv8/train/labels/pic-131-_jpg.rf.7a54a7e1ad2243629779c48a41b94ca1.txt,pic-131,train,640,640,False,True
pothole,Pothole_Segmentation_YOLOv8/train/images/pic-131-_jpg.rf.9506d58945bc1f6e0cd0b6810ca40ad5.jpg,Pothole_Segmentation_YOLOv8/train/labels/pic-131-_jpg.rf.9506d58945bc1f6e0cd0b6810ca40ad5.txt,pic-131,train,640,640,False,True
pothole,Pothole_Segmentation_YOLOv8/train/images/pic-132-_jpg.rf.17911c1b0d9ce482c109ce1e784940b4.jpg,Pothole_Segmentation_YOLOv8/train/labels/pic-132-_jpg.rf.17911c1b0d9ce482c109ce1e784940b4.txt,pic-132,train,640,640,False,True
pothole,Pothole_Segmentation_YOLOv8/train/images/pic-132-_jpg.rf.797a01efcb3ccc31edc05fbd79854344.jpg,Pothole_Segmentation_YOLOv8/train/labels/pic-132-_jpg.rf.797a01efcb3ccc31edc05fbd79854344.txt,pic-132,train,640,640,False,True
pothole,Pothole_Segmentation_YOLOv8/train/images/pic-132-_jpg.rf.955ee641285edaa97d368881f70563fd.jpg,Pothole_Segmentation_YOLOv8/train/labels/pic-132-_jpg.rf.955ee641285edaa97d368881f70563fd.txt,pic-132,train,640,640,False,True
pothole,Pothole_Segmentation_YOLOv8/train/images/pic-133-_jpg.rf.24a41f4b91e68f7e35f7d2feff83054d.jpg,Pothole_Segmentation_YOLOv8/train/labels/pic-133-_jpg.rf.24a41f4b91e68f7e35f7d2feff83054d.txt,pic-133,train,640,640,False,True
pothole,Pothole_Segmentation_YOLOv8/train/images/pic-133-_jpg.rf.7aa442a433a0074d31ec5ba2de39c2a4.jpg,Pothole_Segmentation_YOLOv8/train/labels/pic-133-_jpg.rf.7aa442a433a0074d31ec5ba2de39c2a4.txt,pic-133,train,640,640,False,True
pothole,Pothole_Segmentation_YOLOv8/train/images/pic-133-_jpg.rf.8dc9e79be10c01f6f279b4c27266ab65.jpg,Pothole_Segmentation_YOLOv8/train/labels/pic-133-_jpg.rf.8dc9e79be10c01f6f279b4c27266ab65.txt,pic-133,train,640,640,False,True
pothole,Pothole_Segmentation_YOLOv8/train/images/pic-134-_jpg.rf.517c7c3c07571b10697a58b567940b58.jpg,Pothole_Segmentation_YOLOv8/train/labels/pic-134-_jpg.rf.517c7c3c07571b10697a58b567940b58.txt,pic-134,train,640,640,False,True
pothole,Pothole_Segmentation_YOLOv8/train/images/pic-134-_jpg.rf.a84bccc6824f607509bb701d8ccd3c87.jpg,Pothole_Segmentation_YOLOv8/train/labels/pic-134-_jpg.rf.a84bccc6824f607509bb701d8ccd3c87.txt,pic-134,train,640,640,False,True
pothole,Pothole_Segmentation_YOLOv8/train/images/pic-134-_jpg.rf.e15dd6f2f2bc285d64fef68fb2d92164.jpg,Pothole_Segmentation_YOLOv8/train/labels/pic-134-_jpg.rf.e15dd6f2f2bc285d64fef68fb2d92164.txt,pic-134,train,640,640,False,True
pothole,Pothole_Segmentation_YOLOv8/train/images/pic-135-_jpg.rf.1ee928d9f772b66ef1a56bc9ddc702b2.jpg,Pothole_Segmentation_YOLOv8/train/labels/pic-135-_jpg.rf.1ee928d9f772b66ef1a56bc9ddc702b2.txt,pic-135,train,640,640,False,True
pothole,Pothole_Segmentation_YOLOv8/train/images/pic-135-_jpg.rf.9cee00f51ec30b4e0f591b2da2007a10.jpg,Pothole_Segmentation_YOLOv8/train/labels/pic-135-_jpg.rf.9cee00f51ec30b4e0f591b2da2007a10.txt,pic-135,train,640,640,False,True
pothole,Pothole_Segmentation_YOLOv8/train/images/pic-135-_jpg.rf.d3d07ce395c3562793390b1003e99d1f.jpg,Pothole_Segmentation_YOLOv8/train/labels/pic-135-_jpg.rf.d3d07ce395c3562793390b1003e99d1f.txt,pic-135,train,640,640,False,True
pothole,Pothole_Segmentation_YOLOv8/train/images/pic-136-_jpg.rf.28112df3106c2b4485053cd6371a47ef.jpg,Pothole_Segmentation_YOLOv8/train/labels/pic-136-_jpg.rf.28112df3106c2b4485053cd6371a47ef.txt,pic-136,train,640,640,False,True
pothole,Pothole_Segmentation_YOLOv8/train/images/pic-136-_jpg.rf.af169e1464071ae718f22b5baebe13a6.jpg,Pothole_Segmentation_YOLOv8/train/labels/pic-136-_jpg.rf.af169e1464071ae718f22b5baebe13a6.txt,pic-136,train,640,640,False,True
pothole,Pothole_Segmentation_YOLOv8/train/images/pic-136-_jpg.rf.d694cf94912347ceff66727b95ecb05a.jpg,Pothole_Segmentation_YOLOv8/train/labels/pic-136-_jpg.rf.d694cf94912347ceff66727b95ecb05a.txt,pic-136,train,640,640,False,True
pothole,Pothole_Segmentation_YOLOv8/train/images/pic-137-_jpg.rf.374184952caf59cfa399166b0111b640.jpg,Pothole_Segmentation_YOLOv8/train/labels/pic-137-_jpg.rf.374184952caf59cfa399166b0111b640.txt,pic-137,train,640,640,False,True
pothole,Pothole_Segmentation_YOLOv8/train/images/pic-137-_jpg.rf.5b5d603ae481652805ea93e3698ea609.jpg,Pothole_Segmentation_YOLOv8/train/labels/pic-137-_jpg.rf.5b5d603ae481652805ea93e3698ea609.txt,pic-137,train,640,640,False,True
pothole,Pothole_Segmentation_YOLOv8/train/images/pic-137-_jpg.rf.eec8497f7279810ff44902d6eca0121b.jpg,Pothole_Segmentation_YOLOv8/train/labels/pic-137-_jpg.rf.eec8497f7279810ff44902d6eca0121b.txt,pic-137,train,640,640,False,True
pothole,Pothole_Segmentation_YOLOv8/train/images/pic-138-_jpg.rf.07fa25bc5fbd7c2711b9ce8ac28ad6a2.jpg,Pothole_Segmentation_YOLOv8/train/labels/pic-138-_jpg.rf.07fa25bc5fbd7c2711b9ce8ac28ad6a2.txt,pic-138,train,640,640,False,True
pothole,Pothole_Segmentation_YOLOv8/train/images/pic-138-_jpg.rf.766c3d35632f4641ce9d5207a3cadd70.jpg,Pothole_Segmentation_YOLOv8/train/labels/pic-138-_jpg.rf.766c3d35632f4641ce9d5207a3cadd70.txt,pic-138,train,640,640,False,True
pothole,Pothole_Segmentation_YOLOv8/train/images/pic-138-_jpg.rf.8b1343ad71a58c8daf99e2311627f0c8.jpg,Pothole_Segmentation_YOLOv8/train/labels/pic-138-_jpg.rf.8b1343ad71a58c8daf99e2311627f0c8.txt,pic-138,train,640,640,False,True
pothole,Pothole_Segmentation_YOLOv8/train/images/pic-139-_jpg.rf.68c4e347a47e89fb46aedd298c2c3e5c.jpg,Pothole_Segmentation_YOLOv8/train/labels/pic-139-_jpg.rf.68c4e347a47e89fb46aedd298c2c3e5c.txt,pic-139,train,640,640,False,True
pothole,Pothole_Segmentation_YOLOv8/train/images/pic-139-_jpg.rf.738912a20f4c9753a555bf9e7a468851.jpg,Pothole_Segmentation_YOLOv8/train/labels/pic-139-_jpg.rf.738912a20f4c9753a555bf9e7a468851.txt,pic-139,train,640,640,False,True
pothole,Pothole_Segmentation_YOLOv8/train/images/pic-139-_jpg.rf.87bfef6ce65eb5df5b6053523e6b4954.jpg,Pothole_Segmentation_YOLOv8/train/labels/pic-139-_jpg.rf.87bfef6ce65eb5df5b6053523e6b4954.txt,pic-139,train,640,640,False,True
pothole,Pothole_Segmentation_YOLOv8/train/images/pic-14-_jpg.rf.0cf42e6b552e8f867e76237f36e7eadc.jpg,Pothole_Segmentation_YOLOv8/train/labels/pic-14-_jpg.rf.0cf42e6b552e8f867e76237f36e7eadc.txt,pic-14,train,640,640,False,True
pothole,Pothole_Segmentation_YOLOv8/train/images/pic-14-_jpg.rf.3e2f11367531d04d10e9132cf6fe9b8f.jpg,Pothole_Segmentation_YOLOv8/train/labels/pic-14-_jpg.rf.3e2f11367531d04d10e9132cf6fe9b8f.txt,pic-14,train,640,640,False,True
pothole,Pothole_Segmentation_YOLOv8/train/images/pic-14-_jpg.rf.5795a6265ed32db2ca7965aa7e0174b1.jpg,Pothole_Segmentation_YOLOv8/train/labels/pic-14-_jpg.rf.5795a6265ed32db2ca7965aa7e0174b1.txt,pic-14,train,640,640,False,True
pothole,Pothole_Segmentation_YOLOv8/train/images/pic-141-_jpg.rf.94b5851bcded6830d88bef9ed5001cc4.jpg,Pothole_Segmentation_YOLOv8/train/labels/pic-141-_jpg.rf.94b5851bcded6830d88bef9ed5001cc4.txt,pic-141,train,640,640,False,True
pothole,Pothole_Segmentation_YOLOv8/train/images/pic-141-_jpg.rf.dc5bb23e947044e6c4a4572abc3e8213.jpg,Pothole_Segmentation_YOLOv8/train/labels/pic-141-_jpg.rf.dc5bb23e947044e6c4a4572abc3e8213.txt,pic-141,train,640,640,False,True
pothole,Pothole_Segmentation_YOLOv8/train/images/pic-141-_jpg.rf.fc3d1df38a5c4e68febeb45b2a132f4a.jpg,Pothole_Segmentation_YOLOv8/train/labels/pic-141-_jpg.rf.fc3d1df38a5c4e68febeb45b2a132f4a.txt,pic-141,train,640,640,False,True
pothole,Pothole_Segmentation_YOLOv8/train/images/pic-142-_jpg.rf.0879365f4e7e435dba77c82134cc5623.jpg,Pothole_Segmentation_YOLOv8/train/labels/pic-142-_jpg.rf.0879365f4e7e435dba77c82134cc5623.txt,pic-142,train,640,640,False,True
pothole,Pothole_Segmentation_YOLOv8/train/images/pic-142-_jpg.rf.8658b3f74ded0b4631ae8fb8215d1f97.jpg,Pothole_Segmentation_YOLOv8/train/labels/pic-142-_jpg.rf.8658b3f74ded0b4631ae8fb8215d1f97.txt,pic-142,train,640,640,False,True
pothole,Pothole_Segmentation_YOLOv8/train/images/pic-142-_jpg.rf.d06e1261d14a5a908632f7f9984b1533.jpg,Pothole_Segmentation_YOLOv8/train/labels/pic-142-_jpg.rf.d06e1261d14a5a908632f7f9984b1533.txt,pic-142,train,640,640,False,True
pothole,Pothole_Segmentation_YOLOv8/train/images/pic-143-_jpg.rf.216b82e37fe7bf7ace28e129f406915c.jpg,Pothole_Segmentation_YOLOv8/train/labels/pic-143-_jpg.rf.216b82e37fe7bf7ace28e129f406915c.txt,pic-143,train,640,640,False,True
pothole,Pothole_Segmentation_YOLOv8/train/images/pic-143-_jpg.rf.eab223bbca50b3ff5899899213a6292d.jpg,Pothole_Segmentation_YOLOv8/train/labels/pic-143-_jpg.rf.eab223bbca50b3ff5899899213a6292d.txt,pic-143,train,640,640,False,True
pothole,Pothole_Segmentation_YOLOv8/train/images/pic-143-_jpg.rf.f94e3b194754043332e4361c80e7d3db.jpg,Pothole_Segmentation_YOLOv8/train/labels/pic-143-_jpg.rf.f94e3b194754043332e4361c80e7d3db.txt,pic-143,train,640,640,False,True
pothole,Pothole_Segmentation_YOLOv8/train/images/pic-145-_jpg.rf.01b4f283d7eaa74981edcc0259ef43cb.jpg,Pothole_Segmentation_YOLOv8/train/labels/pic-145-_jpg.rf.01b4f283d7eaa74981edcc0259ef43cb.txt,pic-145,train,640,640,False,True
pothole,Pothole_Segmentation_YOLOv8/train/images/pic-145-_jpg.rf.8c8e224f08327d871ec0791f80a0d43a.jpg,Pothole_Segmentation_YOLOv8/train/labels/pic-145-_jpg.rf.8c8e224f08327d871ec0791f80a0d43a.txt,pic-145,train,640,640,False,True
pothole,Pothole_Segmentation_YOLOv8/train/images/pic-145-_jpg.rf.ea068320394add8a6ff90b4396b79923.jpg,Pothole_Segmentation_YOLOv8/train/labels/pic-145-_jpg.rf.ea068320394add8a6ff90b4396b79923.txt,pic-145,train,640,640,False,True
pothole,Pothole_Segmentation_YOLOv8/train/images/pic-146-_jpg.rf.05122d9316fa0be439f878d8aa337d3d.jpg,Pothole_Segmentation_YOLOv8/train/labels/pic-146-_jpg.rf.05122d9316fa0be439f878d8aa337d3d.txt,pic-146,val,640,640,False,True
pothole,Pothole_Segmentation_YOLOv8/train/images/pic-146-_jpg.rf.18a3fc9b3f915028b7246fba6b56fd11.jpg,Pothole_Segmentation_YOLOv8/train/labels/pic-146-_jpg.rf.18a3fc9b3f915028b7246fba6b56fd11.txt,pic-146,val,640,640,False,True
pothole,Pothole_Segmentation_YOLOv8/train/images/pic-146-_jpg.rf.6d367895786517cfe865fb065be076a5.jpg,Pothole_Segmentation_YOLOv8/train/labels/pic-146-_jpg.rf.6d367895786517cfe865fb065be076a5.txt,pic-146,val,640,640,False,True
pothole,Pothole_Segmentation_YOLOv8/train/images/pic-147-_jpg.rf.0f296124b79e86f38cda27b6fe05d742.jpg,Pothole_Segmentation_YOLOv8/train/labels/pic-147-_jpg.rf.0f296124b79e86f38cda27b6fe05d742.txt,pic-147,val,640,640,False,True
pothole,Pothole_Segmentation_YOLOv8/train/images/pic-147-_jpg.rf.890438ae2f4d1bb94198abdd6c181ec8.jpg,Pothole_Segmentation_YOLOv8/train/labels/pic-147-_jpg.rf.890438ae2f4d1bb94198abdd6c181ec8.txt,pic-147,val,640,640,False,True
pothole,Pothole_Segmentation_YOLOv8/train/images/pic-147-_jpg.rf.a31a26433609129cbb67d23fcb851296.jpg,Pothole_Segmentation_YOLOv8/train/labels/pic-147-_jpg.rf.a31a26433609129cbb67d23fcb851296.txt,pic-147,val,640,640,False,True
pothole,Pothole_Segmentation_YOLOv8/train/images/pic-148-_jpg.rf.5a781d389cff26a6e2ee08ce9b0498e7.jpg,Pothole_Segmentation_YOLOv8/train/labels/pic-148-_jpg.rf.5a781d389cff26a6e2ee08ce9b0498e7.txt,pic-148,train,640,640,False,True
pothole,Pothole_Segmentation_YOLOv8/train/images/pic-148-_jpg.rf.8e92fc1a329453e782f06e741d1fc52f.jpg,Pothole_Segmentation_YOLOv8/train/labels/pic-148-_jpg.rf.8e92fc1a329453e782f06e741d1fc52f.txt,pic-148,train,640,640,False,True
pothole,Pothole_Segmentation_YOLOv8/train/images/pic-148-_jpg.rf.e2bb2aecbf0577a45e672425acfed876.jpg,Pothole_Segmentation_YOLOv8/train/labels/pic-148-_jpg.rf.e2bb2aecbf0577a45e672425acfed876.txt,pic-148,train,640,640,False,True
pothole,Pothole_Segmentation_YOLOv8/train/images/pic-149-_jpg.rf.a45f79f8033191bd09e9ef31736ca58e.jpg,Pothole_Segmentation_YOLOv8/train/labels/pic-149-_jpg.rf.a45f79f8033191bd09e9ef31736ca58e.txt,pic-149,train,640,640,False,True
pothole,Pothole_Segmentation_YOLOv8/train/images/pic-149-_jpg.rf.c349f70d3d136c391a0458b64dd56ebe.jpg,Pothole_Segmentation_YOLOv8/train/labels/pic-149-_jpg.rf.c349f70d3d136c391a0458b64dd56ebe.txt,pic-149,train,640,640,False,True
pothole,Pothole_Segmentation_YOLOv8/train/images/pic-149-_jpg.rf.e58bb252f96f5f83d1d3290b4e6b8041.jpg,Pothole_Segmentation_YOLOv8/train/labels/pic-149-_jpg.rf.e58bb252f96f5f83d1d3290b4e6b8041.txt,pic-149,train,640,640,False,True
pothole,Pothole_Segmentation_YOLOv8/train/images/pic-15-_jpg.rf.390f967469ceb20da60cbb99af7e2c16.jpg,Pothole_Segmentation_YOLOv8/train/labels/pic-15-_jpg.rf.390f967469ceb20da60cbb99af7e2c16.txt,pic-15,train,640,640,False,True
pothole,Pothole_Segmentation_YOLOv8/train/images/pic-15-_jpg.rf.5331a19ad3f6b2b37894ae4f0072cea0.jpg,Pothole_Segmentation_YOLOv8/train/labels/pic-15-_jpg.rf.5331a19ad3f6b2b37894ae4f0072cea0.txt,pic-15,train,640,640,False,True
pothole,Pothole_Segmentation_YOLOv8/train/images/pic-15-_jpg.rf.988cf6bc7c8911ed0169be801328edb7.jpg,Pothole_Segmentation_YOLOv8/train/labels/pic-15-_jpg.rf.988cf6bc7c8911ed0169be801328edb7.txt,pic-15,train,640,640,False,True
pothole,Pothole_Segmentation_YOLOv8/train/images/pic-150-_jpg.rf.0f181e46348e6b83b3a218d5ea72eef2.jpg,Pothole_Segmentation_YOLOv8/train/labels/pic-150-_jpg.rf.0f181e46348e6b83b3a218d5ea72eef2.txt,pic-150,train,640,640,False,True
pothole,Pothole_Segmentation_YOLOv8/train/images/pic-150-_jpg.rf.80838b8e9f59a59d85e9727727b31fd7.jpg,Pothole_Segmentation_YOLOv8/train/labels/pic-150-_jpg.rf.80838b8e9f59a59d85e9727727b31fd7.txt,pic-150,train,640,640,False,True
pothole,Pothole_Segmentation_YOLOv8/train/images/pic-150-_jpg.rf.e47d187e86dd6eb504660921449a7883.jpg,Pothole_Segmentation_YOLOv8/train/labels/pic-150-_jpg.rf.e47d187e86dd6eb504660921449a7883.txt,pic-150,train,640,640,False,True
pothole,Pothole_Segmentation_YOLOv8/train/images/pic-153-_jpg.rf.61b165d52cdeea1e1a674f2e8e3912d5.jpg,Pothole_Segmentation_YOLOv8/train/labels/pic-153-_jpg.rf.61b165d52cdeea1e1a674f2e8e3912d5.txt,pic-153,train,640,640,False,True
pothole,Pothole_Segmentation_YOLOv8/train/images/pic-153-_jpg.rf.c2e6d6e3806754b1713a36a954367a60.jpg,Pothole_Segmentation_YOLOv8/train/labels/pic-153-_jpg.rf.c2e6d6e3806754b1713a36a954367a60.txt,pic-153,train,640,640,False,True
pothole,Pothole_Segmentation_YOLOv8/train/images/pic-153-_jpg.rf.f7752000f79cfa2acc35f9a7149ee56d.jpg,Pothole_Segmentation_YOLOv8/train/labels/pic-153-_jpg.rf.f7752000f79cfa2acc35f9a7149ee56d.txt,pic-153,train,640,640,False,True
pothole,Pothole_Segmentation_YOLOv8/train/images/pic-155-_jpg.rf.424bbc028685f5de7e9cc866eb988b1e.jpg,Pothole_Segmentation_YOLOv8/train/labels/pic-155-_jpg.rf.424bbc028685f5de7e9cc866eb988b1e.txt,pic-155,train,640,640,False,True
pothole,Pothole_Segmentation_YOLOv8/train/images/pic-155-_jpg.rf.a0f2c54c02aec34c0ca6138b4635c155.jpg,Pothole_Segmentation_YOLOv8/train/labels/pic-155-_jpg.rf.a0f2c54c02aec34c0ca6138b4635c155.txt,pic-155,train,640,640,False,True
pothole,Pothole_Segmentation_YOLOv8/train/images/pic-155-_jpg.rf.ba6a2e4e1abc6f5aa893e46932e4df4f.jpg,Pothole_Segmentation_YOLOv8/train/labels/pic-155-_jpg.rf.ba6a2e4e1abc6f5aa893e46932e4df4f.txt,pic-155,train,640,640,False,True
pothole,Pothole_Segmentation_YOLOv8/train/images/pic-156-_jpg.rf.3b94cd14bdbf92f4cd57497def72b167.jpg,Pothole_Segmentation_YOLOv8/train/labels/pic-156-_jpg.rf.3b94cd14bdbf92f4cd57497def72b167.txt,pic-156,train,640,640,False,True
pothole,Pothole_Segmentation_YOLOv8/train/images/pic-156-_jpg.rf.9e41f44435259c8fa4baadcdbc5f0f7f.jpg,Pothole_Segmentation_YOLOv8/train/labels/pic-156-_jpg.rf.9e41f44435259c8fa4baadcdbc5f0f7f.txt,pic-156,train,640,640,False,True
pothole,Pothole_Segmentation_YOLOv8/train/images/pic-156-_jpg.rf.a3c099766b4b6cb736f460bf8f3b8377.jpg,Pothole_Segmentation_YOLOv8/train/labels/pic-156-_jpg.rf.a3c099766b4b6cb736f460bf8f3b8377.txt,pic-156,train,640,640,False,True
pothole,Pothole_Segmentation_YOLOv8/train/images/pic-158-_jpg.rf.21962dcea10b8f2209ae3fdb9797b6c6.jpg,Pothole_Segmentation_YOLOv8/train/labels/pic-158-_jpg.rf.21962dcea10b8f2209ae3fdb9797b6c6.txt,pic-158,train,640,640,False,True
pothole,Pothole_Segmentation_YOLOv8/train/images/pic-158-_jpg.rf.7c67c2036a30fd93eed5361cc2f4f1c8.jpg,Pothole_Segmentation_YOLOv8/train/labels/pic-158-_jpg.rf.7c67c2036a30fd93eed5361cc2f4f1c8.txt,pic-158,train,640,640,False,True
pothole,Pothole_Segmentation_YOLOv8/train/images/pic-158-_jpg.rf.bb32e2985b2c29e77029a0452ab20bac.jpg,Pothole_Segmentation_YOLOv8/train/labels/pic-158-_jpg.rf.bb32e2985b2c29e77029a0452ab20bac.txt,pic-158,train,640,640,False,True
pothole,Pothole_Segmentation_YOLOv8/train/images/pic-159-_jpg.rf.12b33adab537f585de7b3d85b848618e.jpg,Pothole_Segmentation_YOLOv8/train/labels/pic-159-_jpg.rf.12b33adab537f585de7b3d85b848618e.txt,pic-159,train,640,640,False,True
pothole,Pothole_Segmentation_YOLOv8/train/images/pic-159-_jpg.rf.1ed8251ec141db216fc5041d7838f5e1.jpg,Pothole_Segmentation_YOLOv8/train/labels/pic-159-_jpg.rf.1ed8251ec141db216fc5041d7838f5e1.txt,pic-159,train,640,640,False,True
pothole,Pothole_Segmentation_YOLOv8/train/images/pic-159-_jpg.rf.2dcc275359fb301602e6957a56e13dc7.jpg,Pothole_Segmentation_YOLOv8/train/labels/pic-159-_jpg.rf.2dcc275359fb301602e6957a56e13dc7.txt,pic-159,train,640,640,False,True
pothole,Pothole_Segmentation_YOLOv8/train/images/pic-16-_jpg.rf.0d031ce3c207297977b4c60a77d278da.jpg,Pothole_Segmentation_YOLOv8/train/labels/pic-16-_jpg.rf.0d031ce3c207297977b4c60a77d278da.txt,pic-16,train,640,640,False,True
pothole,Pothole_Segmentation_YOLOv8/train/images/pic-16-_jpg.rf.47407d69db6694be4d9fa4b3c032d235.jpg,Pothole_Segmentation_YOLOv8/train/labels/pic-16-_jpg.rf.47407d69db6694be4d9fa4b3c032d235.txt,pic-16,train,640,640,False,True
pothole,Pothole_Segmentation_YOLOv8/train/images/pic-16-_jpg.rf.946ec84ddfa3a53b7b2d407349f08e62.jpg,Pothole_Segmentation_YOLOv8/train/labels/pic-16-_jpg.rf.946ec84ddfa3a53b7b2d407349f08e62.txt,pic-16,train,640,640,False,True
pothole,Pothole_Segmentation_YOLOv8/train/images/pic-160-_jpg.rf.046afe1498d1564227421d54b7abdcaa.jpg,Pothole_Segmentation_YOLOv8/train/labels/pic-160-_jpg.rf.046afe1498d1564227421d54b7abdcaa.txt,pic-160,train,640,640,False,True
pothole,Pothole_Segmentation_YOLOv8/train/images/pic-160-_jpg.rf.8ac19617548efc70a9281d8dc3794dfd.jpg,Pothole_Segmentation_YOLOv8/train/labels/pic-160-_jpg.rf.8ac19617548efc70a9281d8dc3794dfd.txt,pic-160,train,640,640,False,True
pothole,Pothole_Segmentation_YOLOv8/train/images/pic-160-_jpg.rf.acf7ae50b1e59b9e6e4bbf150e8055a9.jpg,Pothole_Segmentation_YOLOv8/train/labels/pic-160-_jpg.rf.acf7ae50b1e59b9e6e4bbf150e8055a9.txt,pic-160,train,640,640,False,True
pothole,Pothole_Segmentation_YOLOv8/train/images/pic-162-_jpg.rf.69c191909f6cc1a946105b08efab6224.jpg,Pothole_Segmentation_YOLOv8/train/labels/pic-162-_jpg.rf.69c191909f6cc1a946105b08efab6224.txt,pic-162,train,640,640,False,True
pothole,Pothole_Segmentation_YOLOv8/train/images/pic-162-_jpg.rf.7352a1a695f0ce198ca67b3f1c186fd6.jpg,Pothole_Segmentation_YOLOv8/train/labels/pic-162-_jpg.rf.7352a1a695f0ce198ca67b3f1c186fd6.txt,pic-162,train,640,640,False,True
pothole,Pothole_Segmentation_YOLOv8/train/images/pic-162-_jpg.rf.f847c9d3c6c04f210e5e2f3e8eb444d4.jpg,Pothole_Segmentation_YOLOv8/train/labels/pic-162-_jpg.rf.f847c9d3c6c04f210e5e2f3e8eb444d4.txt,pic-162,train,640,640,False,True
pothole,Pothole_Segmentation_YOLOv8/train/images/pic-163-_jpg.rf.2677c0fd3f9bec65c04ee82b7d8a000a.jpg,Pothole_Segmentation_YOLOv8/train/labels/pic-163-_jpg.rf.2677c0fd3f9bec65c04ee82b7d8a000a.txt,pic-163,train,640,640,False,True
pothole,Pothole_Segmentation_YOLOv8/train/images/pic-163-_jpg.rf.75e0f6d481468e27710dc5bec3a78ea2.jpg,Pothole_Segmentation_YOLOv8/train/labels/pic-163-_jpg.rf.75e0f6d481468e27710dc5bec3a78ea2.txt,pic-163,train,640,640,False,True
pothole,Pothole_Segmentation_YOLOv8/train/images/pic-163-_jpg.rf.d56b832482912f0e78e017e95747fdea.jpg,Pothole_Segmentation_YOLOv8/train/labels/pic-163-_jpg.rf.d56b832482912f0e78e017e95747fdea.txt,pic-163,train,640,640,False,True
pothole,Pothole_Segmentation_YOLOv8/train/images/pic-164-_jpg.rf.31facecf28467c64106a888177c293c4.jpg,Pothole_Segmentation_YOLOv8/train/labels/pic-164-_jpg.rf.31facecf28467c64106a888177c293c4.txt,pic-164,train,640,640,False,True
pothole,Pothole_Segmentation_YOLOv8/train/images/pic-164-_jpg.rf.34bf0aa5f308144c68fb1b5f9a1b9423.jpg,Pothole_Segmentation_YOLOv8/train/labels/pic-164-_jpg.rf.34bf0aa5f308144c68fb1b5f9a1b9423.txt,pic-164,train,640,640,False,True
pothole,Pothole_Segmentation_YOLOv8/train/images/pic-164-_jpg.rf.9248a616cb0e3d24aa2bb44288e019ce.jpg,Pothole_Segmentation_YOLOv8/train/labels/pic-164-_jpg.rf.9248a616cb0e3d24aa2bb44288e019ce.txt,pic-164,train,640,640,False,True
pothole,Pothole_Segmentation_YOLOv8/train/images/pic-166-_jpg.rf.2f4d36fff66d603c99b22043abc562ba.jpg,Pothole_Segmentation_YOLOv8/train/labels/pic-166-_jpg.rf.2f4d36fff66d603c99b22043abc562ba.txt,pic-166,train,640,640,False,True
pothole,Pothole_Segmentation_YOLOv8/train/images/pic-166-_jpg.rf.33cf824f2784fd32a3bb22c67f3fdabc.jpg,Pothole_Segmentation_YOLOv8/train/labels/pic-166-_jpg.rf.33cf824f2784fd32a3bb22c67f3fdabc.txt,pic-166,train,640,640,False,True
pothole,Pothole_Segmentation_YOLOv8/train/images/pic-166-_jpg.rf.77f1227905045ad65f8fda0d6427dbe5.jpg,Pothole_Segmentation_YOLOv8/train/labels/pic-166-_jpg.rf.77f1227905045ad65f8fda0d6427dbe5.txt,pic-166,train,640,640,False,True
pothole,Pothole_Segmentation_YOLOv8/train/images/pic-167-_jpg.rf.307e87780d9f502b50e422c4a80d38c9.jpg,Pothole_Segmentation_YOLOv8/train/labels/pic-167-_jpg.rf.307e87780d9f502b50e422c4a80d38c9.txt,pic-167,val,640,640,False,True
pothole,Pothole_Segmentation_YOLOv8/train/images/pic-167-_jpg.rf.5d211f0e20e55adab672af34f9df1940.jpg,Pothole_Segmentation_YOLOv8/train/labels/pic-167-_jpg.rf.5d211f0e20e55adab672af34f9df1940.txt,pic-167,val,640,640,False,True
pothole,Pothole_Segmentation_YOLOv8/train/images/pic-167-_jpg.rf.f15ca9251a252759a4206b00e88066ea.jpg,Pothole_Segmentation_YOLOv8/train/labels/pic-167-_jpg.rf.f15ca9251a252759a4206b00e88066ea.txt,pic-167,val,640,640,False,True
pothole,Pothole_Segmentation_YOLOv8/train/images/pic-168-_jpg.rf.470ca7ba7c3aed3a3ff0ca36725fadb6.jpg,Pothole_Segmentation_YOLOv8/train/labels/pic-168-_jpg.rf.470ca7ba7c3aed3a3ff0ca36725fadb6.txt,pic-168,train,640,640,False,True
pothole,Pothole_Segmentation_YOLOv8/train/images/pic-168-_jpg.rf.ad622f815165a84798a7922e02a02876.jpg,Pothole_Segmentation_YOLOv8/train/labels/pic-168-_jpg.rf.ad622f815165a84798a7922e02a02876.txt,pic-168,train,640,640,False,True
pothole,Pothole_Segmentation_YOLOv8/train/images/pic-168-_jpg.rf.d6e69d2d4e07bc489d1f95b357e47d26.jpg,Pothole_Segmentation_YOLOv8/train/labels/pic-168-_jpg.rf.d6e69d2d4e07bc489d1f95b357e47d26.txt,pic-168,train,640,640,False,True
pothole,Pothole_Segmentation_YOLOv8/train/images/pic-169-_jpg.rf.ab0a07cd761c2739c0051926b50b0593.jpg,Pothole_Segmentation_YOLOv8/train/labels/pic-169-_jpg.rf.ab0a07cd761c2739c0051926b50b0593.txt,pic-169,train,640,640,False,True
pothole,Pothole_Segmentation_YOLOv8/train/images/pic-169-_jpg.rf.ce08674b1ae95506239ffe1d5e92d8a1.jpg,Pothole_Segmentation_YOLOv8/train/labels/pic-169-_jpg.rf.ce08674b1ae95506239ffe1d5e92d8a1.txt,pic-169,train,640,640,False,True
pothole,Pothole_Segmentation_YOLOv8/train/images/pic-169-_jpg.rf.f326f486b62b79f5bc791704fabd90e8.jpg,Pothole_Segmentation_YOLOv8/train/labels/pic-169-_jpg.rf.f326f486b62b79f5bc791704fabd90e8.txt,pic-169,train,640,640,False,True
pothole,Pothole_Segmentation_YOLOv8/train/images/pic-170-_jpg.rf.3571a1273709f941c4936d6ee8b32214.jpg,Pothole_Segmentation_YOLOv8/train/labels/pic-170-_jpg.rf.3571a1273709f941c4936d6ee8b32214.txt,pic-170,train,640,640,False,True
pothole,Pothole_Segmentation_YOLOv8/train/images/pic-170-_jpg.rf.a8d1a4654900167fc8106a1f6144ceff.jpg,Pothole_Segmentation_YOLOv8/train/labels/pic-170-_jpg.rf.a8d1a4654900167fc8106a1f6144ceff.txt,pic-170,train,640,640,False,True
pothole,Pothole_Segmentation_YOLOv8/train/images/pic-170-_jpg.rf.f6e9c0883eac1443308f4f424ae60db4.jpg,Pothole_Segmentation_YOLOv8/train/labels/pic-170-_jpg.rf.f6e9c0883eac1443308f4f424ae60db4.txt,pic-170,train,640,640,False,True
pothole,Pothole_Segmentation_YOLOv8/train/images/pic-171-_jpg.rf.2de27493e9ea7ae685e6a868e05dff51.jpg,Pothole_Segmentation_YOLOv8/train/labels/pic-171-_jpg.rf.2de27493e9ea7ae685e6a868e05dff51.txt,pic-171,train,640,640,False,True
pothole,Pothole_Segmentation_YOLOv8/train/images/pic-171-_jpg.rf.a81f6e206e422229e3021b0dfb06752f.jpg,Pothole_Segmentation_YOLOv8/train/labels/pic-171-_jpg.rf.a81f6e206e422229e3021b0dfb06752f.txt,pic-171,train,640,640,False,True
pothole,Pothole_Segmentation_YOLOv8/train/images/pic-171-_jpg.rf.f536cb9ac4138da71c6af4d8a3492050.jpg,Pothole_Segmentation_YOLOv8/train/labels/pic-171-_jpg.rf.f536cb9ac4138da71c6af4d8a3492050.txt,pic-171,train,640,640,False,True
pothole,Pothole_Segmentation_YOLOv8/train/images/pic-172-_jpg.rf.171729c8713c604e4d2371b546dfa09f.jpg,Pothole_Segmentation_YOLOv8/train/labels/pic-172-_jpg.rf.171729c8713c604e4d2371b546dfa09f.txt,pic-172,val,640,640,False,True
pothole,Pothole_Segmentation_YOLOv8/train/images/pic-172-_jpg.rf.96d2ff93572de0ce5bd564113ece7ad0.jpg,Pothole_Segmentation_YOLOv8/train/labels/pic-172-_jpg.rf.96d2ff93572de0ce5bd564113ece7ad0.txt,pic-172,val,640,640,False,True
pothole,Pothole_Segmentation_YOLOv8/train/images/pic-172-_jpg.rf.b732ca94d029e82283eed3228fae8625.jpg,Pothole_Segmentation_YOLOv8/train/labels/pic-172-_jpg.rf.b732ca94d029e82283eed3228fae8625.txt,pic-172,val,640,640,False,True
pothole,Pothole_Segmentation_YOLOv8/train/images/pic-174-_jpg.rf.2f427bf4f80837fb0387c3ee0c38e172.jpg,Pothole_Segmentation_YOLOv8/train/labels/pic-174-_jpg.rf.2f427bf4f80837fb0387c3ee0c38e172.txt,pic-174,train,640,640,False,True
pothole,Pothole_Segmentation_YOLOv8/train/images/pic-174-_jpg.rf.5ec8f9ecd96971def7f6e5074c5e0373.jpg,Pothole_Segmentation_YOLOv8/train/labels/pic-174-_jpg.rf.5ec8f9ecd96971def7f6e5074c5e0373.txt,pic-174,train,640,640,False,True
pothole,Pothole_Segmentation_YOLOv8/train/images/pic-174-_jpg.rf.7ffbfba8e5d63b5f4577f701ca5f7105.jpg,Pothole_Segmentation_YOLOv8/train/labels/pic-174-_jpg.rf.7ffbfba8e5d63b5f4577f701ca5f7105.txt,pic-174,train,640,640,False,True
pothole,Pothole_Segmentation_YOLOv8/train/images/pic-176-_jpg.rf.24dea194a3e0e25703a25e481c89dc9c.jpg,Pothole_Segmentation_YOLOv8/train/labels/pic-176-_jpg.rf.24dea194a3e0e25703a25e481c89dc9c.txt,pic-176,train,640,640,False,True
pothole,Pothole_Segmentation_YOLOv8/train/images/pic-176-_jpg.rf.8d87b09b011bb4b479cea2d472354334.jpg,Pothole_Segmentation_YOLOv8/train/labels/pic-176-_jpg.rf.8d87b09b011bb4b479cea2d472354334.txt,pic-176,train,640,640,False,True
pothole,Pothole_Segmentation_YOLOv8/train/images/pic-176-_jpg.rf.be38366f2703b44711a2e9486cc677d3.jpg,Pothole_Segmentation_YOLOv8/train/labels/pic-176-_jpg.rf.be38366f2703b44711a2e9486cc677d3.txt,pic-176,train,640,640,False,True
pothole,Pothole_Segmentation_YOLOv8/train/images/pic-177-_jpg.rf.4b35b04139ea1742026f65aa3e2730fe.jpg,Pothole_Segmentation_YOLOv8/train/labels/pic-177-_jpg.rf.4b35b04139ea1742026f65aa3e2730fe.txt,pic-177,train,640,640,False,True
pothole,Pothole_Segmentation_YOLOv8/train/images/pic-177-_jpg.rf.86d64524dfd317ff89ce31ff39a3fa83.jpg,Pothole_Segmentation_YOLOv8/train/labels/pic-177-_jpg.rf.86d64524dfd317ff89ce31ff39a3fa83.txt,pic-177,train,640,640,False,True
pothole,Pothole_Segmentation_YOLOv8/train/images/pic-177-_jpg.rf.c2ece8aa91efbc0843296da9f0892b5b.jpg,Pothole_Segmentation_YOLOv8/train/labels/pic-177-_jpg.rf.c2ece8aa91efbc0843296da9f0892b5b.txt,pic-177,train,640,640,False,True
pothole,Pothole_Segmentation_YOLOv8/train/images/pic-179-_jpg.rf.c4a7f4f1cff2653d7d2fbc85d91bddca.jpg,Pothole_Segmentation_YOLOv8/train/labels/pic-179-_jpg.rf.c4a7f4f1cff2653d7d2fbc85d91bddca.txt,pic-179,train,640,640,False,True
pothole,Pothole_Segmentation_YOLOv8/train/images/pic-179-_jpg.rf.ca0b41b2475176a03280e24fc5d3da7b.jpg,Pothole_Segmentation_YOLOv8/train/labels/pic-179-_jpg.rf.ca0b41b2475176a03280e24fc5d3da7b.txt,pic-179,train,640,640,False,True
pothole,Pothole_Segmentation_YOLOv8/train/images/pic-179-_jpg.rf.ff0320a37ee1d098eb9aed6036758287.jpg,Pothole_Segmentation_YOLOv8/train/labels/pic-179-_jpg.rf.ff0320a37ee1d098eb9aed6036758287.txt,pic-179,train,640,640,False,True
pothole,Pothole_Segmentation_YOLOv8/train/images/pic-18-_jpg.rf.146c5b1af3190071c88676c409c4dad1.jpg,Pothole_Segmentation_YOLOv8/train/labels/pic-18-_jpg.rf.146c5b1af3190071c88676c409c4dad1.txt,pic-18,train,640,640,False,True
pothole,Pothole_Segmentation_YOLOv8/train/images/pic-18-_jpg.rf.42022b7bc105da3fc5d269c32db8dbcf.jpg,Pothole_Segmentation_YOLOv8/train/labels/pic-18-_jpg.rf.42022b7bc105da3fc5d269c32db8dbcf.txt,pic-18,train,640,640,False,True
pothole,Pothole_Segmentation_YOLOv8/train/images/pic-18-_jpg.rf.f4e625f77be483b3db88308e516192a1.jpg,Pothole_Segmentation_YOLOv8/train/labels/pic-18-_jpg.rf.f4e625f77be483b3db88308e516192a1.txt,pic-18,train,640,640,False,True
pothole,Pothole_Segmentation_YOLOv8/train/images/pic-180-_jpg.rf.16f8930512bc55a715ff702283ede87f.jpg,Pothole_Segmentation_YOLOv8/train/labels/pic-180-_jpg.rf.16f8930512bc55a715ff702283ede87f.txt,pic-180,train,640,640,False,True
pothole,Pothole_Segmentation_YOLOv8/train/images/pic-180-_jpg.rf.544e62b6d885e8e5cc375189b6c13233.jpg,Pothole_Segmentation_YOLOv8/train/labels/pic-180-_jpg.rf.544e62b6d885e8e5cc375189b6c13233.txt,pic-180,train,640,640,False,True
pothole,Pothole_Segmentation_YOLOv8/train/images/pic-180-_jpg.rf.edbdd29c7a063d66218221470a7e44f5.jpg,Pothole_Segmentation_YOLOv8/train/labels/pic-180-_jpg.rf.edbdd29c7a063d66218221470a7e44f5.txt,pic-180,train,640,640,False,True
pothole,Pothole_Segmentation_YOLOv8/train/images/pic-181-_jpg.rf.4c915083eb98e45fee4d4f707f89406a.jpg,Pothole_Segmentation_YOLOv8/train/labels/pic-181-_jpg.rf.4c915083eb98e45fee4d4f707f89406a.txt,pic-181,val,640,640,False,True
pothole,Pothole_Segmentation_YOLOv8/train/images/pic-181-_jpg.rf.d2e46218aa9286f174c99c772f1c1758.jpg,Pothole_Segmentation_YOLOv8/train/labels/pic-181-_jpg.rf.d2e46218aa9286f174c99c772f1c1758.txt,pic-181,val,640,640,False,True
pothole,Pothole_Segmentation_YOLOv8/train/images/pic-181-_jpg.rf.e0d1623b0c6c69da4a967af45bebbdbd.jpg,Pothole_Segmentation_YOLOv8/train/labels/pic-181-_jpg.rf.e0d1623b0c6c69da4a967af45bebbdbd.txt,pic-181,val,640,640,False,True
pothole,Pothole_Segmentation_YOLOv8/train/images/pic-182-_jpg.rf.0689172bca1eeb50732cceb0a2d2dbc7.jpg,Pothole_Segmentation_YOLOv8/train/labels/pic-182-_jpg.rf.0689172bca1eeb50732cceb0a2d2dbc7.txt,pic-182,train,640,640,False,True
pothole,Pothole_Segmentation_YOLOv8/train/images/pic-182-_jpg.rf.236dc9bd798d6f8c56dbfdc5754e3b68.jpg,Pothole_Segmentation_YOLOv8/train/labels/pic-182-_jpg.rf.236dc9bd798d6f8c56dbfdc5754e3b68.txt,pic-182,train,640,640,False,True
pothole,Pothole_Segmentation_YOLOv8/train/images/pic-182-_jpg.rf.4b148a54550e9eeccfacda80024037b1.jpg,Pothole_Segmentation_YOLOv8/train/labels/pic-182-_jpg.rf.4b148a54550e9eeccfacda80024037b1.txt,pic-182,train,640,640,False,True
pothole,Pothole_Segmentation_YOLOv8/train/images/pic-185-_jpg.rf.4bf9653396b984986c36623ca51a9b89.jpg,Pothole_Segmentation_YOLOv8/train/labels/pic-185-_jpg.rf.4bf9653396b984986c36623ca51a9b89.txt,pic-185,train,640,640,False,True
pothole,Pothole_Segmentation_YOLOv8/train/images/pic-185-_jpg.rf.b060d919f03803a454f2c92fb25e51ec.jpg,Pothole_Segmentation_YOLOv8/train/labels/pic-185-_jpg.rf.b060d919f03803a454f2c92fb25e51ec.txt,pic-185,train,640,640,False,True
pothole,Pothole_Segmentation_YOLOv8/train/images/pic-185-_jpg.rf.e5609451b471c39a9c9eaf5ff7b3ac94.jpg,Pothole_Segmentation_YOLOv8/train/labels/pic-185-_jpg.rf.e5609451b471c39a9c9eaf5ff7b3ac94.txt,pic-185,train,640,640,False,True
pothole,Pothole_Segmentation_YOLOv8/train/images/pic-186-_jpg.rf.124fb81faf74b03398e066e6d7cbc9eb.jpg,Pothole_Segmentation_YOLOv8/train/labels/pic-186-_jpg.rf.124fb81faf74b03398e066e6d7cbc9eb.txt,pic-186,train,640,640,False,True
pothole,Pothole_Segmentation_YOLOv8/train/images/pic-186-_jpg.rf.6df069fb0a914f27571234fbc1aa446b.jpg,Pothole_Segmentation_YOLOv8/train/labels/pic-186-_jpg.rf.6df069fb0a914f27571234fbc1aa446b.txt,pic-186,train,640,640,False,True
pothole,Pothole_Segmentation_YOLOv8/train/images/pic-186-_jpg.rf.6dfa17e72f379782ec0b743ba60b8543.jpg,Pothole_Segmentation_YOLOv8/train/labels/pic-186-_jpg.rf.6dfa17e72f379782ec0b743ba60b8543.txt,pic-186,train,640,640,False,True
pothole,Pothole_Segmentation_YOLOv8/train/images/pic-187-_jpg.rf.725f375e91986c9cc15b8f0b2b708cb9.jpg,Pothole_Segmentation_YOLOv8/train/labels/pic-187-_jpg.rf.725f375e91986c9cc15b8f0b2b708cb9.txt,pic-187,train,640,640,False,True
pothole,Pothole_Segmentation_YOLOv8/train/images/pic-187-_jpg.rf.8978c4919b51dcb2843c4d992a0bc5f6.jpg,Pothole_Segmentation_YOLOv8/train/labels/pic-187-_jpg.rf.8978c4919b51dcb2843c4d992a0bc5f6.txt,pic-187,train,640,640,False,True
pothole,Pothole_Segmentation_YOLOv8/train/images/pic-187-_jpg.rf.cc1cf985fedc5bc6d7b3fda53980e6f3.jpg,Pothole_Segmentation_YOLOv8/train/labels/pic-187-_jpg.rf.cc1cf985fedc5bc6d7b3fda53980e6f3.txt,pic-187,train,640,640,False,True
pothole,Pothole_Segmentation_YOLOv8/train/images/pic-188-_jpg.rf.635564dad2da056faf9127525b2b6cb4.jpg,Pothole_Segmentation_YOLOv8/train/labels/pic-188-_jpg.rf.635564dad2da056faf9127525b2b6cb4.txt,pic-188,val,640,640,False,True
pothole,Pothole_Segmentation_YOLOv8/train/images/pic-188-_jpg.rf.892956f0dc513250fbe68acd8c8b91e1.jpg,Pothole_Segmentation_YOLOv8/train/labels/pic-188-_jpg.rf.892956f0dc513250fbe68acd8c8b91e1.txt,pic-188,val,640,640,False,True
pothole,Pothole_Segmentation_YOLOv8/train/images/pic-188-_jpg.rf.dcd45e3458a07cec9ba93918315d2eaf.jpg,Pothole_Segmentation_YOLOv8/train/labels/pic-188-_jpg.rf.dcd45e3458a07cec9ba93918315d2eaf.txt,pic-188,val,640,640,False,True
pothole,Pothole_Segmentation_YOLOv8/train/images/pic-189-_jpg.rf.6ecb9b14009286fba81f2e83e3b7f1e1.jpg,Pothole_Segmentation_YOLOv8/train/labels/pic-189-_jpg.rf.6ecb9b14009286fba81f2e83e3b7f1e1.txt,pic-189,train,640,640,False,True
pothole,Pothole_Segmentation_YOLOv8/train/images/pic-189-_jpg.rf.7a11114bc4c2fe1c330b2eff3ec1b609.jpg,Pothole_Segmentation_YOLOv8/train/labels/pic-189-_jpg.rf.7a11114bc4c2fe1c330b2eff3ec1b609.txt,pic-189,train,640,640,False,True
pothole,Pothole_Segmentation_YOLOv8/train/images/pic-189-_jpg.rf.cf414d706efddcb1fd32a8b42bcfd9a7.jpg,Pothole_Segmentation_YOLOv8/train/labels/pic-189-_jpg.rf.cf414d706efddcb1fd32a8b42bcfd9a7.txt,pic-189,train,640,640,False,True
pothole,Pothole_Segmentation_YOLOv8/train/images/pic-19-_jpg.rf.3427acf9ec34ef05f6fe4a10e7280478.jpg,Pothole_Segmentation_YOLOv8/train/labels/pic-19-_jpg.rf.3427acf9ec34ef05f6fe4a10e7280478.txt,pic-19,train,640,640,False,True
pothole,Pothole_Segmentation_YOLOv8/train/images/pic-19-_jpg.rf.5b617b77a960e3e18ff122c7c17a3a90.jpg,Pothole_Segmentation_YOLOv8/train/labels/pic-19-_jpg.rf.5b617b77a960e3e18ff122c7c17a3a90.txt,pic-19,train,640,640,False,True
pothole,Pothole_Segmentation_YOLOv8/train/images/pic-19-_jpg.rf.8ec9e835434bab69526356b80fb94588.jpg,Pothole_Segmentation_YOLOv8/train/labels/pic-19-_jpg.rf.8ec9e835434bab69526356b80fb94588.txt,pic-19,train,640,640,False,True
pothole,Pothole_Segmentation_YOLOv8/train/images/pic-190-_jpg.rf.531db54959dd774f8f60dee6d86da08e.jpg,Pothole_Segmentation_YOLOv8/train/labels/pic-190-_jpg.rf.531db54959dd774f8f60dee6d86da08e.txt,pic-190,train,640,640,False,True
pothole,Pothole_Segmentation_YOLOv8/train/images/pic-190-_jpg.rf.a8973074639f95f416ad6ba0ccbbb03e.jpg,Pothole_Segmentation_YOLOv8/train/labels/pic-190-_jpg.rf.a8973074639f95f416ad6ba0ccbbb03e.txt,pic-190,train,640,640,False,True
pothole,Pothole_Segmentation_YOLOv8/train/images/pic-190-_jpg.rf.dbf09b649249bd7101e280f5a14957c6.jpg,Pothole_Segmentation_YOLOv8/train/labels/pic-190-_jpg.rf.dbf09b649249bd7101e280f5a14957c6.txt,pic-190,train,640,640,False,True
pothole,Pothole_Segmentation_YOLOv8/train/images/pic-191-_jpg.rf.722924f292c69c3948e42a9759882f26.jpg,Pothole_Segmentation_YOLOv8/train/labels/pic-191-_jpg.rf.722924f292c69c3948e42a9759882f26.txt,pic-191,train,640,640,False,True
pothole,Pothole_Segmentation_YOLOv8/train/images/pic-191-_jpg.rf.eecd3cdfc404f62988bc698f87ae2e4e.jpg,Pothole_Segmentation_YOLOv8/train/labels/pic-191-_jpg.rf.eecd3cdfc404f62988bc698f87ae2e4e.txt,pic-191,train,640,640,False,True
pothole,Pothole_Segmentation_YOLOv8/train/images/pic-191-_jpg.rf.f1ecc5629bdf5860ae57d7d27dafb299.jpg,Pothole_Segmentation_YOLOv8/train/labels/pic-191-_jpg.rf.f1ecc5629bdf5860ae57d7d27dafb299.txt,pic-191,train,640,640,False,True
pothole,Pothole_Segmentation_YOLOv8/train/images/pic-194-_jpg.rf.0347198a0674c89124a169b3ede8d1b8.jpg,Pothole_Segmentation_YOLOv8/train/labels/pic-194-_jpg.rf.0347198a0674c89124a169b3ede8d1b8.txt,pic-194,train,640,640,False,True
pothole,Pothole_Segmentation_YOLOv8/train/images/pic-194-_jpg.rf.0e60f4ceb45a85c359677ee01c088045.jpg,Pothole_Segmentation_YOLOv8/train/labels/pic-194-_jpg.rf.0e60f4ceb45a85c359677ee01c088045.txt,pic-194,train,640,640,False,True
pothole,Pothole_Segmentation_YOLOv8/train/images/pic-194-_jpg.rf.15feb8e01893318219d223a82a97d069.jpg,Pothole_Segmentation_YOLOv8/train/labels/pic-194-_jpg.rf.15feb8e01893318219d223a82a97d069.txt,pic-194,train,640,640,False,True
pothole,Pothole_Segmentation_YOLOv8/train/images/pic-195-_jpg.rf.0bbee8fd461407d8eded3b0ea8e80b4c.jpg,Pothole_Segmentation_YOLOv8/train/labels/pic-195-_jpg.rf.0bbee8fd461407d8eded3b0ea8e80b4c.txt,pic-195,val,640,640,False,True
pothole,Pothole_Segmentation_YOLOv8/train/images/pic-195-_jpg.rf.66e723938cac897ced6246535fe9da8a.jpg,Pothole_Segmentation_YOLOv8/train/labels/pic-195-_jpg.rf.66e723938cac897ced6246535fe9da8a.txt,pic-195,val,640,640,False,True
pothole,Pothole_Segmentation_YOLOv8/train/images/pic-195-_jpg.rf.ace8dee3ec0fba3d7a33c3de2c315f0a.jpg,Pothole_Segmentation_YOLOv8/train/labels/pic-195-_jpg.rf.ace8dee3ec0fba3d7a33c3de2c315f0a.txt,pic-195,val,640,640,False,True
pothole,Pothole_Segmentation_YOLOv8/train/images/pic-196-_jpg.rf.66a50a098577b349d7bee13dc9640c2e.jpg,Pothole_Segmentation_YOLOv8/train/labels/pic-196-_jpg.rf.66a50a098577b349d7bee13dc9640c2e.txt,pic-196,val,640,640,False,True
pothole,Pothole_Segmentation_YOLOv8/train/images/pic-196-_jpg.rf.7ea9f287f872540f14495fae6d91e4e6.jpg,Pothole_Segmentation_YOLOv8/train/labels/pic-196-_jpg.rf.7ea9f287f872540f14495fae6d91e4e6.txt,pic-196,val,640,640,False,True
pothole,Pothole_Segmentation_YOLOv8/train/images/pic-196-_jpg.rf.812d218445763c3ed203a0f9458291f9.jpg,Pothole_Segmentation_YOLOv8/train/labels/pic-196-_jpg.rf.812d218445763c3ed203a0f9458291f9.txt,pic-196,val,640,640,False,True
pothole,Pothole_Segmentation_YOLOv8/train/images/pic-197-_jpg.rf.0216ae6ebea5c3912f51c76bdbae6d19.jpg,Pothole_Segmentation_YOLOv8/train/labels/pic-197-_jpg.rf.0216ae6ebea5c3912f51c76bdbae6d19.txt,pic-197,train,640,640,False,True
pothole,Pothole_Segmentation_YOLOv8/train/images/pic-197-_jpg.rf.76da5b1b10db8580430d527ce9cc2ac3.jpg,Pothole_Segmentation_YOLOv8/train/labels/pic-197-_jpg.rf.76da5b1b10db8580430d527ce9cc2ac3.txt,pic-197,train,640,640,False,True
pothole,Pothole_Segmentation_YOLOv8/train/images/pic-197-_jpg.rf.ca567ffa1d1798025a45cf933eb8a5ba.jpg,Pothole_Segmentation_YOLOv8/train/labels/pic-197-_jpg.rf.ca567ffa1d1798025a45cf933eb8a5ba.txt,pic-197,train,640,640,False,True
pothole,Pothole_Segmentation_YOLOv8/train/images/pic-198-_jpg.rf.3fd6176b3671e235690487a5759a10f9.jpg,Pothole_Segmentation_YOLOv8/train/labels/pic-198-_jpg.rf.3fd6176b3671e235690487a5759a10f9.txt,pic-198,train,640,640,False,True
pothole,Pothole_Segmentation_YOLOv8/train/images/pic-198-_jpg.rf.4a69d95662fb642c674f26ff0ef0a5a9.jpg,Pothole_Segmentation_YOLOv8/train/labels/pic-198-_jpg.rf.4a69d95662fb642c674f26ff0ef0a5a9.txt,pic-198,train,640,640,False,True
pothole,Pothole_Segmentation_YOLOv8/train/images/pic-198-_jpg.rf.5bfd105d64b4c14a88672ff3fdefc4ea.jpg,Pothole_Segmentation_YOLOv8/train/labels/pic-198-_jpg.rf.5bfd105d64b4c14a88672ff3fdefc4ea.txt,pic-198,train,640,640,False,True
pothole,Pothole_Segmentation_YOLOv8/train/images/pic-199-_jpg.rf.08d902c95a9a00f33f6a031a3ce86eaf.jpg,Pothole_Segmentation_YOLOv8/train/labels/pic-199-_jpg.rf.08d902c95a9a00f33f6a031a3ce86eaf.txt,pic-199,train,640,640,False,True
pothole,Pothole_Segmentation_YOLOv8/train/images/pic-199-_jpg.rf.89fa1c3f06bec1dfef2b96f692db78b6.jpg,Pothole_Segmentation_YOLOv8/train/labels/pic-199-_jpg.rf.89fa1c3f06bec1dfef2b96f692db78b6.txt,pic-199,train,640,640,False,True
pothole,Pothole_Segmentation_YOLOv8/train/images/pic-199-_jpg.rf.cedbf41ae88b4faa6ca4e3f9907c9678.jpg,Pothole_Segmentation_YOLOv8/train/labels/pic-199-_jpg.rf.cedbf41ae88b4faa6ca4e3f9907c9678.txt,pic-199,train,640,640,False,True
pothole,Pothole_Segmentation_YOLOv8/train/images/pic-2-_jpg.rf.1db425f6267df87504430ef5a0e23709.jpg,Pothole_Segmentation_YOLOv8/train/labels/pic-2-_jpg.rf.1db425f6267df87504430ef5a0e23709.txt,pic-2,train,640,640,False,True
pothole,Pothole_Segmentation_YOLOv8/train/images/pic-2-_jpg.rf.bb6da014663463596e9cdcb39bfa3d40.jpg,Pothole_Segmentation_YOLOv8/train/labels/pic-2-_jpg.rf.bb6da014663463596e9cdcb39bfa3d40.txt,pic-2,train,640,640,False,True
pothole,Pothole_Segmentation_YOLOv8/train/images/pic-2-_jpg.rf.f0b15cd48578f75fff175242f1d8d9d0.jpg,Pothole_Segmentation_YOLOv8/train/labels/pic-2-_jpg.rf.f0b15cd48578f75fff175242f1d8d9d0.txt,pic-2,train,640,640,False,True
pothole,Pothole_Segmentation_YOLOv8/train/images/pic-201-_jpg.rf.4b6780fd03079cb3617f1b6c3893f081.jpg,Pothole_Segmentation_YOLOv8/train/labels/pic-201-_jpg.rf.4b6780fd03079cb3617f1b6c3893f081.txt,pic-201,train,640,640,False,True
pothole,Pothole_Segmentation_YOLOv8/train/images/pic-201-_jpg.rf.95832ba3432d34d8935a2aa3290fcccc.jpg,Pothole_Segmentation_YOLOv8/train/labels/pic-201-_jpg.rf.95832ba3432d34d8935a2aa3290fcccc.txt,pic-201,train,640,640,False,True
pothole,Pothole_Segmentation_YOLOv8/train/images/pic-201-_jpg.rf.e3dd8c6c5c18f97d98bdf92b1ce043b9.jpg,Pothole_Segmentation_YOLOv8/train/labels/pic-201-_jpg.rf.e3dd8c6c5c18f97d98bdf92b1ce043b9.txt,pic-201,train,640,640,False,True
pothole,Pothole_Segmentation_YOLOv8/train/images/pic-203-_jpg.rf.0a2080c87c7d3188f8356357203b0e56.jpg,Pothole_Segmentation_YOLOv8/train/labels/pic-203-_jpg.rf.0a2080c87c7d3188f8356357203b0e56.txt,pic-203,train,640,640,False,True
pothole,Pothole_Segmentation_YOLOv8/train/images/pic-203-_jpg.rf.3377a5ba4a0dc953bac7e48a7a02c227.jpg,Pothole_Segmentation_YOLOv8/train/labels/pic-203-_jpg.rf.3377a5ba4a0dc953bac7e48a7a02c227.txt,pic-203,train,640,640,False,True
pothole,Pothole_Segmentation_YOLOv8/train/images/pic-203-_jpg.rf.8dd21e07b004f7c29a8d4f97e0a3283b.jpg,Pothole_Segmentation_YOLOv8/train/labels/pic-203-_jpg.rf.8dd21e07b004f7c29a8d4f97e0a3283b.txt,pic-203,train,640,640,False,True
pothole,Pothole_Segmentation_YOLOv8/train/images/pic-206-_jpg.rf.4213f6cdf3dee589a56e5aad14500784.jpg,Pothole_Segmentation_YOLOv8/train/labels/pic-206-_jpg.rf.4213f6cdf3dee589a56e5aad14500784.txt,pic-206,train,640,640,False,True
pothole,Pothole_Segmentation_YOLOv8/train/images/pic-206-_jpg.rf.5e77130a98b6e44f7347f3fa12d59989.jpg,Pothole_Segmentation_YOLOv8/train/labels/pic-206-_jpg.rf.5e77130a98b6e44f7347f3fa12d59989.txt,pic-206,train,640,640,False,True
pothole,Pothole_Segmentation_YOLOv8/train/images/pic-206-_jpg.rf.72255834e8accc349443c0b769bd3cfc.jpg,Pothole_Segmentation_YOLOv8/train/labels/pic-206-_jpg.rf.72255834e8accc349443c0b769bd3cfc.txt,pic-206,train,640,640,False,True
pothole,Pothole_Segmentation_YOLOv8/train/images/pic-207-_jpg.rf.0b505406debb2b509daccf0ebbb62d42.jpg,Pothole_Segmentation_YOLOv8/train/labels/pic-207-_jpg.rf.0b505406debb2b509daccf0ebbb62d42.txt,pic-207,train,640,640,False,True
pothole,Pothole_Segmentation_YOLOv8/train/images/pic-207-_jpg.rf.4facc206ce5e1fac516bd765c34f7972.jpg,Pothole_Segmentation_YOLOv8/train/labels/pic-207-_jpg.rf.4facc206ce5e1fac516bd765c34f7972.txt,pic-207,train,640,640,False,True
pothole,Pothole_Segmentation_YOLOv8/train/images/pic-207-_jpg.rf.b4c0b6220ddb190aee07dfd59ffd4277.jpg,Pothole_Segmentation_YOLOv8/train/labels/pic-207-_jpg.rf.b4c0b6220ddb190aee07dfd59ffd4277.txt,pic-207,train,640,640,False,True
pothole,Pothole_Segmentation_YOLOv8/train/images/pic-208-_jpg.rf.2a110ddd516f4ba59951afbf405d42a5.jpg,Pothole_Segmentation_YOLOv8/train/labels/pic-208-_jpg.rf.2a110ddd516f4ba59951afbf405d42a5.txt,pic-208,train,640,640,False,True
pothole,Pothole_Segmentation_YOLOv8/train/images/pic-208-_jpg.rf.a7d61ad38189d19f47b2407d4c2455fb.jpg,Pothole_Segmentation_YOLOv8/train/labels/pic-208-_jpg.rf.a7d61ad38189d19f47b2407d4c2455fb.txt,pic-208,train,640,640,False,True
pothole,Pothole_Segmentation_YOLOv8/train/images/pic-208-_jpg.rf.b11d7439f1c22388eac3f6705cb9e9e4.jpg,Pothole_Segmentation_YOLOv8/train/labels/pic-208-_jpg.rf.b11d7439f1c22388eac3f6705cb9e9e4.txt,pic-208,train,640,640,False,True
pothole,Pothole_Segmentation_YOLOv8/train/images/pic-21-_jpg.rf.31dc8d894956f53d54a5cec0f94c5e79.jpg,Pothole_Segmentation_YOLOv8/train/labels/pic-21-_jpg.rf.31dc8d894956f53d54a5cec0f94c5e79.txt,pic-21,train,640,640,False,True
pothole,Pothole_Segmentation_YOLOv8/train/images/pic-21-_jpg.rf.b341c07e4c85101f52a39109ebb299b0.jpg,Pothole_Segmentation_YOLOv8/train/labels/pic-21-_jpg.rf.b341c07e4c85101f52a39109ebb299b0.txt,pic-21,train,640,640,False,True
pothole,Pothole_Segmentation_YOLOv8/train/images/pic-21-_jpg.rf.e193c5d94e2cc8ef9b365e8d95e806b1.jpg,Pothole_Segmentation_YOLOv8/train/labels/pic-21-_jpg.rf.e193c5d94e2cc8ef9b365e8d95e806b1.txt,pic-21,train,640,640,False,True
pothole,Pothole_Segmentation_YOLOv8/train/images/pic-210-_jpg.rf.4b2ea541aa7fb1277177d6b23ebb385d.jpg,Pothole_Segmentation_YOLOv8/train/labels/pic-210-_jpg.rf.4b2ea541aa7fb1277177d6b23ebb385d.txt,pic-210,train,640,640,False,True
pothole,Pothole_Segmentation_YOLOv8/train/images/pic-210-_jpg.rf.7d87d7b5337a40b2c80ce816e643376a.jpg,Pothole_Segmentation_YOLOv8/train/labels/pic-210-_jpg.rf.7d87d7b5337a40b2c80ce816e643376a.txt,pic-210,train,640,640,False,True
pothole,Pothole_Segmentation_YOLOv8/train/images/pic-210-_jpg.rf.d00f21d9a21dd0244263a64b8bda2348.jpg,Pothole_Segmentation_YOLOv8/train/labels/pic-210-_jpg.rf.d00f21d9a21dd0244263a64b8bda2348.txt,pic-210,train,640,640,False,True
pothole,Pothole_Segmentation_YOLOv8/train/images/pic-211-_jpg.rf.4eb10110d12e7623cb7be8caf4f66c5a.jpg,Pothole_Segmentation_YOLOv8/train/labels/pic-211-_jpg.rf.4eb10110d12e7623cb7be8caf4f66c5a.txt,pic-211,train,640,640,False,True
pothole,Pothole_Segmentation_YOLOv8/train/images/pic-211-_jpg.rf.4f06bc1e4c4ca8189e8136ed45695acc.jpg,Pothole_Segmentation_YOLOv8/train/labels/pic-211-_jpg.rf.4f06bc1e4c4ca8189e8136ed45695acc.txt,pic-211,train,640,640,False,True
pothole,Pothole_Segmentation_YOLOv8/train/images/pic-211-_jpg.rf.9de311e1f9663a4ed2159ebc521295e7.jpg,Pothole_Segmentation_YOLOv8/train/labels/pic-211-_jpg.rf.9de311e1f9663a4ed2159ebc521295e7.txt,pic-211,train,640,640,False,True
pothole,Pothole_Segmentation_YOLOv8/train/images/pic-212-_jpg.rf.19e0e3168e988c6c8f8829f34c68003b.jpg,Pothole_Segmentation_YOLOv8/train/labels/pic-212-_jpg.rf.19e0e3168e988c6c8f8829f34c68003b.txt,pic-212,train,640,640,False,True
pothole,Pothole_Segmentation_YOLOv8/train/images/pic-212-_jpg.rf.d80a26f98663f0c2a92282a15fbf262b.jpg,Pothole_Segmentation_YOLOv8/train/labels/pic-212-_jpg.rf.d80a26f98663f0c2a92282a15fbf262b.txt,pic-212,train,640,640,False,True
pothole,Pothole_Segmentation_YOLOv8/train/images/pic-212-_jpg.rf.e36dc9e60b7e977f6e7d2d1a323b9c73.jpg,Pothole_Segmentation_YOLOv8/train/labels/pic-212-_jpg.rf.e36dc9e60b7e977f6e7d2d1a323b9c73.txt,pic-212,train,640,640,False,True
pothole,Pothole_Segmentation_YOLOv8/train/images/pic-214-_jpg.rf.27fc3b4425584f6404f2f0feb976f621.jpg,Pothole_Segmentation_YOLOv8/train/labels/pic-214-_jpg.rf.27fc3b4425584f6404f2f0feb976f621.txt,pic-214,train,640,640,False,True
pothole,Pothole_Segmentation_YOLOv8/train/images/pic-214-_jpg.rf.74655743f4f3d67bb2e21be9727a7946.jpg,Pothole_Segmentation_YOLOv8/train/labels/pic-214-_jpg.rf.74655743f4f3d67bb2e21be9727a7946.txt,pic-214,train,640,640,False,True
pothole,Pothole_Segmentation_YOLOv8/train/images/pic-214-_jpg.rf.d45b506908081039adeb183e4ca51da8.jpg,Pothole_Segmentation_YOLOv8/train/labels/pic-214-_jpg.rf.d45b506908081039adeb183e4ca51da8.txt,pic-214,train,640,640,False,True
pothole,Pothole_Segmentation_YOLOv8/train/images/pic-215-_jpg.rf.40ad961da5aeef8f6c97d772ee2b618e.jpg,Pothole_Segmentation_YOLOv8/train/labels/pic-215-_jpg.rf.40ad961da5aeef8f6c97d772ee2b618e.txt,pic-215,train,640,640,False,True
pothole,Pothole_Segmentation_YOLOv8/train/images/pic-215-_jpg.rf.d190a911a9e6195bd2a9e3c67869064a.jpg,Pothole_Segmentation_YOLOv8/train/labels/pic-215-_jpg.rf.d190a911a9e6195bd2a9e3c67869064a.txt,pic-215,train,640,640,False,True
pothole,Pothole_Segmentation_YOLOv8/train/images/pic-215-_jpg.rf.ff49694bdd544a47be71713dc6c46593.jpg,Pothole_Segmentation_YOLOv8/train/labels/pic-215-_jpg.rf.ff49694bdd544a47be71713dc6c46593.txt,pic-215,train,640,640,False,True
pothole,Pothole_Segmentation_YOLOv8/train/images/pic-216-_jpg.rf.456e08f670a110afa6a40b982a029cba.jpg,Pothole_Segmentation_YOLOv8/train/labels/pic-216-_jpg.rf.456e08f670a110afa6a40b982a029cba.txt,pic-216,train,640,640,False,True
pothole,Pothole_Segmentation_YOLOv8/train/images/pic-216-_jpg.rf.9b0074a18a22ac4ecb7f30b6dabe3fa5.jpg,Pothole_Segmentation_YOLOv8/train/labels/pic-216-_jpg.rf.9b0074a18a22ac4ecb7f30b6dabe3fa5.txt,pic-216,train,640,640,False,True
pothole,Pothole_Segmentation_YOLOv8/train/images/pic-216-_jpg.rf.ad6fbe4b6c5100ec699f1262c74a5988.jpg,Pothole_Segmentation_YOLOv8/train/labels/pic-216-_jpg.rf.ad6fbe4b6c5100ec699f1262c74a5988.txt,pic-216,train,640,640,False,True
pothole,Pothole_Segmentation_YOLOv8/train/images/pic-217-_jpg.rf.6bb67326dc3fab2b66c9c65a3364504c.jpg,Pothole_Segmentation_YOLOv8/train/labels/pic-217-_jpg.rf.6bb67326dc3fab2b66c9c65a3364504c.txt,pic-217,train,640,640,False,True
pothole,Pothole_Segmentation_YOLOv8/train/images/pic-217-_jpg.rf.de0280b56ab0a3f21fab3b5986a16080.jpg,Pothole_Segmentation_YOLOv8/train/labels/pic-217-_jpg.rf.de0280b56ab0a3f21fab3b5986a16080.txt,pic-217,train,640,640,False,True
pothole,Pothole_Segmentation_YOLOv8/train/images/pic-217-_jpg.rf.f71278c900f04d9ef934d1671e450fbf.jpg,Pothole_Segmentation_YOLOv8/train/labels/pic-217-_jpg.rf.f71278c900f04d9ef934d1671e450fbf.txt,pic-217,train,640,640,False,True
pothole,Pothole_Segmentation_YOLOv8/train/images/pic-218-_jpg.rf.1becdc6413b7b22fdf55ade9f266316e.jpg,Pothole_Segmentation_YOLOv8/train/labels/pic-218-_jpg.rf.1becdc6413b7b22fdf55ade9f266316e.txt,pic-218,train,640,640,False,True
pothole,Pothole_Segmentation_YOLOv8/train/images/pic-218-_jpg.rf.d9c8cdd8aea8314208624edb692b09cb.jpg,Pothole_Segmentation_YOLOv8/train/labels/pic-218-_jpg.rf.d9c8cdd8aea8314208624edb692b09cb.txt,pic-218,train,640,640,False,True
pothole,Pothole_Segmentation_YOLOv8/train/images/pic-218-_jpg.rf.da6e0c0a3dd3854e5710bcbe50478725.jpg,Pothole_Segmentation_YOLOv8/train/labels/pic-218-_jpg.rf.da6e0c0a3dd3854e5710bcbe50478725.txt,pic-218,train,640,640,False,True
pothole,Pothole_Segmentation_YOLOv8/train/images/pic-219-_jpg.rf.9f723a6b8ef272c7a5899faf7f892aee.jpg,Pothole_Segmentation_YOLOv8/train/labels/pic-219-_jpg.rf.9f723a6b8ef272c7a5899faf7f892aee.txt,pic-219,train,640,640,False,True
pothole,Pothole_Segmentation_YOLOv8/train/images/pic-219-_jpg.rf.a0b3e7cf4174b760f731630a0d8ffcda.jpg,Pothole_Segmentation_YOLOv8/train/labels/pic-219-_jpg.rf.a0b3e7cf4174b760f731630a0d8ffcda.txt,pic-219,train,640,640,False,True
pothole,Pothole_Segmentation_YOLOv8/train/images/pic-219-_jpg.rf.aa439f808046db1dd790b1dd73aec45f.jpg,Pothole_Segmentation_YOLOv8/train/labels/pic-219-_jpg.rf.aa439f808046db1dd790b1dd73aec45f.txt,pic-219,train,640,640,False,True
pothole,Pothole_Segmentation_YOLOv8/train/images/pic-220-_jpg.rf.0ec6700cefc477019e71e49c69ad09c0.jpg,Pothole_Segmentation_YOLOv8/train/labels/pic-220-_jpg.rf.0ec6700cefc477019e71e49c69ad09c0.txt,pic-220,val,640,640,False,True
pothole,Pothole_Segmentation_YOLOv8/train/images/pic-220-_jpg.rf.50845450b158301ab47748beb98fcf79.jpg,Pothole_Segmentation_YOLOv8/train/labels/pic-220-_jpg.rf.50845450b158301ab47748beb98fcf79.txt,pic-220,val,640,640,False,True
pothole,Pothole_Segmentation_YOLOv8/train/images/pic-220-_jpg.rf.577cbbb4c72285178adaa8c046e4f59d.jpg,Pothole_Segmentation_YOLOv8/train/labels/pic-220-_jpg.rf.577cbbb4c72285178adaa8c046e4f59d.txt,pic-220,val,640,640,False,True
pothole,Pothole_Segmentation_YOLOv8/train/images/pic-221-_jpg.rf.4210790f4f714436b3d5ee9671a99005.jpg,Pothole_Segmentation_YOLOv8/train/labels/pic-221-_jpg.rf.4210790f4f714436b3d5ee9671a99005.txt,pic-221,train,640,640,False,True
pothole,Pothole_Segmentation_YOLOv8/train/images/pic-221-_jpg.rf.6280cd42dfe06a2d66148f5b5af6eb1b.jpg,Pothole_Segmentation_YOLOv8/train/labels/pic-221-_jpg.rf.6280cd42dfe06a2d66148f5b5af6eb1b.txt,pic-221,train,640,640,False,True
pothole,Pothole_Segmentation_YOLOv8/train/images/pic-221-_jpg.rf.a2e98283cbb1e83a8af07620af2cb3d6.jpg,Pothole_Segmentation_YOLOv8/train/labels/pic-221-_jpg.rf.a2e98283cbb1e83a8af07620af2cb3d6.txt,pic-221,train,640,640,False,True
pothole,Pothole_Segmentation_YOLOv8/train/images/pic-222-_jpg.rf.159340ca71da523b0e2a61122f85d352.jpg,Pothole_Segmentation_YOLOv8/train/labels/pic-222-_jpg.rf.159340ca71da523b0e2a61122f85d352.txt,pic-222,train,640,640,False,True
pothole,Pothole_Segmentation_YOLOv8/train/images/pic-222-_jpg.rf.1dbe9dca4ca6a1f1f88b41787b9a691c.jpg,Pothole_Segmentation_YOLOv8/train/labels/pic-222-_jpg.rf.1dbe9dca4ca6a1f1f88b41787b9a691c.txt,pic-222,train,640,640,False,True
pothole,Pothole_Segmentation_YOLOv8/train/images/pic-222-_jpg.rf.a5ea9340a3f317eab9bc842a8d252835.jpg,Pothole_Segmentation_YOLOv8/train/labels/pic-222-_jpg.rf.a5ea9340a3f317eab9bc842a8d252835.txt,pic-222,train,640,640,False,True
pothole,Pothole_Segmentation_YOLOv8/train/images/pic-223-_jpg.rf.04b3324ec3044431090e8b9359b88bf7.jpg,Pothole_Segmentation_YOLOv8/train/labels/pic-223-_jpg.rf.04b3324ec3044431090e8b9359b88bf7.txt,pic-223,train,640,640,False,True
pothole,Pothole_Segmentation_YOLOv8/train/images/pic-223-_jpg.rf.9d3f63dd5136bc8b5e16b4fdf3e5b5e7.jpg,Pothole_Segmentation_YOLOv8/train/labels/pic-223-_jpg.rf.9d3f63dd5136bc8b5e16b4fdf3e5b5e7.txt,pic-223,train,640,640,False,True
pothole,Pothole_Segmentation_YOLOv8/train/images/pic-223-_jpg.rf.f7b0fe3cd7b84157379a0c10372ef0fc.jpg,Pothole_Segmentation_YOLOv8/train/labels/pic-223-_jpg.rf.f7b0fe3cd7b84157379a0c10372ef0fc.txt,pic-223,train,640,640,False,True
pothole,Pothole_Segmentation_YOLOv8/train/images/pic-224-_jpg.rf.aa73fb95553763a3d73a6b849fa4aa11.jpg,Pothole_Segmentation_YOLOv8/train/labels/pic-224-_jpg.rf.aa73fb95553763a3d73a6b849fa4aa11.txt,pic-224,train,640,640,False,True
pothole,Pothole_Segmentation_YOLOv8/train/images/pic-224-_jpg.rf.bc36d7a2ab5872952f3237e3cb9a0b06.jpg,Pothole_Segmentation_YOLOv8/train/labels/pic-224-_jpg.rf.bc36d7a2ab5872952f3237e3cb9a0b06.txt,pic-224,train,640,640,False,True
pothole,Pothole_Segmentation_YOLOv8/train/images/pic-224-_jpg.rf.bd5f146daa5ac308b6b501d1c6f1d33d.jpg,Pothole_Segmentation_YOLOv8/train/labels/pic-224-_jpg.rf.bd5f146daa5ac308b6b501d1c6f1d33d.txt,pic-224,train,640,640,False,True
pothole,Pothole_Segmentation_YOLOv8/train/images/pic-226-_jpg.rf.14efc266ef488a27f59064a50d804ca0.jpg,Pothole_Segmentation_YOLOv8/train/labels/pic-226-_jpg.rf.14efc266ef488a27f59064a50d804ca0.txt,pic-226,train,640,640,False,True
pothole,Pothole_Segmentation_YOLOv8/train/images/pic-226-_jpg.rf.a751fa82eb82745f4b5f94656b4d1455.jpg,Pothole_Segmentation_YOLOv8/train/labels/pic-226-_jpg.rf.a751fa82eb82745f4b5f94656b4d1455.txt,pic-226,train,640,640,False,True
pothole,Pothole_Segmentation_YOLOv8/train/images/pic-226-_jpg.rf.b4fc5446d26d4211eece93e58f12ae73.jpg,Pothole_Segmentation_YOLOv8/train/labels/pic-226-_jpg.rf.b4fc5446d26d4211eece93e58f12ae73.txt,pic-226,train,640,640,False,True
pothole,Pothole_Segmentation_YOLOv8/train/images/pic-227-_jpg.rf.bfb22269f25cce0b5e7ff3054f61734b.jpg,Pothole_Segmentation_YOLOv8/train/labels/pic-227-_jpg.rf.bfb22269f25cce0b5e7ff3054f61734b.txt,pic-227,train,640,640,False,True
pothole,Pothole_Segmentation_YOLOv8/train/images/pic-227-_jpg.rf.d1dd38a0e09eda8c0d4239a5bdedd0d5.jpg,Pothole_Segmentation_YOLOv8/train/labels/pic-227-_jpg.rf.d1dd38a0e09eda8c0d4239a5bdedd0d5.txt,pic-227,train,640,640,False,True
pothole,Pothole_Segmentation_YOLOv8/train/images/pic-227-_jpg.rf.e6fd78cbf2dc3c11a24ccdc8ddc5ee25.jpg,Pothole_Segmentation_YOLOv8/train/labels/pic-227-_jpg.rf.e6fd78cbf2dc3c11a24ccdc8ddc5ee25.txt,pic-227,train,640,640,False,True
pothole,Pothole_Segmentation_YOLOv8/train/images/pic-23-_jpg.rf.4152b4c3ac522f79019ca14cc242eb95.jpg,Pothole_Segmentation_YOLOv8/train/labels/pic-23-_jpg.rf.4152b4c3ac522f79019ca14cc242eb95.txt,pic-23,train,640,640,False,True
pothole,Pothole_Segmentation_YOLOv8/train/images/pic-23-_jpg.rf.dfe14e39a7d78d0edb998700007564e1.jpg,Pothole_Segmentation_YOLOv8/train/labels/pic-23-_jpg.rf.dfe14e39a7d78d0edb998700007564e1.txt,pic-23,train,640,640,False,True
pothole,Pothole_Segmentation_YOLOv8/train/images/pic-23-_jpg.rf.e7e49a6cb4809947d14a95047f49964e.jpg,Pothole_Segmentation_YOLOv8/train/labels/pic-23-_jpg.rf.e7e49a6cb4809947d14a95047f49964e.txt,pic-23,train,640,640,False,True
pothole,Pothole_Segmentation_YOLOv8/train/images/pic-231-_jpg.rf.15d03eb1f1aea5ae78f46547ddb947b5.jpg,Pothole_Segmentation_YOLOv8/train/labels/pic-231-_jpg.rf.15d03eb1f1aea5ae78f46547ddb947b5.txt,pic-231,val,640,640,False,True
pothole,Pothole_Segmentation_YOLOv8/train/images/pic-231-_jpg.rf.1ef52a6b450c206cfdcc425311a07859.jpg,Pothole_Segmentation_YOLOv8/train/labels/pic-231-_jpg.rf.1ef52a6b450c206cfdcc425311a07859.txt,pic-231,val,640,640,False,True
pothole,Pothole_Segmentation_YOLOv8/train/images/pic-231-_jpg.rf.2f5901a40332f282bcafe34b90f4f5ec.jpg,Pothole_Segmentation_YOLOv8/train/labels/pic-231-_jpg.rf.2f5901a40332f282bcafe34b90f4f5ec.txt,pic-231,val,640,640,False,True
pothole,Pothole_Segmentation_YOLOv8/train/images/pic-232-_jpg.rf.1494a9c164c52d1cd9b45dda0e1b5bab.jpg,Pothole_Segmentation_YOLOv8/train/labels/pic-232-_jpg.rf.1494a9c164c52d1cd9b45dda0e1b5bab.txt,pic-232,train,640,640,False,True
pothole,Pothole_Segmentation_YOLOv8/train/images/pic-232-_jpg.rf.848346f3e53f08683c1c17d6f1f7437e.jpg,Pothole_Segmentation_YOLOv8/train/labels/pic-232-_jpg.rf.848346f3e53f08683c1c17d6f1f7437e.txt,pic-232,train,640,640,False,True
pothole,Pothole_Segmentation_YOLOv8/train/images/pic-232-_jpg.rf.f4098546b7c8b3af5f3463c6f63950dd.jpg,Pothole_Segmentation_YOLOv8/train/labels/pic-232-_jpg.rf.f4098546b7c8b3af5f3463c6f63950dd.txt,pic-232,train,640,640,False,True
pothole,Pothole_Segmentation_YOLOv8/train/images/pic-233-_jpg.rf.59141047e39ac5b57f2f9b1f6a763936.jpg,Pothole_Segmentation_YOLOv8/train/labels/pic-233-_jpg.rf.59141047e39ac5b57f2f9b1f6a763936.txt,pic-233,val,640,640,False,True
pothole,Pothole_Segmentation_YOLOv8/train/images/pic-233-_jpg.rf.64732a7585f4f1dc942fda7dce11b947.jpg,Pothole_Segmentation_YOLOv8/train/labels/pic-233-_jpg.rf.64732a7585f4f1dc942fda7dce11b947.txt,pic-233,val,640,640,False,True
pothole,Pothole_Segmentation_YOLOv8/train/images/pic-233-_jpg.rf.8497a34a9e5ae4ee66830f050bbd69ac.jpg,Pothole_Segmentation_YOLOv8/train/labels/pic-233-_jpg.rf.8497a34a9e5ae4ee66830f050bbd69ac.txt,pic-233,val,640,640,False,True
pothole,Pothole_Segmentation_YOLOv8/train/images/pic-234-_jpg.rf.6e6834e9f26a64c34edc2093c2133e77.jpg,Pothole_Segmentation_YOLOv8/train/labels/pic-234-_jpg.rf.6e6834e9f26a64c34edc2093c2133e77.txt,pic-234,train,640,640,False,True
pothole,Pothole_Segmentation_YOLOv8/train/images/pic-234-_jpg.rf.bc29e6e5e745094cb40ab4d9023e2ad3.jpg,Pothole_Segmentation_YOLOv8/train/labels/pic-234-_jpg.rf.bc29e6e5e745094cb40ab4d9023e2ad3.txt,pic-234,train,640,640,False,True
pothole,Pothole_Segmentation_YOLOv8/train/images/pic-234-_jpg.rf.c7c54a2bd8c106f1e8959e88238d0f3c.jpg,Pothole_Segmentation_YOLOv8/train/labels/pic-234-_jpg.rf.c7c54a2bd8c106f1e8959e88238d0f3c.txt,pic-234,train,640,640,False,True
pothole,Pothole_Segmentation_YOLOv8/train/images/pic-235-_jpg.rf.149b89f603991e65409d2c817ffa8def.jpg,Pothole_Segmentation_YOLOv8/train/labels/pic-235-_jpg.rf.149b89f603991e65409d2c817ffa8def.txt,pic-235,train,640,640,False,True
pothole,Pothole_Segmentation_YOLOv8/train/images/pic-235-_jpg.rf.c953bfbb7502053e8a904197dc52e925.jpg,Pothole_Segmentation_YOLOv8/train/labels/pic-235-_jpg.rf.c953bfbb7502053e8a904197dc52e925.txt,pic-235,train,640,640,False,True
pothole,Pothole_Segmentation_YOLOv8/train/images/pic-235-_jpg.rf.caa8259752f70e86575c84bdc5a6ac3d.jpg,Pothole_Segmentation_YOLOv8/train/labels/pic-235-_jpg.rf.caa8259752f70e86575c84bdc5a6ac3d.txt,pic-235,train,640,640,False,True
pothole,Pothole_Segmentation_YOLOv8/train/images/pic-237-_jpg.rf.b4c9d0f7d582f53d9355532af217097e.jpg,Pothole_Segmentation_YOLOv8/train/labels/pic-237-_jpg.rf.b4c9d0f7d582f53d9355532af217097e.txt,pic-237,train,640,640,False,True
pothole,Pothole_Segmentation_YOLOv8/train/images/pic-237-_jpg.rf.f81c589abb7f7593acd9a66bd74c5d7f.jpg,Pothole_Segmentation_YOLOv8/train/labels/pic-237-_jpg.rf.f81c589abb7f7593acd9a66bd74c5d7f.txt,pic-237,train,640,640,False,True
pothole,Pothole_Segmentation_YOLOv8/train/images/pic-237-_jpg.rf.fa5cabd66a044525bb74f3c49acf54fe.jpg,Pothole_Segmentation_YOLOv8/train/labels/pic-237-_jpg.rf.fa5cabd66a044525bb74f3c49acf54fe.txt,pic-237,train,640,640,False,True
pothole,Pothole_Segmentation_YOLOv8/train/images/pic-238-_jpg.rf.28fccf586765c2246d9b66e5eb8f3584.jpg,Pothole_Segmentation_YOLOv8/train/labels/pic-238-_jpg.rf.28fccf586765c2246d9b66e5eb8f3584.txt,pic-238,val,640,640,False,True
pothole,Pothole_Segmentation_YOLOv8/train/images/pic-238-_jpg.rf.43a237ef9bd9dd28d4f798a87853f1fa.jpg,Pothole_Segmentation_YOLOv8/train/labels/pic-238-_jpg.rf.43a237ef9bd9dd28d4f798a87853f1fa.txt,pic-238,val,640,640,False,True
pothole,Pothole_Segmentation_YOLOv8/train/images/pic-238-_jpg.rf.73b9192a4cd0112e00efe9158aff9459.jpg,Pothole_Segmentation_YOLOv8/train/labels/pic-238-_jpg.rf.73b9192a4cd0112e00efe9158aff9459.txt,pic-238,val,640,640,False,True
pothole,Pothole_Segmentation_YOLOv8/train/images/pic-239-_jpg.rf.27ea296703d09cf2fc0438826eb25216.jpg,Pothole_Segmentation_YOLOv8/train/labels/pic-239-_jpg.rf.27ea296703d09cf2fc0438826eb25216.txt,pic-239,train,640,640,False,True
pothole,Pothole_Segmentation_YOLOv8/train/images/pic-239-_jpg.rf.755180833958d9091b3bb6a24b34f8c9.jpg,Pothole_Segmentation_YOLOv8/train/labels/pic-239-_jpg.rf.755180833958d9091b3bb6a24b34f8c9.txt,pic-239,train,640,640,False,True
pothole,Pothole_Segmentation_YOLOv8/train/images/pic-239-_jpg.rf.8f2076aea9dd8405d1992210d01df6ef.jpg,Pothole_Segmentation_YOLOv8/train/labels/pic-239-_jpg.rf.8f2076aea9dd8405d1992210d01df6ef.txt,pic-239,train,640,640,False,True
pothole,Pothole_Segmentation_YOLOv8/train/images/pic-24-_jpg.rf.5c0e8c26b2a5c454bf448e0b6f2ecd97.jpg,Pothole_Segmentation_YOLOv8/train/labels/pic-24-_jpg.rf.5c0e8c26b2a5c454bf448e0b6f2ecd97.txt,pic-24,train,640,640,False,True
pothole,Pothole_Segmentation_YOLOv8/train/images/pic-24-_jpg.rf.6f72a29392e37293dead7ab866cff716.jpg,Pothole_Segmentation_YOLOv8/train/labels/pic-24-_jpg.rf.6f72a29392e37293dead7ab866cff716.txt,pic-24,train,640,640,False,True
pothole,Pothole_Segmentation_YOLOv8/train/images/pic-24-_jpg.rf.c4aa15eeb12eb5d97a7d89fc47d7cca6.jpg,Pothole_Segmentation_YOLOv8/train/labels/pic-24-_jpg.rf.c4aa15eeb12eb5d97a7d89fc47d7cca6.txt,pic-24,train,640,640,False,True
pothole,Pothole_Segmentation_YOLOv8/train/images/pic-240-_jpg.rf.6cf12918112f73e428cb65a891665604.jpg,Pothole_Segmentation_YOLOv8/train/labels/pic-240-_jpg.rf.6cf12918112f73e428cb65a891665604.txt,pic-240,val,640,640,False,True
pothole,Pothole_Segmentation_YOLOv8/train/images/pic-240-_jpg.rf.8dee3d4ab5ccd2161b6e520c20a0f812.jpg,Pothole_Segmentation_YOLOv8/train/labels/pic-240-_jpg.rf.8dee3d4ab5ccd2161b6e520c20a0f812.txt,pic-240,val,640,640,False,True
pothole,Pothole_Segmentation_YOLOv8/train/images/pic-240-_jpg.rf.8f0271d2f7004b60ecb8bceed3c799c6.jpg,Pothole_Segmentation_YOLOv8/train/labels/pic-240-_jpg.rf.8f0271d2f7004b60ecb8bceed3c799c6.txt,pic-240,val,640,640,False,True
pothole,Pothole_Segmentation_YOLOv8/train/images/pic-241-_jpg.rf.3432cc48d4f6e7d8002d6eb4642495ce.jpg,Pothole_Segmentation_YOLOv8/train/labels/pic-241-_jpg.rf.3432cc48d4f6e7d8002d6eb4642495ce.txt,pic-241,val,640,640,False,True
pothole,Pothole_Segmentation_YOLOv8/train/images/pic-241-_jpg.rf.8288a409c841a344ed2174080fddc6a5.jpg,Pothole_Segmentation_YOLOv8/train/labels/pic-241-_jpg.rf.8288a409c841a344ed2174080fddc6a5.txt,pic-241,val,640,640,False,True
pothole,Pothole_Segmentation_YOLOv8/train/images/pic-241-_jpg.rf.c898c9588e06414254eb3a8101ade893.jpg,Pothole_Segmentation_YOLOv8/train/labels/pic-241-_jpg.rf.c898c9588e06414254eb3a8101ade893.txt,pic-241,val,640,640,False,True
pothole,Pothole_Segmentation_YOLOv8/train/images/pic-242-_jpg.rf.0a72277f1c31da47eb26ecbb3b7e6296.jpg,Pothole_Segmentation_YOLOv8/train/labels/pic-242-_jpg.rf.0a72277f1c31da47eb26ecbb3b7e6296.txt,pic-242,train,640,640,False,True
pothole,Pothole_Segmentation_YOLOv8/train/images/pic-242-_jpg.rf.42f875819ed5ac0facfa51b46a123fc2.jpg,Pothole_Segmentation_YOLOv8/train/labels/pic-242-_jpg.rf.42f875819ed5ac0facfa51b46a123fc2.txt,pic-242,train,640,640,False,True
pothole,Pothole_Segmentation_YOLOv8/train/images/pic-242-_jpg.rf.61dffd0851eee83ef24f448d88ffeebe.jpg,Pothole_Segmentation_YOLOv8/train/labels/pic-242-_jpg.rf.61dffd0851eee83ef24f448d88ffeebe.txt,pic-242,train,640,640,False,True
pothole,Pothole_Segmentation_YOLOv8/train/images/pic-243-_jpg.rf.0df6511df9c5cff60f86c536ab1635a1.jpg,Pothole_Segmentation_YOLOv8/train/labels/pic-243-_jpg.rf.0df6511df9c5cff60f86c536ab1635a1.txt,pic-243,train,640,640,False,True
pothole,Pothole_Segmentation_YOLOv8/train/images/pic-243-_jpg.rf.d07142e52129da403acd41a7a03fabae.jpg,Pothole_Segmentation_YOLOv8/train/labels/pic-243-_jpg.rf.d07142e52129da403acd41a7a03fabae.txt,pic-243,train,640,640,False,True
pothole,Pothole_Segmentation_YOLOv8/train/images/pic-243-_jpg.rf.d864bfac7ff1440f8c98557209aa3c0f.jpg,Pothole_Segmentation_YOLOv8/train/labels/pic-243-_jpg.rf.d864bfac7ff1440f8c98557209aa3c0f.txt,pic-243,train,640,640,False,True
pothole,Pothole_Segmentation_YOLOv8/train/images/pic-244-_jpg.rf.1cc262720c9af6dae71db8520773160b.jpg,Pothole_Segmentation_YOLOv8/train/labels/pic-244-_jpg.rf.1cc262720c9af6dae71db8520773160b.txt,pic-244,val,640,640,False,True
pothole,Pothole_Segmentation_YOLOv8/train/images/pic-244-_jpg.rf.7ebc863c89590ff2a83f607dcbc68e34.jpg,Pothole_Segmentation_YOLOv8/train/labels/pic-244-_jpg.rf.7ebc863c89590ff2a83f607dcbc68e34.txt,pic-244,val,640,640,False,True
pothole,Pothole_Segmentation_YOLOv8/train/images/pic-244-_jpg.rf.9beb79771a7b6709183e6cca511ff830.jpg,Pothole_Segmentation_YOLOv8/train/labels/pic-244-_jpg.rf.9beb79771a7b6709183e6cca511ff830.txt,pic-244,val,640,640,False,True
pothole,Pothole_Segmentation_YOLOv8/train/images/pic-245-_jpg.rf.17df77133740bc613a4696554928cd5c.jpg,Pothole_Segmentation_YOLOv8/train/labels/pic-245-_jpg.rf.17df77133740bc613a4696554928cd5c.txt,pic-245,train,640,640,False,True
pothole,Pothole_Segmentation_YOLOv8/train/images/pic-245-_jpg.rf.9e660e4d87ccc3b8a3bb1d2bf2745aa8.jpg,Pothole_Segmentation_YOLOv8/train/labels/pic-245-_jpg.rf.9e660e4d87ccc3b8a3bb1d2bf2745aa8.txt,pic-245,train,640,640,False,True
pothole,Pothole_Segmentation_YOLOv8/train/images/pic-245-_jpg.rf.f64415f2a4f04934c63eb9e6ddc58b03.jpg,Pothole_Segmentation_YOLOv8/train/labels/pic-245-_jpg.rf.f64415f2a4f04934c63eb9e6ddc58b03.txt,pic-245,train,640,640,False,True
pothole,Pothole_Segmentation_YOLOv8/train/images/pic-246-_jpg.rf.554ed8a1140e2e47539b5825358f3491.jpg,Pothole_Segmentation_YOLOv8/train/labels/pic-246-_jpg.rf.554ed8a1140e2e47539b5825358f3491.txt,pic-246,train,640,640,False,True
pothole,Pothole_Segmentation_YOLOv8/train/images/pic-246-_jpg.rf.7b2fd4f45f1134c636d1a6fe51744d46.jpg,Pothole_Segmentation_YOLOv8/train/labels/pic-246-_jpg.rf.7b2fd4f45f1134c636d1a6fe51744d46.txt,pic-246,train,640,640,False,True
pothole,Pothole_Segmentation_YOLOv8/train/images/pic-246-_jpg.rf.93663c16c298ed591b91eadfc6e144ae.jpg,Pothole_Segmentation_YOLOv8/train/labels/pic-246-_jpg.rf.93663c16c298ed591b91eadfc6e144ae.txt,pic-246,train,640,640,False,True
pothole,Pothole_Segmentation_YOLOv8/train/images/pic-247-_jpg.rf.0f4643d64aafaa72e5e291cb8bdfae57.jpg,Pothole_Segmentation_YOLOv8/train/labels/pic-247-_jpg.rf.0f4643d64aafaa72e5e291cb8bdfae57.txt,pic-247,train,640,640,False,True
pothole,Pothole_Segmentation_YOLOv8/train/images/pic-247-_jpg.rf.5b9be4976067ff481a06a5d7f1916133.jpg,Pothole_Segmentation_YOLOv8/train/labels/pic-247-_jpg.rf.5b9be4976067ff481a06a5d7f1916133.txt,pic-247,train,640,640,False,True
pothole,Pothole_Segmentation_YOLOv8/train/images/pic-247-_jpg.rf.cbf21b0811a22af9d7b2ebaffbd1d938.jpg,Pothole_Segmentation_YOLOv8/train/labels/pic-247-_jpg.rf.cbf21b0811a22af9d7b2ebaffbd1d938.txt,pic-247,train,640,640,False,True
pothole,Pothole_Segmentation_YOLOv8/train/images/pic-248-_jpg.rf.a3cbf0b1296da7cd3ea5d46525c3b5ad.jpg,Pothole_Segmentation_YOLOv8/train/labels/pic-248-_jpg.rf.a3cbf0b1296da7cd3ea5d46525c3b5ad.txt,pic-248,train,640,640,False,True
pothole,Pothole_Segmentation_YOLOv8/train/images/pic-248-_jpg.rf.a889a66f2a2a27646c6d2102e5b2fb17.jpg,Pothole_Segmentation_YOLOv8/train/labels/pic-248-_jpg.rf.a889a66f2a2a27646c6d2102e5b2fb17.txt,pic-248,train,640,640,False,True
pothole,Pothole_Segmentation_YOLOv8/train/images/pic-248-_jpg.rf.b57094138ac0e7270328a9956b2f616e.jpg,Pothole_Segmentation_YOLOv8/train/labels/pic-248-_jpg.rf.b57094138ac0e7270328a9956b2f616e.txt,pic-248,train,640,640,False,True
pothole,Pothole_Segmentation_YOLOv8/train/images/pic-249-_jpg.rf.2909e1821a38907edf8d4f9d87cfa7fa.jpg,Pothole_Segmentation_YOLOv8/train/labels/pic-249-_jpg.rf.2909e1821a38907edf8d4f9d87cfa7fa.txt,pic-249,train,640,640,False,True
pothole,Pothole_Segmentation_YOLOv8/train/images/pic-249-_jpg.rf.6184619642f841a8598f0fee9f9cb770.jpg,Pothole_Segmentation_YOLOv8/train/labels/pic-249-_jpg.rf.6184619642f841a8598f0fee9f9cb770.txt,pic-249,train,640,640,False,True
pothole,Pothole_Segmentation_YOLOv8/train/images/pic-249-_jpg.rf.6e835a0b390d9b7815c33f5834b17a42.jpg,Pothole_Segmentation_YOLOv8/train/labels/pic-249-_jpg.rf.6e835a0b390d9b7815c33f5834b17a42.txt,pic-249,train,640,640,False,True
pothole,Pothole_Segmentation_YOLOv8/train/images/pic-25-_jpg.rf.0c7a3fd9a3840f28576edfe095f5b2c8.jpg,Pothole_Segmentation_YOLOv8/train/labels/pic-25-_jpg.rf.0c7a3fd9a3840f28576edfe095f5b2c8.txt,pic-25,val,640,640,False,True
pothole,Pothole_Segmentation_YOLOv8/train/images/pic-25-_jpg.rf.2d988998b2a995bdee0f0282803e4801.jpg,Pothole_Segmentation_YOLOv8/train/labels/pic-25-_jpg.rf.2d988998b2a995bdee0f0282803e4801.txt,pic-25,val,640,640,False,True
pothole,Pothole_Segmentation_YOLOv8/train/images/pic-25-_jpg.rf.deadb4c9f8357cd2f7d51f91cb1da866.jpg,Pothole_Segmentation_YOLOv8/train/labels/pic-25-_jpg.rf.deadb4c9f8357cd2f7d51f91cb1da866.txt,pic-25,val,640,640,False,True
pothole,Pothole_Segmentation_YOLOv8/train/images/pic-250-_jpg.rf.90193421f8c21ded95e0cbf404f513dd.jpg,Pothole_Segmentation_YOLOv8/train/labels/pic-250-_jpg.rf.90193421f8c21ded95e0cbf404f513dd.txt,pic-250,train,640,640,False,True
pothole,Pothole_Segmentation_YOLOv8/train/images/pic-250-_jpg.rf.a3ea467a7cc80896f04d44bea680785d.jpg,Pothole_Segmentation_YOLOv8/train/labels/pic-250-_jpg.rf.a3ea467a7cc80896f04d44bea680785d.txt,pic-250,train,640,640,False,True
pothole,Pothole_Segmentation_YOLOv8/train/images/pic-250-_jpg.rf.fa08a66eed53518165efed59a5ab8eb4.jpg,Pothole_Segmentation_YOLOv8/train/labels/pic-250-_jpg.rf.fa08a66eed53518165efed59a5ab8eb4.txt,pic-250,train,640,640,False,True
pothole,Pothole_Segmentation_YOLOv8/train/images/pic-251-_jpg.rf.2fdb4a020ffa343ae74099d9d2876c41.jpg,Pothole_Segmentation_YOLOv8/train/labels/pic-251-_jpg.rf.2fdb4a020ffa343ae74099d9d2876c41.txt,pic-251,train,640,640,False,True
pothole,Pothole_Segmentation_YOLOv8/train/images/pic-251-_jpg.rf.38a2bdb803b4ab772ebd6e40119129f8.jpg,Pothole_Segmentation_YOLOv8/train/labels/pic-251-_jpg.rf.38a2bdb803b4ab772ebd6e40119129f8.txt,pic-251,train,640,640,False,True
pothole,Pothole_Segmentation_YOLOv8/train/images/pic-251-_jpg.rf.9841cb1e9b954b905fb2c6573c987199.jpg,Pothole_Segmentation_YOLOv8/train/labels/pic-251-_jpg.rf.9841cb1e9b954b905fb2c6573c987199.txt,pic-251,train,640,640,False,True
pothole,Pothole_Segmentation_YOLOv8/train/images/pic-252-_jpg.rf.1d994545861b8acd262681fa0d99058b.jpg,Pothole_Segmentation_YOLOv8/train/labels/pic-252-_jpg.rf.1d994545861b8acd262681fa0d99058b.txt,pic-252,train,640,640,False,True
pothole,Pothole_Segmentation_YOLOv8/train/images/pic-252-_jpg.rf.60c38b7dd52f66a6bf7fd05386915aef.jpg,Pothole_Segmentation_YOLOv8/train/labels/pic-252-_jpg.rf.60c38b7dd52f66a6bf7fd05386915aef.txt,pic-252,train,640,640,False,True
pothole,Pothole_Segmentation_YOLOv8/train/images/pic-252-_jpg.rf.9cb2afb0020b7d0e4220ed2f05fc3014.jpg,Pothole_Segmentation_YOLOv8/train/labels/pic-252-_jpg.rf.9cb2afb0020b7d0e4220ed2f05fc3014.txt,pic-252,train,640,640,False,True
pothole,Pothole_Segmentation_YOLOv8/train/images/pic-253-_jpg.rf.1ddbaa9733534658408a1a14372ef0b9.jpg,Pothole_Segmentation_YOLOv8/train/labels/pic-253-_jpg.rf.1ddbaa9733534658408a1a14372ef0b9.txt,pic-253,train,640,640,False,True
pothole,Pothole_Segmentation_YOLOv8/train/images/pic-253-_jpg.rf.2d65914b2455aaeff16e8ef4321a9ae2.jpg,Pothole_Segmentation_YOLOv8/train/labels/pic-253-_jpg.rf.2d65914b2455aaeff16e8ef4321a9ae2.txt,pic-253,train,640,640,False,True
pothole,Pothole_Segmentation_YOLOv8/train/images/pic-253-_jpg.rf.fe9146427e9147a64aa2edd89579fa80.jpg,Pothole_Segmentation_YOLOv8/train/labels/pic-253-_jpg.rf.fe9146427e9147a64aa2edd89579fa80.txt,pic-253,train,640,640,False,True
pothole,Pothole_Segmentation_YOLOv8/train/images/pic-255-_jpg.rf.58d537e75af0a9fe40651c5c9e5c6f10.jpg,Pothole_Segmentation_YOLOv8/train/labels/pic-255-_jpg.rf.58d537e75af0a9fe40651c5c9e5c6f10.txt,pic-255,train,640,640,False,True
pothole,Pothole_Segmentation_YOLOv8/train/images/pic-255-_jpg.rf.5b8acd3a5f571d5d7e245e1f950b92cc.jpg,Pothole_Segmentation_YOLOv8/train/labels/pic-255-_jpg.rf.5b8acd3a5f571d5d7e245e1f950b92cc.txt,pic-255,train,640,640,False,True
pothole,Pothole_Segmentation_YOLOv8/train/images/pic-255-_jpg.rf.93cf2350f3e2eb8b0e28c90904582e06.jpg,Pothole_Segmentation_YOLOv8/train/labels/pic-255-_jpg.rf.93cf2350f3e2eb8b0e28c90904582e06.txt,pic-255,train,640,640,False,True
pothole,Pothole_Segmentation_YOLOv8/train/images/pic-256-_jpg.rf.7019bcfb7ed85d62a0068bb4d90894d6.jpg,Pothole_Segmentation_YOLOv8/train/labels/pic-256-_jpg.rf.7019bcfb7ed85d62a0068bb4d90894d6.txt,pic-256,train,640,640,False,True
pothole,Pothole_Segmentation_YOLOv8/train/images/pic-256-_jpg.rf.aa2fce633443ee1d8c81896a8ea32dae.jpg,Pothole_Segmentation_YOLOv8/train/labels/pic-256-_jpg.rf.aa2fce633443ee1d8c81896a8ea32dae.txt,pic-256,train,640,640,False,True
pothole,Pothole_Segmentation_YOLOv8/train/images/pic-256-_jpg.rf.e7df3aab64f144506e0d276e972a5f73.jpg,Pothole_Segmentation_YOLOv8/train/labels/pic-256-_jpg.rf.e7df3aab64f144506e0d276e972a5f73.txt,pic-256,train,640,640,False,True
pothole,Pothole_Segmentation_YOLOv8/train/images/pic-258-_jpg.rf.5dc1fecc0c1bd209ca05c88618583504.jpg,Pothole_Segmentation_YOLOv8/train/labels/pic-258-_jpg.rf.5dc1fecc0c1bd209ca05c88618583504.txt,pic-258,train,640,640,False,True
pothole,Pothole_Segmentation_YOLOv8/train/images/pic-258-_jpg.rf.821cd6dd9ff8fdcc6286183f5688755a.jpg,Pothole_Segmentation_YOLOv8/train/labels/pic-258-_jpg.rf.821cd6dd9ff8fdcc6286183f5688755a.txt,pic-258,train,640,640,False,True
pothole,Pothole_Segmentation_YOLOv8/train/images/pic-258-_jpg.rf.fcdd3609bc1d58a34086a5a3e6ce2097.jpg,Pothole_Segmentation_YOLOv8/train/labels/pic-258-_jpg.rf.fcdd3609bc1d58a34086a5a3e6ce2097.txt,pic-258,train,640,640,False,True
pothole,Pothole_Segmentation_YOLOv8/train/images/pic-259-_jpg.rf.47ec4246b71311c95725c8e5c02049a3.jpg,Pothole_Segmentation_YOLOv8/train/labels/pic-259-_jpg.rf.47ec4246b71311c95725c8e5c02049a3.txt,pic-259,val,640,640,False,True
pothole,Pothole_Segmentation_YOLOv8/train/images/pic-259-_jpg.rf.4a53c38246579af08ffa2398e0d809aa.jpg,Pothole_Segmentation_YOLOv8/train/labels/pic-259-_jpg.rf.4a53c38246579af08ffa2398e0d809aa.txt,pic-259,val,640,640,False,True
pothole,Pothole_Segmentation_YOLOv8/train/images/pic-259-_jpg.rf.d407eb770f6e539c7d1021089da068bc.jpg,Pothole_Segmentation_YOLOv8/train/labels/pic-259-_jpg.rf.d407eb770f6e539c7d1021089da068bc.txt,pic-259,val,640,640,False,True
pothole,Pothole_Segmentation_YOLOv8/train/images/pic-26-_jpg.rf.50fba6db0c31398bb0ad36b22f1cf88f.jpg,Pothole_Segmentation_YOLOv8/train/labels/pic-26-_jpg.rf.50fba6db0c31398bb0ad36b22f1cf88f.txt,pic-26,train,640,640,False,True
pothole,Pothole_Segmentation_YOLOv8/train/images/pic-26-_jpg.rf.9be8ea96b8bb643747babec0e006e3a8.jpg,Pothole_Segmentation_YOLOv8/train/labels/pic-26-_jpg.rf.9be8ea96b8bb643747babec0e006e3a8.txt,pic-26,train,640,640,False,True
pothole,Pothole_Segmentation_YOLOv8/train/images/pic-26-_jpg.rf.cd93dd54b669257758fd0cdafe4f0032.jpg,Pothole_Segmentation_YOLOv8/train/labels/pic-26-_jpg.rf.cd93dd54b669257758fd0cdafe4f0032.txt,pic-26,train,640,640,False,True
pothole,Pothole_Segmentation_YOLOv8/train/images/pic-260-_jpg.rf.3af45c18af9183dbab32f9e489034912.jpg,Pothole_Segmentation_YOLOv8/train/labels/pic-260-_jpg.rf.3af45c18af9183dbab32f9e489034912.txt,pic-260,train,640,640,False,True
pothole,Pothole_Segmentation_YOLOv8/train/images/pic-260-_jpg.rf.76bee172574bbacef55e6935f031bf20.jpg,Pothole_Segmentation_YOLOv8/train/labels/pic-260-_jpg.rf.76bee172574bbacef55e6935f031bf20.txt,pic-260,train,640,640,False,True
pothole,Pothole_Segmentation_YOLOv8/train/images/pic-260-_jpg.rf.b88fd61a801b35b27593f7fcbfed4f1b.jpg,Pothole_Segmentation_YOLOv8/train/labels/pic-260-_jpg.rf.b88fd61a801b35b27593f7fcbfed4f1b.txt,pic-260,train,640,640,False,True
pothole,Pothole_Segmentation_YOLOv8/train/images/pic-261-_jpg.rf.2b6a7b01bb03728cc1c166db16e462e5.jpg,Pothole_Segmentation_YOLOv8/train/labels/pic-261-_jpg.rf.2b6a7b01bb03728cc1c166db16e462e5.txt,pic-261,train,640,640,False,True
pothole,Pothole_Segmentation_YOLOv8/train/images/pic-261-_jpg.rf.998892ecacb90555cc17a10e7717e639.jpg,Pothole_Segmentation_YOLOv8/train/labels/pic-261-_jpg.rf.998892ecacb90555cc17a10e7717e639.txt,pic-261,train,640,640,False,True
pothole,Pothole_Segmentation_YOLOv8/train/images/pic-261-_jpg.rf.a966d2dffd8b171b302656a73d5b9d35.jpg,Pothole_Segmentation_YOLOv8/train/labels/pic-261-_jpg.rf.a966d2dffd8b171b302656a73d5b9d35.txt,pic-261,train,640,640,False,True
pothole,Pothole_Segmentation_YOLOv8/train/images/pic-264-_jpg.rf.1d9a2cc87b0162c31ffde047cca87a81.jpg,Pothole_Segmentation_YOLOv8/train/labels/pic-264-_jpg.rf.1d9a2cc87b0162c31ffde047cca87a81.txt,pic-264,train,640,640,False,True
pothole,Pothole_Segmentation_YOLOv8/train/images/pic-264-_jpg.rf.6219b6cecf8a84cc4bd3139144ade94f.jpg,Pothole_Segmentation_YOLOv8/train/labels/pic-264-_jpg.rf.6219b6cecf8a84cc4bd3139144ade94f.txt,pic-264,train,640,640,False,True
pothole,Pothole_Segmentation_YOLOv8/train/images/pic-264-_jpg.rf.b1224cd0b28b41a38580f8f73315e5be.jpg,Pothole_Segmentation_YOLOv8/train/labels/pic-264-_jpg.rf.b1224cd0b28b41a38580f8f73315e5be.txt,pic-264,train,640,640,False,True
pothole,Pothole_Segmentation_YOLOv8/train/images/pic-265-_jpg.rf.4c610d0dfdc177368e2334a82ff5513a.jpg,Pothole_Segmentation_YOLOv8/train/labels/pic-265-_jpg.rf.4c610d0dfdc177368e2334a82ff5513a.txt,pic-265,train,640,640,False,True
pothole,Pothole_Segmentation_YOLOv8/train/images/pic-265-_jpg.rf.55be0618279efba17a40682b25ec9fab.jpg,Pothole_Segmentation_YOLOv8/train/labels/pic-265-_jpg.rf.55be0618279efba17a40682b25ec9fab.txt,pic-265,train,640,640,False,True
pothole,Pothole_Segmentation_YOLOv8/train/images/pic-265-_jpg.rf.98e8661b5363f6c6bcf399738c291cf2.jpg,Pothole_Segmentation_YOLOv8/train/labels/pic-265-_jpg.rf.98e8661b5363f6c6bcf399738c291cf2.txt,pic-265,train,640,640,False,True
pothole,Pothole_Segmentation_YOLOv8/train/images/pic-266-_jpg.rf.43407daa6e772a254285f6bf1098a9b2.jpg,Pothole_Segmentation_YOLOv8/train/labels/pic-266-_jpg.rf.43407daa6e772a254285f6bf1098a9b2.txt,pic-266,train,640,640,False,True
pothole,Pothole_Segmentation_YOLOv8/train/images/pic-266-_jpg.rf.5924896fbc8c112511de0c67db59435b.jpg,Pothole_Segmentation_YOLOv8/train/labels/pic-266-_jpg.rf.5924896fbc8c112511de0c67db59435b.txt,pic-266,train,640,640,False,True
pothole,Pothole_Segmentation_YOLOv8/train/images/pic-266-_jpg.rf.97039c9e51a9baa0832be4ebd044110d.jpg,Pothole_Segmentation_YOLOv8/train/labels/pic-266-_jpg.rf.97039c9e51a9baa0832be4ebd044110d.txt,pic-266,train,640,640,False,True
pothole,Pothole_Segmentation_YOLOv8/train/images/pic-267-_jpg.rf.4e80309c7e97b759c02f198b4f8258e0.jpg,Pothole_Segmentation_YOLOv8/train/labels/pic-267-_jpg.rf.4e80309c7e97b759c02f198b4f8258e0.txt,pic-267,train,640,640,False,True
pothole,Pothole_Segmentation_YOLOv8/train/images/pic-267-_jpg.rf.9bb1142dec3532e4e8b716d3a438ac05.jpg,Pothole_Segmentation_YOLOv8/train/labels/pic-267-_jpg.rf.9bb1142dec3532e4e8b716d3a438ac05.txt,pic-267,train,640,640,False,True
pothole,Pothole_Segmentation_YOLOv8/train/images/pic-267-_jpg.rf.a52b175e07343220015b707b9886e0e1.jpg,Pothole_Segmentation_YOLOv8/train/labels/pic-267-_jpg.rf.a52b175e07343220015b707b9886e0e1.txt,pic-267,train,640,640,False,True
pothole,Pothole_Segmentation_YOLOv8/train/images/pic-268-_jpg.rf.323d61640ba6fcc13042b787260e36bb.jpg,Pothole_Segmentation_YOLOv8/train/labels/pic-268-_jpg.rf.323d61640ba6fcc13042b787260e36bb.txt,pic-268,train,640,640,False,True
pothole,Pothole_Segmentation_YOLOv8/train/images/pic-268-_jpg.rf.87ee237323b54bf65900f2fe8742e27b.jpg,Pothole_Segmentation_YOLOv8/train/labels/pic-268-_jpg.rf.87ee237323b54bf65900f2fe8742e27b.txt,pic-268,train,640,640,False,True
pothole,Pothole_Segmentation_YOLOv8/train/images/pic-268-_jpg.rf.c49fc76803dd19f43665c0ced1377750.jpg,Pothole_Segmentation_YOLOv8/train/labels/pic-268-_jpg.rf.c49fc76803dd19f43665c0ced1377750.txt,pic-268,train,640,640,False,True
pothole,Pothole_Segmentation_YOLOv8/train/images/pic-272-_jpg.rf.002253fdb0ed4584e018df6ffa261117.jpg,Pothole_Segmentation_YOLOv8/train/labels/pic-272-_jpg.rf.002253fdb0ed4584e018df6ffa261117.txt,pic-272,val,640,640,False,True
pothole,Pothole_Segmentation_YOLOv8/train/images/pic-272-_jpg.rf.0a7c7409d5dc54a17f739f3fcc1dfbfb.jpg,Pothole_Segmentation_YOLOv8/train/labels/pic-272-_jpg.rf.0a7c7409d5dc54a17f739f3fcc1dfbfb.txt,pic-272,val,640,640,False,True
pothole,Pothole_Segmentation_YOLOv8/train/images/pic-272-_jpg.rf.9c136160d287bbdaaaa5e6027f75ba97.jpg,Pothole_Segmentation_YOLOv8/train/labels/pic-272-_jpg.rf.9c136160d287bbdaaaa5e6027f75ba97.txt,pic-272,val,640,640,False,True
pothole,Pothole_Segmentation_YOLOv8/train/images/pic-274-_jpg.rf.46a9e2047dced3e94c4fa2aab121859b.jpg,Pothole_Segmentation_YOLOv8/train/labels/pic-274-_jpg.rf.46a9e2047dced3e94c4fa2aab121859b.txt,pic-274,train,640,640,False,True
pothole,Pothole_Segmentation_YOLOv8/train/images/pic-274-_jpg.rf.5205af7f7d0021ecd8ac84b895d7be99.jpg,Pothole_Segmentation_YOLOv8/train/labels/pic-274-_jpg.rf.5205af7f7d0021ecd8ac84b895d7be99.txt,pic-274,train,640,640,False,True
pothole,Pothole_Segmentation_YOLOv8/train/images/pic-274-_jpg.rf.ce4479c25a7c7d6c8b8d001c488a4f6d.jpg,Pothole_Segmentation_YOLOv8/train/labels/pic-274-_jpg.rf.ce4479c25a7c7d6c8b8d001c488a4f6d.txt,pic-274,train,640,640,False,True
pothole,Pothole_Segmentation_YOLOv8/train/images/pic-275-_jpg.rf.98225472f61e9de4245a1da0fc036230.jpg,Pothole_Segmentation_YOLOv8/train/labels/pic-275-_jpg.rf.98225472f61e9de4245a1da0fc036230.txt,pic-275,train,640,640,False,True
pothole,Pothole_Segmentation_YOLOv8/train/images/pic-275-_jpg.rf.cd2ef0884568491ec2ce61a16f085324.jpg,Pothole_Segmentation_YOLOv8/train/labels/pic-275-_jpg.rf.cd2ef0884568491ec2ce61a16f085324.txt,pic-275,train,640,640,False,True
pothole,Pothole_Segmentation_YOLOv8/train/images/pic-275-_jpg.rf.d21f3ba7cea2b4ce92516d08a7ea0c6d.jpg,Pothole_Segmentation_YOLOv8/train/labels/pic-275-_jpg.rf.d21f3ba7cea2b4ce92516d08a7ea0c6d.txt,pic-275,train,640,640,False,True
pothole,Pothole_Segmentation_YOLOv8/train/images/pic-276-_jpg.rf.792c2b69462ae79fca0cca74330fe0e7.jpg,Pothole_Segmentation_YOLOv8/train/labels/pic-276-_jpg.rf.792c2b69462ae79fca0cca74330fe0e7.txt,pic-276,train,640,640,False,True
pothole,Pothole_Segmentation_YOLOv8/train/images/pic-276-_jpg.rf.85ffbef727ecf81dbdc795cf0071fde4.jpg,Pothole_Segmentation_YOLOv8/train/labels/pic-276-_jpg.rf.85ffbef727ecf81dbdc795cf0071fde4.txt,pic-276,train,640,640,False,True
pothole,Pothole_Segmentation_YOLOv8/train/images/pic-276-_jpg.rf.8d4273fdb3b241213a5685129666cde6.jpg,Pothole_Segmentation_YOLOv8/train/labels/pic-276-_jpg.rf.8d4273fdb3b241213a5685129666cde6.txt,pic-276,train,640,640,False,True
pothole,Pothole_Segmentation_YOLOv8/train/images/pic-277-_jpg.rf.d1a4a881471530c27e8e6acefaae408d.jpg,Pothole_Segmentation_YOLOv8/train/labels/pic-277-_jpg.rf.d1a4a881471530c27e8e6acefaae408d.txt,pic-277,train,640,640,False,True
pothole,Pothole_Segmentation_YOLOv8/train/images/pic-277-_jpg.rf.e2e29a600dcb8450df911104cf88b38d.jpg,Pothole_Segmentation_YOLOv8/train/labels/pic-277-_jpg.rf.e2e29a600dcb8450df911104cf88b38d.txt,pic-277,train,640,640,False,True
pothole,Pothole_Segmentation_YOLOv8/train/images/pic-277-_jpg.rf.ec1e5c4b6a23a9196e33d1937e2fddcf.jpg,Pothole_Segmentation_YOLOv8/train/labels/pic-277-_jpg.rf.ec1e5c4b6a23a9196e33d1937e2fddcf.txt,pic-277,train,640,640,False,True
pothole,Pothole_Segmentation_YOLOv8/train/images/pic-278-_jpg.rf.102a71b41c699ef91c98ee9acb233241.jpg,Pothole_Segmentation_YOLOv8/train/labels/pic-278-_jpg.rf.102a71b41c699ef91c98ee9acb233241.txt,pic-278,train,640,640,False,True
pothole,Pothole_Segmentation_YOLOv8/train/images/pic-278-_jpg.rf.161161ebb6d47b347f2c6012b1c88898.jpg,Pothole_Segmentation_YOLOv8/train/labels/pic-278-_jpg.rf.161161ebb6d47b347f2c6012b1c88898.txt,pic-278,train,640,640,False,True
pothole,Pothole_Segmentation_YOLOv8/train/images/pic-278-_jpg.rf.81490c823fe0f5ba5fc351b36c4fab79.jpg,Pothole_Segmentation_YOLOv8/train/labels/pic-278-_jpg.rf.81490c823fe0f5ba5fc351b36c4fab79.txt,pic-278,train,640,640,False,True
pothole,Pothole_Segmentation_YOLOv8/train/images/pic-279-_jpg.rf.387d558e33ac4c0afd2b684708d66271.jpg,Pothole_Segmentation_YOLOv8/train/labels/pic-279-_jpg.rf.387d558e33ac4c0afd2b684708d66271.txt,pic-279,val,640,640,False,True
pothole,Pothole_Segmentation_YOLOv8/train/images/pic-279-_jpg.rf.aeb00c47b3179ead074b8f7b52971655.jpg,Pothole_Segmentation_YOLOv8/train/labels/pic-279-_jpg.rf.aeb00c47b3179ead074b8f7b52971655.txt,pic-279,val,640,640,False,True
pothole,Pothole_Segmentation_YOLOv8/train/images/pic-279-_jpg.rf.eb289e54650f25791d195ce8f1936cf8.jpg,Pothole_Segmentation_YOLOv8/train/labels/pic-279-_jpg.rf.eb289e54650f25791d195ce8f1936cf8.txt,pic-279,val,640,640,False,True
pothole,Pothole_Segmentation_YOLOv8/train/images/pic-280-_jpg.rf.1cfd00374439fd72effee65dee2cfbf3.jpg,Pothole_Segmentation_YOLOv8/train/labels/pic-280-_jpg.rf.1cfd00374439fd72effee65dee2cfbf3.txt,pic-280,train,640,640,False,True
pothole,Pothole_Segmentation_YOLOv8/train/images/pic-280-_jpg.rf.44efc10266e3c4cb78efde437755b21f.jpg,Pothole_Segmentation_YOLOv8/train/labels/pic-280-_jpg.rf.44efc10266e3c4cb78efde437755b21f.txt,pic-280,train,640,640,False,True
pothole,Pothole_Segmentation_YOLOv8/train/images/pic-280-_jpg.rf.a7c2022cd08be88cf40fb7473457b1bd.jpg,Pothole_Segmentation_YOLOv8/train/labels/pic-280-_jpg.rf.a7c2022cd08be88cf40fb7473457b1bd.txt,pic-280,train,640,640,False,True
pothole,Pothole_Segmentation_YOLOv8/train/images/pic-281-_jpg.rf.20f2248677b69cd0b78705416c578c8f.jpg,Pothole_Segmentation_YOLOv8/train/labels/pic-281-_jpg.rf.20f2248677b69cd0b78705416c578c8f.txt,pic-281,train,640,640,False,True
pothole,Pothole_Segmentation_YOLOv8/train/images/pic-281-_jpg.rf.364ad6841f1f703e567868636d3c5d9d.jpg,Pothole_Segmentation_YOLOv8/train/labels/pic-281-_jpg.rf.364ad6841f1f703e567868636d3c5d9d.txt,pic-281,train,640,640,False,True
pothole,Pothole_Segmentation_YOLOv8/train/images/pic-281-_jpg.rf.91f845ebe6009e9c3be546fa34f1fb62.jpg,Pothole_Segmentation_YOLOv8/train/labels/pic-281-_jpg.rf.91f845ebe6009e9c3be546fa34f1fb62.txt,pic-281,train,640,640,False,True
pothole,Pothole_Segmentation_YOLOv8/train/images/pic-282-_jpg.rf.0dbe6d0d6778748a85926379c5f2e9e2.jpg,Pothole_Segmentation_YOLOv8/train/labels/pic-282-_jpg.rf.0dbe6d0d6778748a85926379c5f2e9e2.txt,pic-282,train,640,640,False,True
pothole,Pothole_Segmentation_YOLOv8/train/images/pic-282-_jpg.rf.842cdce727f91b17dbe3c3da0eb40f53.jpg,Pothole_Segmentation_YOLOv8/train/labels/pic-282-_jpg.rf.842cdce727f91b17dbe3c3da0eb40f53.txt,pic-282,train,640,640,False,True
pothole,Pothole_Segmentation_YOLOv8/train/images/pic-282-_jpg.rf.f00b26bc9e0e6d37dfc28fb9dcca8d31.jpg,Pothole_Segmentation_YOLOv8/train/labels/pic-282-_jpg.rf.f00b26bc9e0e6d37dfc28fb9dcca8d31.txt,pic-282,train,640,640,False,True
pothole,Pothole_Segmentation_YOLOv8/train/images/pic-283-_jpg.rf.40eb24734e3476c926a4c70fd547500c.jpg,Pothole_Segmentation_YOLOv8/train/labels/pic-283-_jpg.rf.40eb24734e3476c926a4c70fd547500c.txt,pic-283,train,640,640,False,True
pothole,Pothole_Segmentation_YOLOv8/train/images/pic-283-_jpg.rf.c2b4badba5de7ededb5266fa40bff815.jpg,Pothole_Segmentation_YOLOv8/train/labels/pic-283-_jpg.rf.c2b4badba5de7ededb5266fa40bff815.txt,pic-283,train,640,640,False,True
pothole,Pothole_Segmentation_YOLOv8/train/images/pic-283-_jpg.rf.e5da98374205a9ad95cb1355a5d30d9a.jpg,Pothole_Segmentation_YOLOv8/train/labels/pic-283-_jpg.rf.e5da98374205a9ad95cb1355a5d30d9a.txt,pic-283,train,640,640,False,True
pothole,Pothole_Segmentation_YOLOv8/train/images/pic-284-_jpg.rf.123096f07316bdbbb775d4e0edbfcb5e.jpg,Pothole_Segmentation_YOLOv8/train/labels/pic-284-_jpg.rf.123096f07316bdbbb775d4e0edbfcb5e.txt,pic-284,train,640,640,False,True
pothole,Pothole_Segmentation_YOLOv8/train/images/pic-284-_jpg.rf.56d84fad76218d5963847d758616e653.jpg,Pothole_Segmentation_YOLOv8/train/labels/pic-284-_jpg.rf.56d84fad76218d5963847d758616e653.txt,pic-284,train,640,640,False,True
pothole,Pothole_Segmentation_YOLOv8/train/images/pic-284-_jpg.rf.684fdc990a5a35d7a5d296857475e65d.jpg,Pothole_Segmentation_YOLOv8/train/labels/pic-284-_jpg.rf.684fdc990a5a35d7a5d296857475e65d.txt,pic-284,train,640,640,False,True
pothole,Pothole_Segmentation_YOLOv8/train/images/pic-285-_jpg.rf.2bdafbee1a88e6d2a7fdf3367073e72e.jpg,Pothole_Segmentation_YOLOv8/train/labels/pic-285-_jpg.rf.2bdafbee1a88e6d2a7fdf3367073e72e.txt,pic-285,train,640,640,False,True
pothole,Pothole_Segmentation_YOLOv8/train/images/pic-285-_jpg.rf.c3f2aadaa48b640a80c3ab44e41ffb04.jpg,Pothole_Segmentation_YOLOv8/train/labels/pic-285-_jpg.rf.c3f2aadaa48b640a80c3ab44e41ffb04.txt,pic-285,train,640,640,False,True
pothole,Pothole_Segmentation_YOLOv8/train/images/pic-285-_jpg.rf.e85f33f618c8853f1b77a75be13c5a95.jpg,Pothole_Segmentation_YOLOv8/train/labels/pic-285-_jpg.rf.e85f33f618c8853f1b77a75be13c5a95.txt,pic-285,train,640,640,False,True
pothole,Pothole_Segmentation_YOLOv8/train/images/pic-286-_jpg.rf.51113a90d61bab00d4fe0edcd5e45d9b.jpg,Pothole_Segmentation_YOLOv8/train/labels/pic-286-_jpg.rf.51113a90d61bab00d4fe0edcd5e45d9b.txt,pic-286,val,640,640,False,True
pothole,Pothole_Segmentation_YOLOv8/train/images/pic-286-_jpg.rf.e2281030be53c236e0e2f7731df0f5b3.jpg,Pothole_Segmentation_YOLOv8/train/labels/pic-286-_jpg.rf.e2281030be53c236e0e2f7731df0f5b3.txt,pic-286,val,640,640,False,True
pothole,Pothole_Segmentation_YOLOv8/train/images/pic-286-_jpg.rf.e5f176bec46993c0c6cda6588e9d5ecf.jpg,Pothole_Segmentation_YOLOv8/train/labels/pic-286-_jpg.rf.e5f176bec46993c0c6cda6588e9d5ecf.txt,pic-286,val,640,640,False,True
pothole,Pothole_Segmentation_YOLOv8/train/images/pic-287-_jpg.rf.87156b9d129afc59b232dcc6247af143.jpg,Pothole_Segmentation_YOLOv8/train/labels/pic-287-_jpg.rf.87156b9d129afc59b232dcc6247af143.txt,pic-287,train,640,640,False,True
pothole,Pothole_Segmentation_YOLOv8/train/images/pic-287-_jpg.rf.9ebbae06b203eacb7891199e3ae03e78.jpg,Pothole_Segmentation_YOLOv8/train/labels/pic-287-_jpg.rf.9ebbae06b203eacb7891199e3ae03e78.txt,pic-287,train,640,640,False,True
pothole,Pothole_Segmentation_YOLOv8/train/images/pic-287-_jpg.rf.e2570badb95698d083c54eec726d833c.jpg,Pothole_Segmentation_YOLOv8/train/labels/pic-287-_jpg.rf.e2570badb95698d083c54eec726d833c.txt,pic-287,train,640,640,False,True
pothole,Pothole_Segmentation_YOLOv8/train/images/pic-289-_jpg.rf.3b5e34d314c7ded93c3733fce130b12a.jpg,Pothole_Segmentation_YOLOv8/train/labels/pic-289-_jpg.rf.3b5e34d314c7ded93c3733fce130b12a.txt,pic-289,train,640,640,False,True
pothole,Pothole_Segmentation_YOLOv8/train/images/pic-289-_jpg.rf.948fb2d38ed70096fb1c644ab1e89973.jpg,Pothole_Segmentation_YOLOv8/train/labels/pic-289-_jpg.rf.948fb2d38ed70096fb1c644ab1e89973.txt,pic-289,train,640,640,False,True
pothole,Pothole_Segmentation_YOLOv8/train/images/pic-289-_jpg.rf.b0bf8384c5c25bbefa58c5f1e0893b5d.jpg,Pothole_Segmentation_YOLOv8/train/labels/pic-289-_jpg.rf.b0bf8384c5c25bbefa58c5f1e0893b5d.txt,pic-289,train,640,640,False,True
pothole,Pothole_Segmentation_YOLOv8/train/images/pic-29-_jpg.rf.5220d64d0af700ca8a131e4a7015591a.jpg,Pothole_Segmentation_YOLOv8/train/labels/pic-29-_jpg.rf.5220d64d0af700ca8a131e4a7015591a.txt,pic-29,train,640,640,False,True
pothole,Pothole_Segmentation_YOLOv8/train/images/pic-29-_jpg.rf.56803c885d93883808e18e5177fb7bfc.jpg,Pothole_Segmentation_YOLOv8/train/labels/pic-29-_jpg.rf.56803c885d93883808e18e5177fb7bfc.txt,pic-29,train,640,640,False,True
pothole,Pothole_Segmentation_YOLOv8/train/images/pic-29-_jpg.rf.75b74368c26af7be08174514a5e86a35.jpg,Pothole_Segmentation_YOLOv8/train/labels/pic-29-_jpg.rf.75b74368c26af7be08174514a5e86a35.txt,pic-29,train,640,640,False,True
pothole,Pothole_Segmentation_YOLOv8/train/images/pic-293-_jpg.rf.152a3d1b716ce34ef95d003bf13d19e3.jpg,Pothole_Segmentation_YOLOv8/train/labels/pic-293-_jpg.rf.152a3d1b716ce34ef95d003bf13d19e3.txt,pic-293,train,640,640,False,True
pothole,Pothole_Segmentation_YOLOv8/train/images/pic-293-_jpg.rf.521af54aebbf6c4a9777b1a21b2aa1a6.jpg,Pothole_Segmentation_YOLOv8/train/labels/pic-293-_jpg.rf.521af54aebbf6c4a9777b1a21b2aa1a6.txt,pic-293,train,640,640,False,True
pothole,Pothole_Segmentation_YOLOv8/train/images/pic-293-_jpg.rf.a9b5278454dd0e6b846f8f5b345c8c0a.jpg,Pothole_Segmentation_YOLOv8/train/labels/pic-293-_jpg.rf.a9b5278454dd0e6b846f8f5b345c8c0a.txt,pic-293,train,640,640,False,True
pothole,Pothole_Segmentation_YOLOv8/train/images/pic-294-_jpg.rf.03cbcc554416b49037040fba4614781a.jpg,Pothole_Segmentation_YOLOv8/train/labels/pic-294-_jpg.rf.03cbcc554416b49037040fba4614781a.txt,pic-294,train,640,640,False,True
pothole,Pothole_Segmentation_YOLOv8/train/images/pic-294-_jpg.rf.1de461b1d76feb49d4f027f59f73b1ff.jpg,Pothole_Segmentation_YOLOv8/train/labels/pic-294-_jpg.rf.1de461b1d76feb49d4f027f59f73b1ff.txt,pic-294,train,640,640,False,True
pothole,Pothole_Segmentation_YOLOv8/train/images/pic-294-_jpg.rf.a69a7de19ef308ef7ee254d1016bbc97.jpg,Pothole_Segmentation_YOLOv8/train/labels/pic-294-_jpg.rf.a69a7de19ef308ef7ee254d1016bbc97.txt,pic-294,train,640,640,False,True
pothole,Pothole_Segmentation_YOLOv8/train/images/pic-295-_jpg.rf.a8c2971b57a19e0180c662e4263aa9b5.jpg,Pothole_Segmentation_YOLOv8/train/labels/pic-295-_jpg.rf.a8c2971b57a19e0180c662e4263aa9b5.txt,pic-295,train,640,640,False,True
pothole,Pothole_Segmentation_YOLOv8/train/images/pic-295-_jpg.rf.d32464e992476781dea9e98988a24869.jpg,Pothole_Segmentation_YOLOv8/train/labels/pic-295-_jpg.rf.d32464e992476781dea9e98988a24869.txt,pic-295,train,640,640,False,True
pothole,Pothole_Segmentation_YOLOv8/train/images/pic-295-_jpg.rf.f66059d5449c804a491dfe941e69a338.jpg,Pothole_Segmentation_YOLOv8/train/labels/pic-295-_jpg.rf.f66059d5449c804a491dfe941e69a338.txt,pic-295,train,640,640,False,True
pothole,Pothole_Segmentation_YOLOv8/train/images/pic-296-_jpg.rf.4842e778156eb9f2ba5cf237fe3e4a62.jpg,Pothole_Segmentation_YOLOv8/train/labels/pic-296-_jpg.rf.4842e778156eb9f2ba5cf237fe3e4a62.txt,pic-296,train,640,640,False,True
pothole,Pothole_Segmentation_YOLOv8/train/images/pic-296-_jpg.rf.71c7e5d6a9c5da8e4043d68da5539b8e.jpg,Pothole_Segmentation_YOLOv8/train/labels/pic-296-_jpg.rf.71c7e5d6a9c5da8e4043d68da5539b8e.txt,pic-296,train,640,640,False,True
pothole,Pothole_Segmentation_YOLOv8/train/images/pic-296-_jpg.rf.8761505829f0631199e1d3daa72bea42.jpg,Pothole_Segmentation_YOLOv8/train/labels/pic-296-_jpg.rf.8761505829f0631199e1d3daa72bea42.txt,pic-296,train,640,640,False,True
pothole,Pothole_Segmentation_YOLOv8/train/images/pic-297-_jpg.rf.1d4e40786715d3c83bace206f962c042.jpg,Pothole_Segmentation_YOLOv8/train/labels/pic-297-_jpg.rf.1d4e40786715d3c83bace206f962c042.txt,pic-297,train,640,640,False,True
pothole,Pothole_Segmentation_YOLOv8/train/images/pic-297-_jpg.rf.72ed26dca533a7e479c08103a5569c8f.jpg,Pothole_Segmentation_YOLOv8/train/labels/pic-297-_jpg.rf.72ed26dca533a7e479c08103a5569c8f.txt,pic-297,train,640,640,False,True
pothole,Pothole_Segmentation_YOLOv8/train/images/pic-297-_jpg.rf.84f5afae7a869cf8e987823d48ac52ea.jpg,Pothole_Segmentation_YOLOv8/train/labels/pic-297-_jpg.rf.84f5afae7a869cf8e987823d48ac52ea.txt,pic-297,train,640,640,False,True
pothole,Pothole_Segmentation_YOLOv8/train/images/pic-298-_jpg.rf.58b2ce2cbcbc68eb15a507b2cf8643e2.jpg,Pothole_Segmentation_YOLOv8/train/labels/pic-298-_jpg.rf.58b2ce2cbcbc68eb15a507b2cf8643e2.txt,pic-298,train,640,640,False,True
pothole,Pothole_Segmentation_YOLOv8/train/images/pic-298-_jpg.rf.cd5aa1c41d3e62814135dde19300f171.jpg,Pothole_Segmentation_YOLOv8/train/labels/pic-298-_jpg.rf.cd5aa1c41d3e62814135dde19300f171.txt,pic-298,train,640,640,False,True
pothole,Pothole_Segmentation_YOLOv8/train/images/pic-298-_jpg.rf.eb89bc0d42a73c41261305e01a9138f8.jpg,Pothole_Segmentation_YOLOv8/train/labels/pic-298-_jpg.rf.eb89bc0d42a73c41261305e01a9138f8.txt,pic-298,train,640,640,False,True
pothole,Pothole_Segmentation_YOLOv8/train/images/pic-299-_jpg.rf.b9479d0a39352215db193b6877e389ff.jpg,Pothole_Segmentation_YOLOv8/train/labels/pic-299-_jpg.rf.b9479d0a39352215db193b6877e389ff.txt,pic-299,train,640,640,False,True
pothole,Pothole_Segmentation_YOLOv8/train/images/pic-299-_jpg.rf.d1996e7e3608d23e5111b7e3f95a5353.jpg,Pothole_Segmentation_YOLOv8/train/labels/pic-299-_jpg.rf.d1996e7e3608d23e5111b7e3f95a5353.txt,pic-299,train,640,640,False,True
pothole,Pothole_Segmentation_YOLOv8/train/images/pic-299-_jpg.rf.ffefe6a973c89146c61be0770eed07c3.jpg,Pothole_Segmentation_YOLOv8/train/labels/pic-299-_jpg.rf.ffefe6a973c89146c61be0770eed07c3.txt,pic-299,train,640,640,False,True
pothole,Pothole_Segmentation_YOLOv8/train/images/pic-3-_jpg.rf.17e79b0608bc082d9380d713fb69f5ef.jpg,Pothole_Segmentation_YOLOv8/train/labels/pic-3-_jpg.rf.17e79b0608bc082d9380d713fb69f5ef.txt,pic-3,train,640,640,False,True
pothole,Pothole_Segmentation_YOLOv8/train/images/pic-3-_jpg.rf.1f39da1d67e7044320a0a602d9819741.jpg,Pothole_Segmentation_YOLOv8/train/labels/pic-3-_jpg.rf.1f39da1d67e7044320a0a602d9819741.txt,pic-3,train,640,640,False,True
pothole,Pothole_Segmentation_YOLOv8/train/images/pic-3-_jpg.rf.9fea650aedf412fa2559d06c40de20b9.jpg,Pothole_Segmentation_YOLOv8/train/labels/pic-3-_jpg.rf.9fea650aedf412fa2559d06c40de20b9.txt,pic-3,train,640,640,False,True
pothole,Pothole_Segmentation_YOLOv8/train/images/pic-30-_jpg.rf.370eca9f98e828703d153a162dba5233.jpg,Pothole_Segmentation_YOLOv8/train/labels/pic-30-_jpg.rf.370eca9f98e828703d153a162dba5233.txt,pic-30,train,640,640,False,True
pothole,Pothole_Segmentation_YOLOv8/train/images/pic-30-_jpg.rf.50f47f18cb6f3fb3650fe72d391d9187.jpg,Pothole_Segmentation_YOLOv8/train/labels/pic-30-_jpg.rf.50f47f18cb6f3fb3650fe72d391d9187.txt,pic-30,train,640,640,False,True
pothole,Pothole_Segmentation_YOLOv8/train/images/pic-30-_jpg.rf.881c629f5ecaecfe726c74a522b8decb.jpg,Pothole_Segmentation_YOLOv8/train/labels/pic-30-_jpg.rf.881c629f5ecaecfe726c74a522b8decb.txt,pic-30,train,640,640,False,True
pothole,Pothole_Segmentation_YOLOv8/train/images/pic-300-_jpg.rf.3600a16f8f27cc0334db7f049f787eb1.jpg,Pothole_Segmentation_YOLOv8/train/labels/pic-300-_jpg.rf.3600a16f8f27cc0334db7f049f787eb1.txt,pic-300,train,640,640,False,True
pothole,Pothole_Segmentation_YOLOv8/train/images/pic-300-_jpg.rf.4ef818f9e780452ddfb899a2a2b6b03a.jpg,Pothole_Segmentation_YOLOv8/train/labels/pic-300-_jpg.rf.4ef818f9e780452ddfb899a2a2b6b03a.txt,pic-300,train,640,640,False,True
pothole,Pothole_Segmentation_YOLOv8/train/images/pic-300-_jpg.rf.84ff02582ef46f86d24bc848af4be07b.jpg,Pothole_Segmentation_YOLOv8/train/labels/pic-300-_jpg.rf.84ff02582ef46f86d24bc848af4be07b.txt,pic-300,train,640,640,False,True
pothole,Pothole_Segmentation_YOLOv8/train/images/pic-301-_jpg.rf.2b21a6093d6fa16efa900074dc3542cd.jpg,Pothole_Segmentation_YOLOv8/train/labels/pic-301-_jpg.rf.2b21a6093d6fa16efa900074dc3542cd.txt,pic-301,val,640,640,False,True
pothole,Pothole_Segmentation_YOLOv8/train/images/pic-301-_jpg.rf.821c1245c0e331fa2bf691e53b6d5d99.jpg,Pothole_Segmentation_YOLOv8/train/labels/pic-301-_jpg.rf.821c1245c0e331fa2bf691e53b6d5d99.txt,pic-301,val,640,640,False,True
pothole,Pothole_Segmentation_YOLOv8/train/images/pic-301-_jpg.rf.b5aea8cb48e0a04950551fd41e277ea6.jpg,Pothole_Segmentation_YOLOv8/train/labels/pic-301-_jpg.rf.b5aea8cb48e0a04950551fd41e277ea6.txt,pic-301,val,640,640,False,True
pothole,Pothole_Segmentation_YOLOv8/train/images/pic-302-_jpg.rf.37977cf11bbe714965571c19d72ffee0.jpg,Pothole_Segmentation_YOLOv8/train/labels/pic-302-_jpg.rf.37977cf11bbe714965571c19d72ffee0.txt,pic-302,train,640,640,False,True
pothole,Pothole_Segmentation_YOLOv8/train/images/pic-302-_jpg.rf.b78c512c8993fd44bdb300776d9dc3f4.jpg,Pothole_Segmentation_YOLOv8/train/labels/pic-302-_jpg.rf.b78c512c8993fd44bdb300776d9dc3f4.txt,pic-302,train,640,640,False,True
pothole,Pothole_Segmentation_YOLOv8/train/images/pic-302-_jpg.rf.d633fdb04731410dc8d1d1da15a1363a.jpg,Pothole_Segmentation_YOLOv8/train/labels/pic-302-_jpg.rf.d633fdb04731410dc8d1d1da15a1363a.txt,pic-302,train,640,640,False,True
pothole,Pothole_Segmentation_YOLOv8/train/images/pic-31-_jpg.rf.0940348a848c8c97f3fff9383cb3cdc8.jpg,Pothole_Segmentation_YOLOv8/train/labels/pic-31-_jpg.rf.0940348a848c8c97f3fff9383cb3cdc8.txt,pic-31,train,640,640,False,True
pothole,Pothole_Segmentation_YOLOv8/train/images/pic-31-_jpg.rf.1174887817ec51f80c793c0f75927824.jpg,Pothole_Segmentation_YOLOv8/train/labels/pic-31-_jpg.rf.1174887817ec51f80c793c0f75927824.txt,pic-31,train,640,640,False,True
pothole,Pothole_Segmentation_YOLOv8/train/images/pic-31-_jpg.rf.f773855cfccc522535461bb0d18add8a.jpg,Pothole_Segmentation_YOLOv8/train/labels/pic-31-_jpg.rf.f773855cfccc522535461bb0d18add8a.txt,pic-31,train,640,640,False,True
pothole,Pothole_Segmentation_YOLOv8/train/images/pic-318-_jpg.rf.2940a75b7dd32070029f18fa382ebdc5.jpg,Pothole_Segmentation_YOLOv8/train/labels/pic-318-_jpg.rf.2940a75b7dd32070029f18fa382ebdc5.txt,pic-318,train,640,640,False,True
pothole,Pothole_Segmentation_YOLOv8/train/images/pic-318-_jpg.rf.d35f113f002fcda07300a87c4953d158.jpg,Pothole_Segmentation_YOLOv8/train/labels/pic-318-_jpg.rf.d35f113f002fcda07300a87c4953d158.txt,pic-318,train,640,640,False,True
pothole,Pothole_Segmentation_YOLOv8/train/images/pic-318-_jpg.rf.fb982b0515cfdf43b2ced2b2b087b90d.jpg,Pothole_Segmentation_YOLOv8/train/labels/pic-318-_jpg.rf.fb982b0515cfdf43b2ced2b2b087b90d.txt,pic-318,train,640,640,False,True
pothole,Pothole_Segmentation_YOLOv8/train/images/pic-32-_jpg.rf.17b7362dd7e828ab11f01d0a23db3a50.jpg,Pothole_Segmentation_YOLOv8/train/labels/pic-32-_jpg.rf.17b7362dd7e828ab11f01d0a23db3a50.txt,pic-32,train,640,640,False,True
pothole,Pothole_Segmentation_YOLOv8/train/images/pic-32-_jpg.rf.4aea4d06478697bd7b70b72cd80d1546.jpg,Pothole_Segmentation_YOLOv8/train/labels/pic-32-_jpg.rf.4aea4d06478697bd7b70b72cd80d1546.txt,pic-32,train,640,640,False,True
pothole,Pothole_Segmentation_YOLOv8/train/images/pic-32-_jpg.rf.e9cd27fe43663beff58ee6e1f8f7f3d2.jpg,Pothole_Segmentation_YOLOv8/train/labels/pic-32-_jpg.rf.e9cd27fe43663beff58ee6e1f8f7f3d2.txt,pic-32,train,640,640,False,True
pothole,Pothole_Segmentation_YOLOv8/train/images/pic-34-_jpg.rf.3cc5232b879d313c05dc30ad7b066f99.jpg,Pothole_Segmentation_YOLOv8/train/labels/pic-34-_jpg.rf.3cc5232b879d313c05dc30ad7b066f99.txt,pic-34,train,640,640,False,True
pothole,Pothole_Segmentation_YOLOv8/train/images/pic-34-_jpg.rf.40b75b0e55a33c21bc33826831384287.jpg,Pothole_Segmentation_YOLOv8/train/labels/pic-34-_jpg.rf.40b75b0e55a33c21bc33826831384287.txt,pic-34,train,640,640,False,True
pothole,Pothole_Segmentation_YOLOv8/train/images/pic-34-_jpg.rf.add0f9e0bd6d5cd8a32bde8eac8b1c9f.jpg,Pothole_Segmentation_YOLOv8/train/labels/pic-34-_jpg.rf.add0f9e0bd6d5cd8a32bde8eac8b1c9f.txt,pic-34,train,640,640,False,True
pothole,Pothole_Segmentation_YOLOv8/train/images/pic-35-_jpg.rf.3a6cb54980b1b14196158b140c277034.jpg,Pothole_Segmentation_YOLOv8/train/labels/pic-35-_jpg.rf.3a6cb54980b1b14196158b140c277034.txt,pic-35,train,640,640,False,True
pothole,Pothole_Segmentation_YOLOv8/train/images/pic-35-_jpg.rf.d7c110298e8deb6c82e6a13278880bc1.jpg,Pothole_Segmentation_YOLOv8/train/labels/pic-35-_jpg.rf.d7c110298e8deb6c82e6a13278880bc1.txt,pic-35,train,640,640,False,True
pothole,Pothole_Segmentation_YOLOv8/train/images/pic-35-_jpg.rf.e87935b40ac72eeef1e183a1b784e3e9.jpg,Pothole_Segmentation_YOLOv8/train/labels/pic-35-_jpg.rf.e87935b40ac72eeef1e183a1b784e3e9.txt,pic-35,train,640,640,False,True
pothole,Pothole_Segmentation_YOLOv8/train/images/pic-37-_jpg.rf.141623e970a3b93aa37e180a3efb32b8.jpg,Pothole_Segmentation_YOLOv8/train/labels/pic-37-_jpg.rf.141623e970a3b93aa37e180a3efb32b8.txt,pic-37,train,640,640,False,True
pothole,Pothole_Segmentation_YOLOv8/train/images/pic-37-_jpg.rf.dbb4e5f29da50d7f69800bd02df7cd28.jpg,Pothole_Segmentation_YOLOv8/train/labels/pic-37-_jpg.rf.dbb4e5f29da50d7f69800bd02df7cd28.txt,pic-37,train,640,640,False,True
pothole,Pothole_Segmentation_YOLOv8/train/images/pic-37-_jpg.rf.fef279db67c02cffe5e03d2f062e76c7.jpg,Pothole_Segmentation_YOLOv8/train/labels/pic-37-_jpg.rf.fef279db67c02cffe5e03d2f062e76c7.txt,pic-37,train,640,640,False,True
pothole,Pothole_Segmentation_YOLOv8/train/images/pic-38-_jpg.rf.da02919be110cad52f54add553bf8ff6.jpg,Pothole_Segmentation_YOLOv8/train/labels/pic-38-_jpg.rf.da02919be110cad52f54add553bf8ff6.txt,pic-38,train,640,640,False,True
pothole,Pothole_Segmentation_YOLOv8/train/images/pic-38-_jpg.rf.dba8be87e1cad6fbbc6f68728f95a85d.jpg,Pothole_Segmentation_YOLOv8/train/labels/pic-38-_jpg.rf.dba8be87e1cad6fbbc6f68728f95a85d.txt,pic-38,train,640,640,False,True
pothole,Pothole_Segmentation_YOLOv8/train/images/pic-38-_jpg.rf.f986b908d11e3ccfab5acb989bc9aa7b.jpg,Pothole_Segmentation_YOLOv8/train/labels/pic-38-_jpg.rf.f986b908d11e3ccfab5acb989bc9aa7b.txt,pic-38,train,640,640,False,True
pothole,Pothole_Segmentation_YOLOv8/train/images/pic-39-_jpg.rf.916c6c1f6b88b55f48b08e48481fe26f.jpg,Pothole_Segmentation_YOLOv8/train/labels/pic-39-_jpg.rf.916c6c1f6b88b55f48b08e48481fe26f.txt,pic-39,train,640,640,False,True
pothole,Pothole_Segmentation_YOLOv8/train/images/pic-39-_jpg.rf.99d4097fac96d5f035d066f05bd3dcac.jpg,Pothole_Segmentation_YOLOv8/train/labels/pic-39-_jpg.rf.99d4097fac96d5f035d066f05bd3dcac.txt,pic-39,train,640,640,False,True
pothole,Pothole_Segmentation_YOLOv8/train/images/pic-39-_jpg.rf.c50896cfc9b1facb5cd4234bb9be07b6.jpg,Pothole_Segmentation_YOLOv8/train/labels/pic-39-_jpg.rf.c50896cfc9b1facb5cd4234bb9be07b6.txt,pic-39,train,640,640,False,True
pothole,Pothole_Segmentation_YOLOv8/train/images/pic-4-_jpg.rf.4db592c400a3bacb104e601c50c1fcd0.jpg,Pothole_Segmentation_YOLOv8/train/labels/pic-4-_jpg.rf.4db592c400a3bacb104e601c50c1fcd0.txt,pic-4,train,640,640,False,True
pothole,Pothole_Segmentation_YOLOv8/train/images/pic-4-_jpg.rf.d3357165b543f6d3e0f729dfa3373855.jpg,Pothole_Segmentation_YOLOv8/train/labels/pic-4-_jpg.rf.d3357165b543f6d3e0f729dfa3373855.txt,pic-4,train,640,640,False,True
pothole,Pothole_Segmentation_YOLOv8/train/images/pic-4-_jpg.rf.f52085b2d1744eeb56ed5a4b8ba0fb0f.jpg,Pothole_Segmentation_YOLOv8/train/labels/pic-4-_jpg.rf.f52085b2d1744eeb56ed5a4b8ba0fb0f.txt,pic-4,train,640,640,False,True
pothole,Pothole_Segmentation_YOLOv8/train/images/pic-40-_jpg.rf.0b69a3e42d0f31491655adaa801c3160.jpg,Pothole_Segmentation_YOLOv8/train/labels/pic-40-_jpg.rf.0b69a3e42d0f31491655adaa801c3160.txt,pic-40,train,640,640,False,True
pothole,Pothole_Segmentation_YOLOv8/train/images/pic-40-_jpg.rf.7047af1ffe9d3d01ef41591660a7bd37.jpg,Pothole_Segmentation_YOLOv8/train/labels/pic-40-_jpg.rf.7047af1ffe9d3d01ef41591660a7bd37.txt,pic-40,train,640,640,False,True
pothole,Pothole_Segmentation_YOLOv8/train/images/pic-40-_jpg.rf.c8d57f2324c265fbe81623987f86e3d8.jpg,Pothole_Segmentation_YOLOv8/train/labels/pic-40-_jpg.rf.c8d57f2324c265fbe81623987f86e3d8.txt,pic-40,train,640,640,False,True
pothole,Pothole_Segmentation_YOLOv8/train/images/pic-41-_jpg.rf.4d2787d8d27bef19c2759899a13581ad.jpg,Pothole_Segmentation_YOLOv8/train/labels/pic-41-_jpg.rf.4d2787d8d27bef19c2759899a13581ad.txt,pic-41,train,640,640,False,True
pothole,Pothole_Segmentation_YOLOv8/train/images/pic-41-_jpg.rf.5e808c2edeb8c3db416e41b5cf956575.jpg,Pothole_Segmentation_YOLOv8/train/labels/pic-41-_jpg.rf.5e808c2edeb8c3db416e41b5cf956575.txt,pic-41,train,640,640,False,True
pothole,Pothole_Segmentation_YOLOv8/train/images/pic-41-_jpg.rf.74ff92157ffacab71cc6f120cb5663a6.jpg,Pothole_Segmentation_YOLOv8/train/labels/pic-41-_jpg.rf.74ff92157ffacab71cc6f120cb5663a6.txt,pic-41,train,640,640,False,True
pothole,Pothole_Segmentation_YOLOv8/train/images/pic-43-_jpg.rf.1e8c9b6d903b795ead837d1334fbe4ff.jpg,Pothole_Segmentation_YOLOv8/train/labels/pic-43-_jpg.rf.1e8c9b6d903b795ead837d1334fbe4ff.txt,pic-43,train,640,640,False,True
pothole,Pothole_Segmentation_YOLOv8/train/images/pic-43-_jpg.rf.dbbb1c368f5ada95ebf45d45838b1bd7.jpg,Pothole_Segmentation_YOLOv8/train/labels/pic-43-_jpg.rf.dbbb1c368f5ada95ebf45d45838b1bd7.txt,pic-43,train,640,640,False,True
pothole,Pothole_Segmentation_YOLOv8/train/images/pic-43-_jpg.rf.dfa9d788bc69cea17fc9c3308d1668a7.jpg,Pothole_Segmentation_YOLOv8/train/labels/pic-43-_jpg.rf.dfa9d788bc69cea17fc9c3308d1668a7.txt,pic-43,train,640,640,False,True
pothole,Pothole_Segmentation_YOLOv8/train/images/pic-44-_jpg.rf.7bb3eef4deaf2aa9c2fb506c168e3f77.jpg,Pothole_Segmentation_YOLOv8/train/labels/pic-44-_jpg.rf.7bb3eef4deaf2aa9c2fb506c168e3f77.txt,pic-44,val,640,640,False,True
pothole,Pothole_Segmentation_YOLOv8/train/images/pic-44-_jpg.rf.a71dc55407736290b223f5ac71e8f714.jpg,Pothole_Segmentation_YOLOv8/train/labels/pic-44-_jpg.rf.a71dc55407736290b223f5ac71e8f714.txt,pic-44,val,640,640,False,True
pothole,Pothole_Segmentation_YOLOv8/train/images/pic-44-_jpg.rf.c7dd071d0249ce1a01f71938c20eec2e.jpg,Pothole_Segmentation_YOLOv8/train/labels/pic-44-_jpg.rf.c7dd071d0249ce1a01f71938c20eec2e.txt,pic-44,val,640,640,False,True
pothole,Pothole_Segmentation_YOLOv8/train/images/pic-46-_jpg.rf.b885bd57535b8adc199e02edae6a24e9.jpg,Pothole_Segmentation_YOLOv8/train/labels/pic-46-_jpg.rf.b885bd57535b8adc199e02edae6a24e9.txt,pic-46,train,640,640,False,True
pothole,Pothole_Segmentation_YOLOv8/train/images/pic-46-_jpg.rf.c5a8cb20f04ee8a90e2295b8e74a9dd1.jpg,Pothole_Segmentation_YOLOv8/train/labels/pic-46-_jpg.rf.c5a8cb20f04ee8a90e2295b8e74a9dd1.txt,pic-46,train,640,640,False,True
pothole,Pothole_Segmentation_YOLOv8/train/images/pic-46-_jpg.rf.ce935f81e259f69e3b8930f080141ac5.jpg,Pothole_Segmentation_YOLOv8/train/labels/pic-46-_jpg.rf.ce935f81e259f69e3b8930f080141ac5.txt,pic-46,train,640,640,False,True
pothole,Pothole_Segmentation_YOLOv8/train/images/pic-47-_jpg.rf.07110750200ea396e69160ea5e20ce7c.jpg,Pothole_Segmentation_YOLOv8/train/labels/pic-47-_jpg.rf.07110750200ea396e69160ea5e20ce7c.txt,pic-47,train,640,640,False,True
pothole,Pothole_Segmentation_YOLOv8/train/images/pic-47-_jpg.rf.b5c407806790722e3104e1521d054f67.jpg,Pothole_Segmentation_YOLOv8/train/labels/pic-47-_jpg.rf.b5c407806790722e3104e1521d054f67.txt,pic-47,train,640,640,False,True
pothole,Pothole_Segmentation_YOLOv8/train/images/pic-47-_jpg.rf.e7a3996bac750b9ba88cc570c1aad418.jpg,Pothole_Segmentation_YOLOv8/train/labels/pic-47-_jpg.rf.e7a3996bac750b9ba88cc570c1aad418.txt,pic-47,train,640,640,False,True
pothole,Pothole_Segmentation_YOLOv8/train/images/pic-48-_jpg.rf.5f35e42f4f2abf32c388f70cd219d8cb.jpg,Pothole_Segmentation_YOLOv8/train/labels/pic-48-_jpg.rf.5f35e42f4f2abf32c388f70cd219d8cb.txt,pic-48,val,640,640,False,True
pothole,Pothole_Segmentation_YOLOv8/train/images/pic-48-_jpg.rf.68853a3577e0a03df1d073ae0713d353.jpg,Pothole_Segmentation_YOLOv8/train/labels/pic-48-_jpg.rf.68853a3577e0a03df1d073ae0713d353.txt,pic-48,val,640,640,False,True
pothole,Pothole_Segmentation_YOLOv8/train/images/pic-48-_jpg.rf.88ad29d468c207f23e22f16b5129a5fe.jpg,Pothole_Segmentation_YOLOv8/train/labels/pic-48-_jpg.rf.88ad29d468c207f23e22f16b5129a5fe.txt,pic-48,val,640,640,False,True
pothole,Pothole_Segmentation_YOLOv8/train/images/pic-49-_jpg.rf.7566ef76e82dccc357ff1691393cdff8.jpg,Pothole_Segmentation_YOLOv8/train/labels/pic-49-_jpg.rf.7566ef76e82dccc357ff1691393cdff8.txt,pic-49,train,640,640,False,True
pothole,Pothole_Segmentation_YOLOv8/train/images/pic-49-_jpg.rf.a2d3901d28aa5d5a7040913eaffb5011.jpg,Pothole_Segmentation_YOLOv8/train/labels/pic-49-_jpg.rf.a2d3901d28aa5d5a7040913eaffb5011.txt,pic-49,train,640,640,False,True
pothole,Pothole_Segmentation_YOLOv8/train/images/pic-49-_jpg.rf.ea29a2566cbd0e48094adae5b4cf7087.jpg,Pothole_Segmentation_YOLOv8/train/labels/pic-49-_jpg.rf.ea29a2566cbd0e48094adae5b4cf7087.txt,pic-49,train,640,640,False,True
pothole,Pothole_Segmentation_YOLOv8/train/images/pic-5-_jpg.rf.5fbe76ea8a76e35b41970ccb6f5e4730.jpg,Pothole_Segmentation_YOLOv8/train/labels/pic-5-_jpg.rf.5fbe76ea8a76e35b41970ccb6f5e4730.txt,pic-5,train,640,640,False,True
pothole,Pothole_Segmentation_YOLOv8/train/images/pic-5-_jpg.rf.ead443dd9f37ce2e29069e9049d804e7.jpg,Pothole_Segmentation_YOLOv8/train/labels/pic-5-_jpg.rf.ead443dd9f37ce2e29069e9049d804e7.txt,pic-5,train,640,640,False,True
pothole,Pothole_Segmentation_YOLOv8/train/images/pic-5-_jpg.rf.f3d79095cd22dd76dc99c447f82e50d0.jpg,Pothole_Segmentation_YOLOv8/train/labels/pic-5-_jpg.rf.f3d79095cd22dd76dc99c447f82e50d0.txt,pic-5,train,640,640,False,True
pothole,Pothole_Segmentation_YOLOv8/train/images/pic-51-_jpg.rf.38b94f88de5e174741f7f535773d0c40.jpg,Pothole_Segmentation_YOLOv8/train/labels/pic-51-_jpg.rf.38b94f88de5e174741f7f535773d0c40.txt,pic-51,train,640,640,False,True
pothole,Pothole_Segmentation_YOLOv8/train/images/pic-51-_jpg.rf.bc4a2c2beca4c0a398dbc10fc7efc934.jpg,Pothole_Segmentation_YOLOv8/train/labels/pic-51-_jpg.rf.bc4a2c2beca4c0a398dbc10fc7efc934.txt,pic-51,train,640,640,False,True
pothole,Pothole_Segmentation_YOLOv8/train/images/pic-51-_jpg.rf.f708e8dd61e5d6c7f0417a6e7befa47d.jpg,Pothole_Segmentation_YOLOv8/train/labels/pic-51-_jpg.rf.f708e8dd61e5d6c7f0417a6e7befa47d.txt,pic-51,train,640,640,False,True
pothole,Pothole_Segmentation_YOLOv8/train/images/pic-52-_jpg.rf.d8822e3b6a7c8fe4c73543cd7d7ae9cd.jpg,Pothole_Segmentation_YOLOv8/train/labels/pic-52-_jpg.rf.d8822e3b6a7c8fe4c73543cd7d7ae9cd.txt,pic-52,val,640,640,False,True
pothole,Pothole_Segmentation_YOLOv8/train/images/pic-52-_jpg.rf.def4f32d6ba09bcb7a22b8a34a7c8115.jpg,Pothole_Segmentation_YOLOv8/train/labels/pic-52-_jpg.rf.def4f32d6ba09bcb7a22b8a34a7c8115.txt,pic-52,val,640,640,False,True
pothole,Pothole_Segmentation_YOLOv8/train/images/pic-52-_jpg.rf.f05e2cd157034e39c0eb9db8e7f09bb5.jpg,Pothole_Segmentation_YOLOv8/train/labels/pic-52-_jpg.rf.f05e2cd157034e39c0eb9db8e7f09bb5.txt,pic-52,val,640,640,False,True
pothole,Pothole_Segmentation_YOLOv8/train/images/pic-53-_jpg.rf.1ee5c3ca066d62d6b4aed03d3575b5ea.jpg,Pothole_Segmentation_YOLOv8/train/labels/pic-53-_jpg.rf.1ee5c3ca066d62d6b4aed03d3575b5ea.txt,pic-53,train,640,640,False,True
pothole,Pothole_Segmentation_YOLOv8/train/images/pic-53-_jpg.rf.540025fd1af3f0c105d5a5f489e307da.jpg,Pothole_Segmentation_YOLOv8/train/labels/pic-53-_jpg.rf.540025fd1af3f0c105d5a5f489e307da.txt,pic-53,train,640,640,False,True
pothole,Pothole_Segmentation_YOLOv8/train/images/pic-53-_jpg.rf.7815bad4623e4bb70645806ea5a77a47.jpg,Pothole_Segmentation_YOLOv8/train/labels/pic-53-_jpg.rf.7815bad4623e4bb70645806ea5a77a47.txt,pic-53,train,640,640,False,True
pothole,Pothole_Segmentation_YOLOv8/train/images/pic-54-_jpg.rf.7cc54c3290a15bece4443e1f76a5800c.jpg,Pothole_Segmentation_YOLOv8/train/labels/pic-54-_jpg.rf.7cc54c3290a15bece4443e1f76a5800c.txt,pic-54,train,640,640,False,True
pothole,Pothole_Segmentation_YOLOv8/train/images/pic-54-_jpg.rf.a5904fe5b078b76264e6bf4b9a026627.jpg,Pothole_Segmentation_YOLOv8/train/labels/pic-54-_jpg.rf.a5904fe5b078b76264e6bf4b9a026627.txt,pic-54,train,640,640,False,True
pothole,Pothole_Segmentation_YOLOv8/train/images/pic-54-_jpg.rf.f0c232122401c2974af21cab0c286439.jpg,Pothole_Segmentation_YOLOv8/train/labels/pic-54-_jpg.rf.f0c232122401c2974af21cab0c286439.txt,pic-54,train,640,640,False,True
pothole,Pothole_Segmentation_YOLOv8/train/images/pic-55-_jpg.rf.87cabcde97c75c9068793716694ef1c5.jpg,Pothole_Segmentation_YOLOv8/train/labels/pic-55-_jpg.rf.87cabcde97c75c9068793716694ef1c5.txt,pic-55,train,640,640,False,True
pothole,Pothole_Segmentation_YOLOv8/train/images/pic-55-_jpg.rf.ab51f5f29c2cabd3037a7f562d7c3a48.jpg,Pothole_Segmentation_YOLOv8/train/labels/pic-55-_jpg.rf.ab51f5f29c2cabd3037a7f562d7c3a48.txt,pic-55,train,640,640,False,True
pothole,Pothole_Segmentation_YOLOv8/train/images/pic-55-_jpg.rf.d55ddba83fd6401d17e234092ab2a378.jpg,Pothole_Segmentation_YOLOv8/train/labels/pic-55-_jpg.rf.d55ddba83fd6401d17e234092ab2a378.txt,pic-55,train,640,640,False,True
pothole,Pothole_Segmentation_YOLOv8/train/images/pic-56-_jpg.rf.18ade0de978aa6c6068402dd80642ccf.jpg,Pothole_Segmentation_YOLOv8/train/labels/pic-56-_jpg.rf.18ade0de978aa6c6068402dd80642ccf.txt,pic-56,train,640,640,False,True
pothole,Pothole_Segmentation_YOLOv8/train/images/pic-56-_jpg.rf.41ab69bbd0dab6a5f9693448b7cf2cd1.jpg,Pothole_Segmentation_YOLOv8/train/labels/pic-56-_jpg.rf.41ab69bbd0dab6a5f9693448b7cf2cd1.txt,pic-56,train,640,640,False,True
pothole,Pothole_Segmentation_YOLOv8/train/images/pic-56-_jpg.rf.8c8d4aebd0f2fb128a231b7b798bd669.jpg,Pothole_Segmentation_YOLOv8/train/labels/pic-56-_jpg.rf.8c8d4aebd0f2fb128a231b7b798bd669.txt,pic-56,train,640,640,False,True
pothole,Pothole_Segmentation_YOLOv8/train/images/pic-57-_jpg.rf.7d1b62f97cac4df979e6f394117d04d1.jpg,Pothole_Segmentation_YOLOv8/train/labels/pic-57-_jpg.rf.7d1b62f97cac4df979e6f394117d04d1.txt,pic-57,val,640,640,False,True
pothole,Pothole_Segmentation_YOLOv8/train/images/pic-57-_jpg.rf.935c3e2cd37b84d8f63043ca26ebb402.jpg,Pothole_Segmentation_YOLOv8/train/labels/pic-57-_jpg.rf.935c3e2cd37b84d8f63043ca26ebb402.txt,pic-57,val,640,640,False,True
pothole,Pothole_Segmentation_YOLOv8/train/images/pic-57-_jpg.rf.98eff15743815f755fd3722f3836c850.jpg,Pothole_Segmentation_YOLOv8/train/labels/pic-57-_jpg.rf.98eff15743815f755fd3722f3836c850.txt,pic-57,val,640,640,False,True
pothole,Pothole_Segmentation_YOLOv8/train/images/pic-59-_jpg.rf.6f4e81b1ca5d29168033fa69c92c6e24.jpg,Pothole_Segmentation_YOLOv8/train/labels/pic-59-_jpg.rf.6f4e81b1ca5d29168033fa69c92c6e24.txt,pic-59,train,640,640,False,True
pothole,Pothole_Segmentation_YOLOv8/train/images/pic-59-_jpg.rf.d3fc5f4680f6e28784c2f686b25736bd.jpg,Pothole_Segmentation_YOLOv8/train/labels/pic-59-_jpg.rf.d3fc5f4680f6e28784c2f686b25736bd.txt,pic-59,train,640,640,False,True
pothole,Pothole_Segmentation_YOLOv8/train/images/pic-59-_jpg.rf.e6834834f2f355ae4e8d55f881695099.jpg,Pothole_Segmentation_YOLOv8/train/labels/pic-59-_jpg.rf.e6834834f2f355ae4e8d55f881695099.txt,pic-59,train,640,640,False,True
pothole,Pothole_Segmentation_YOLOv8/train/images/pic-6-_jpg.rf.20fe5b2f0851cc97b06f4a9d68881330.jpg,Pothole_Segmentation_YOLOv8/train/labels/pic-6-_jpg.rf.20fe5b2f0851cc97b06f4a9d68881330.txt,pic-6,train,640,640,False,True
pothole,Pothole_Segmentation_YOLOv8/train/images/pic-6-_jpg.rf.cbd6e701a750684661efc0363bd607aa.jpg,Pothole_Segmentation_YOLOv8/train/labels/pic-6-_jpg.rf.cbd6e701a750684661efc0363bd607aa.txt,pic-6,train,640,640,False,True
pothole,Pothole_Segmentation_YOLOv8/train/images/pic-6-_jpg.rf.dcd3fa3c9b81035067fbcb5e4998db50.jpg,Pothole_Segmentation_YOLOv8/train/labels/pic-6-_jpg.rf.dcd3fa3c9b81035067fbcb5e4998db50.txt,pic-6,train,640,640,False,True
pothole,Pothole_Segmentation_YOLOv8/train/images/pic-62-_jpg.rf.7863aa2444a65c631e8af7c5b9ac8edb.jpg,Pothole_Segmentation_YOLOv8/train/labels/pic-62-_jpg.rf.7863aa2444a65c631e8af7c5b9ac8edb.txt,pic-62,train,640,640,False,True
pothole,Pothole_Segmentation_YOLOv8/train/images/pic-62-_jpg.rf.d2884b15285690c8542d7391ee04de10.jpg,Pothole_Segmentation_YOLOv8/train/labels/pic-62-_jpg.rf.d2884b15285690c8542d7391ee04de10.txt,pic-62,train,640,640,False,True
pothole,Pothole_Segmentation_YOLOv8/train/images/pic-62-_jpg.rf.d50db2cc8bb871fd0925592de1923193.jpg,Pothole_Segmentation_YOLOv8/train/labels/pic-62-_jpg.rf.d50db2cc8bb871fd0925592de1923193.txt,pic-62,train,640,640,False,True
pothole,Pothole_Segmentation_YOLOv8/train/images/pic-63-_jpg.rf.75d85a055ab217101c1e32000dd5826b.jpg,Pothole_Segmentation_YOLOv8/train/labels/pic-63-_jpg.rf.75d85a055ab217101c1e32000dd5826b.txt,pic-63,val,640,640,False,True
pothole,Pothole_Segmentation_YOLOv8/train/images/pic-63-_jpg.rf.81a9ac78e24a93573acdd933a0dd3b2a.jpg,Pothole_Segmentation_YOLOv8/train/labels/pic-63-_jpg.rf.81a9ac78e24a93573acdd933a0dd3b2a.txt,pic-63,val,640,640,False,True
pothole,Pothole_Segmentation_YOLOv8/train/images/pic-63-_jpg.rf.f4fd8956206d712c6b9964dfbfe1567e.jpg,Pothole_Segmentation_YOLOv8/train/labels/pic-63-_jpg.rf.f4fd8956206d712c6b9964dfbfe1567e.txt,pic-63,val,640,640,False,True
pothole,Pothole_Segmentation_YOLOv8/train/images/pic-64-_jpg.rf.2c59f391b25c97761914413f17802e9d.jpg,Pothole_Segmentation_YOLOv8/train/labels/pic-64-_jpg.rf.2c59f391b25c97761914413f17802e9d.txt,pic-64,train,640,640,False,True
pothole,Pothole_Segmentation_YOLOv8/train/images/pic-64-_jpg.rf.5a0e8d02278b5430fa7bd514f437f041.jpg,Pothole_Segmentation_YOLOv8/train/labels/pic-64-_jpg.rf.5a0e8d02278b5430fa7bd514f437f041.txt,pic-64,train,640,640,False,True
pothole,Pothole_Segmentation_YOLOv8/train/images/pic-64-_jpg.rf.9d88ef6a6cc16ef8eec9b1688a9d598e.jpg,Pothole_Segmentation_YOLOv8/train/labels/pic-64-_jpg.rf.9d88ef6a6cc16ef8eec9b1688a9d598e.txt,pic-64,train,640,640,False,True
pothole,Pothole_Segmentation_YOLOv8/train/images/pic-65-_jpg.rf.7fa7e133ba0c2210d5075b0795e6815d.jpg,Pothole_Segmentation_YOLOv8/train/labels/pic-65-_jpg.rf.7fa7e133ba0c2210d5075b0795e6815d.txt,pic-65,train,640,640,False,True
pothole,Pothole_Segmentation_YOLOv8/train/images/pic-65-_jpg.rf.be4b7862a50c7fd0105a6a47ea0f48b9.jpg,Pothole_Segmentation_YOLOv8/train/labels/pic-65-_jpg.rf.be4b7862a50c7fd0105a6a47ea0f48b9.txt,pic-65,train,640,640,False,True
pothole,Pothole_Segmentation_YOLOv8/train/images/pic-65-_jpg.rf.e602ed35d690902722b26561dd3f9684.jpg,Pothole_Segmentation_YOLOv8/train/labels/pic-65-_jpg.rf.e602ed35d690902722b26561dd3f9684.txt,pic-65,train,640,640,False,True
pothole,Pothole_Segmentation_YOLOv8/train/images/pic-66-_jpg.rf.2025b0c631dbf0d3277e7d8f95bbf6e8.jpg,Pothole_Segmentation_YOLOv8/train/labels/pic-66-_jpg.rf.2025b0c631dbf0d3277e7d8f95bbf6e8.txt,pic-66,val,640,640,False,True
pothole,Pothole_Segmentation_YOLOv8/train/images/pic-66-_jpg.rf.2d3138a80a414a75ab0117408153227b.jpg,Pothole_Segmentation_YOLOv8/train/labels/pic-66-_jpg.rf.2d3138a80a414a75ab0117408153227b.txt,pic-66,val,640,640,False,True
pothole,Pothole_Segmentation_YOLOv8/train/images/pic-66-_jpg.rf.ad992ba43ecdd6892307c96e01da1afa.jpg,Pothole_Segmentation_YOLOv8/train/labels/pic-66-_jpg.rf.ad992ba43ecdd6892307c96e01da1afa.txt,pic-66,val,640,640,False,True
pothole,Pothole_Segmentation_YOLOv8/train/images/pic-68-_jpg.rf.20cbf511ac305a699cd432846cbb264f.jpg,Pothole_Segmentation_YOLOv8/train/labels/pic-68-_jpg.rf.20cbf511ac305a699cd432846cbb264f.txt,pic-68,train,640,640,False,True
pothole,Pothole_Segmentation_YOLOv8/train/images/pic-68-_jpg.rf.23e729ce0e5380e419377888f247b0ec.jpg,Pothole_Segmentation_YOLOv8/train/labels/pic-68-_jpg.rf.23e729ce0e5380e419377888f247b0ec.txt,pic-68,train,640,640,False,True
pothole,Pothole_Segmentation_YOLOv8/train/images/pic-68-_jpg.rf.6d010af44edfa998adc338038f167ac6.jpg,Pothole_Segmentation_YOLOv8/train/labels/pic-68-_jpg.rf.6d010af44edfa998adc338038f167ac6.txt,pic-68,train,640,640,False,True
pothole,Pothole_Segmentation_YOLOv8/train/images/pic-7-_jpg.rf.65c5742cced68822528a322492f2652d.jpg,Pothole_Segmentation_YOLOv8/train/labels/pic-7-_jpg.rf.65c5742cced68822528a322492f2652d.txt,pic-7,train,640,640,False,True
pothole,Pothole_Segmentation_YOLOv8/train/images/pic-7-_jpg.rf.7400b47430ca61631409d5ec433fbf79.jpg,Pothole_Segmentation_YOLOv8/train/labels/pic-7-_jpg.rf.7400b47430ca61631409d5ec433fbf79.txt,pic-7,train,640,640,False,True
pothole,Pothole_Segmentation_YOLOv8/train/images/pic-7-_jpg.rf.75ec4611f8576a0f7706a3767986d5fa.jpg,Pothole_Segmentation_YOLOv8/train/labels/pic-7-_jpg.rf.75ec4611f8576a0f7706a3767986d5fa.txt,pic-7,train,640,640,False,True
pothole,Pothole_Segmentation_YOLOv8/train/images/pic-70-_jpg.rf.3fa842cfa55b39d094c6e4be45aaf994.jpg,Pothole_Segmentation_YOLOv8/train/labels/pic-70-_jpg.rf.3fa842cfa55b39d094c6e4be45aaf994.txt,pic-70,train,640,640,False,True
pothole,Pothole_Segmentation_YOLOv8/train/images/pic-70-_jpg.rf.4bee9afd2a93c4eec1a251f641521c4c.jpg,Pothole_Segmentation_YOLOv8/train/labels/pic-70-_jpg.rf.4bee9afd2a93c4eec1a251f641521c4c.txt,pic-70,train,640,640,False,True
pothole,Pothole_Segmentation_YOLOv8/train/images/pic-70-_jpg.rf.be12246c53c37bcff9d671a1052b23bb.jpg,Pothole_Segmentation_YOLOv8/train/labels/pic-70-_jpg.rf.be12246c53c37bcff9d671a1052b23bb.txt,pic-70,train,640,640,False,True
pothole,Pothole_Segmentation_YOLOv8/train/images/pic-71-_jpg.rf.0f9bcdab2065fee694fefca6af561329.jpg,Pothole_Segmentation_YOLOv8/train/labels/pic-71-_jpg.rf.0f9bcdab2065fee694fefca6af561329.txt,pic-71,train,640,640,False,True
pothole,Pothole_Segmentation_YOLOv8/train/images/pic-71-_jpg.rf.c09149434e1578a21379b1ec049c97e2.jpg,Pothole_Segmentation_YOLOv8/train/labels/pic-71-_jpg.rf.c09149434e1578a21379b1ec049c97e2.txt,pic-71,train,640,640,False,True
pothole,Pothole_Segmentation_YOLOv8/train/images/pic-71-_jpg.rf.dd6b8e67c19a5c53bb6f91b55e593a13.jpg,Pothole_Segmentation_YOLOv8/train/labels/pic-71-_jpg.rf.dd6b8e67c19a5c53bb6f91b55e593a13.txt,pic-71,train,640,640,False,True
pothole,Pothole_Segmentation_YOLOv8/train/images/pic-73-_jpg.rf.00116918149ac51697ae5249644ef144.jpg,Pothole_Segmentation_YOLOv8/train/labels/pic-73-_jpg.rf.00116918149ac51697ae5249644ef144.txt,pic-73,train,640,640,False,True
pothole,Pothole_Segmentation_YOLOv8/train/images/pic-73-_jpg.rf.08280c0eeb6772c510479ba1a84a6778.jpg,Pothole_Segmentation_YOLOv8/train/labels/pic-73-_jpg.rf.08280c0eeb6772c510479ba1a84a6778.txt,pic-73,train,640,640,False,True
pothole,Pothole_Segmentation_YOLOv8/train/images/pic-73-_jpg.rf.30b9fb02402e11d9d73579c9c007e6f1.jpg,Pothole_Segmentation_YOLOv8/train/labels/pic-73-_jpg.rf.30b9fb02402e11d9d73579c9c007e6f1.txt,pic-73,train,640,640,False,True
pothole,Pothole_Segmentation_YOLOv8/train/images/pic-74-_jpg.rf.16da87d5105f997141b5538f74203204.jpg,Pothole_Segmentation_YOLOv8/train/labels/pic-74-_jpg.rf.16da87d5105f997141b5538f74203204.txt,pic-74,train,640,640,False,True
pothole,Pothole_Segmentation_YOLOv8/train/images/pic-74-_jpg.rf.4599969de001cd1935d28ed812d1dd90.jpg,Pothole_Segmentation_YOLOv8/train/labels/pic-74-_jpg.rf.4599969de001cd1935d28ed812d1dd90.txt,pic-74,train,640,640,False,True
pothole,Pothole_Segmentation_YOLOv8/train/images/pic-74-_jpg.rf.753bab7893e8644b71fea76010278698.jpg,Pothole_Segmentation_YOLOv8/train/labels/pic-74-_jpg.rf.753bab7893e8644b71fea76010278698.txt,pic-74,train,640,640,False,True
pothole,Pothole_Segmentation_YOLOv8/train/images/pic-75-_jpg.rf.01e2ff81bb8754692afe9b2bb2fda48a.jpg,Pothole_Segmentation_YOLOv8/train/labels/pic-75-_jpg.rf.01e2ff81bb8754692afe9b2bb2fda48a.txt,pic-75,train,640,640,False,True
pothole,Pothole_Segmentation_YOLOv8/train/images/pic-75-_jpg.rf.a4fb54bd2e21373bc7b34ffadb02d9eb.jpg,Pothole_Segmentation_YOLOv8/train/labels/pic-75-_jpg.rf.a4fb54bd2e21373bc7b34ffadb02d9eb.txt,pic-75,train,640,640,False,True
pothole,Pothole_Segmentation_YOLOv8/train/images/pic-75-_jpg.rf.f73e19df2feadf86dbc38f4eb690d204.jpg,Pothole_Segmentation_YOLOv8/train/labels/pic-75-_jpg.rf.f73e19df2feadf86dbc38f4eb690d204.txt,pic-75,train,640,640,False,True
pothole,Pothole_Segmentation_YOLOv8/train/images/pic-76-_jpg.rf.3908b60fc10504b5de5ceb2ba0cddcb1.jpg,Pothole_Segmentation_YOLOv8/train/labels/pic-76-_jpg.rf.3908b60fc10504b5de5ceb2ba0cddcb1.txt,pic-76,train,640,640,False,True
pothole,Pothole_Segmentation_YOLOv8/train/images/pic-76-_jpg.rf.4062413067c04acc387e651210b12921.jpg,Pothole_Segmentation_YOLOv8/train/labels/pic-76-_jpg.rf.4062413067c04acc387e651210b12921.txt,pic-76,train,640,640,False,True
pothole,Pothole_Segmentation_YOLOv8/train/images/pic-76-_jpg.rf.72e4e540e160870c4756c500e80e40b1.jpg,Pothole_Segmentation_YOLOv8/train/labels/pic-76-_jpg.rf.72e4e540e160870c4756c500e80e40b1.txt,pic-76,train,640,640,False,True
pothole,Pothole_Segmentation_YOLOv8/train/images/pic-77-_jpg.rf.5d2577e0f9e471d4b9dcfce00a96d034.jpg,Pothole_Segmentation_YOLOv8/train/labels/pic-77-_jpg.rf.5d2577e0f9e471d4b9dcfce00a96d034.txt,pic-77,train,640,640,False,True
pothole,Pothole_Segmentation_YOLOv8/train/images/pic-77-_jpg.rf.61a63f92522c3558c8dc33ecae183ed2.jpg,Pothole_Segmentation_YOLOv8/train/labels/pic-77-_jpg.rf.61a63f92522c3558c8dc33ecae183ed2.txt,pic-77,train,640,640,False,True
pothole,Pothole_Segmentation_YOLOv8/train/images/pic-77-_jpg.rf.83c80a807ca47eb0192cb129ebc8cb41.jpg,Pothole_Segmentation_YOLOv8/train/labels/pic-77-_jpg.rf.83c80a807ca47eb0192cb129ebc8cb41.txt,pic-77,train,640,640,False,True
pothole,Pothole_Segmentation_YOLOv8/train/images/pic-78-_jpg.rf.51b8d15858f724437e1ce83b1f7a76a0.jpg,Pothole_Segmentation_YOLOv8/train/labels/pic-78-_jpg.rf.51b8d15858f724437e1ce83b1f7a76a0.txt,pic-78,train,640,640,False,True
pothole,Pothole_Segmentation_YOLOv8/train/images/pic-78-_jpg.rf.6e55ada23b1148608d6daddc7d6d7e27.jpg,Pothole_Segmentation_YOLOv8/train/labels/pic-78-_jpg.rf.6e55ada23b1148608d6daddc7d6d7e27.txt,pic-78,train,640,640,False,True
pothole,Pothole_Segmentation_YOLOv8/train/images/pic-78-_jpg.rf.a51a0e1d7624e72d7257934cefd3d410.jpg,Pothole_Segmentation_YOLOv8/train/labels/pic-78-_jpg.rf.a51a0e1d7624e72d7257934cefd3d410.txt,pic-78,train,640,640,False,True
pothole,Pothole_Segmentation_YOLOv8/train/images/pic-79-_jpg.rf.b8083f42dac8ce2a5d303479dc967792.jpg,Pothole_Segmentation_YOLOv8/train/labels/pic-79-_jpg.rf.b8083f42dac8ce2a5d303479dc967792.txt,pic-79,train,640,640,False,True
pothole,Pothole_Segmentation_YOLOv8/train/images/pic-79-_jpg.rf.be47d8798d6f806389366b2c6e3a3dd1.jpg,Pothole_Segmentation_YOLOv8/train/labels/pic-79-_jpg.rf.be47d8798d6f806389366b2c6e3a3dd1.txt,pic-79,train,640,640,False,True
pothole,Pothole_Segmentation_YOLOv8/train/images/pic-79-_jpg.rf.fa63c47cf0aa776aec75efb4df84f724.jpg,Pothole_Segmentation_YOLOv8/train/labels/pic-79-_jpg.rf.fa63c47cf0aa776aec75efb4df84f724.txt,pic-79,train,640,640,False,True
pothole,Pothole_Segmentation_YOLOv8/train/images/pic-8-_jpg.rf.22de640e2560bddb13ff49abfccbc8d6.jpg,Pothole_Segmentation_YOLOv8/train/labels/pic-8-_jpg.rf.22de640e2560bddb13ff49abfccbc8d6.txt,pic-8,train,640,640,False,True
pothole,Pothole_Segmentation_YOLOv8/train/images/pic-8-_jpg.rf.b4762871ab415292cd35f6ee6e2059a5.jpg,Pothole_Segmentation_YOLOv8/train/labels/pic-8-_jpg.rf.b4762871ab415292cd35f6ee6e2059a5.txt,pic-8,train,640,640,False,True
pothole,Pothole_Segmentation_YOLOv8/train/images/pic-8-_jpg.rf.f2cd6b29cbaf9efb1f836b4c78aca3f9.jpg,Pothole_Segmentation_YOLOv8/train/labels/pic-8-_jpg.rf.f2cd6b29cbaf9efb1f836b4c78aca3f9.txt,pic-8,train,640,640,False,True
pothole,Pothole_Segmentation_YOLOv8/train/images/pic-80-_jpg.rf.8988aa50fb872401bc29ab7830281e22.jpg,Pothole_Segmentation_YOLOv8/train/labels/pic-80-_jpg.rf.8988aa50fb872401bc29ab7830281e22.txt,pic-80,val,640,640,False,True
pothole,Pothole_Segmentation_YOLOv8/train/images/pic-80-_jpg.rf.d08231a7b3ed0079786a5cc588acb6a8.jpg,Pothole_Segmentation_YOLOv8/train/labels/pic-80-_jpg.rf.d08231a7b3ed0079786a5cc588acb6a8.txt,pic-80,val,640,640,False,True
pothole,Pothole_Segmentation_YOLOv8/train/images/pic-80-_jpg.rf.e5fc6c140371201fb051fc7100769b0b.jpg,Pothole_Segmentation_YOLOv8/train/labels/pic-80-_jpg.rf.e5fc6c140371201fb051fc7100769b0b.txt,pic-80,val,640,640,False,True
pothole,Pothole_Segmentation_YOLOv8/train/images/pic-81-_jpg.rf.2c871f142112a2de4e78f5730d77bf73.jpg,Pothole_Segmentation_YOLOv8/train/labels/pic-81-_jpg.rf.2c871f142112a2de4e78f5730d77bf73.txt,pic-81,train,640,640,False,True
pothole,Pothole_Segmentation_YOLOv8/train/images/pic-81-_jpg.rf.682981671ea574a72479e1763164f07b.jpg,Pothole_Segmentation_YOLOv8/train/labels/pic-81-_jpg.rf.682981671ea574a72479e1763164f07b.txt,pic-81,train,640,640,False,True
pothole,Pothole_Segmentation_YOLOv8/train/images/pic-81-_jpg.rf.f826102d59ca692fc6a7cd93131a448e.jpg,Pothole_Segmentation_YOLOv8/train/labels/pic-81-_jpg.rf.f826102d59ca692fc6a7cd93131a448e.txt,pic-81,train,640,640,False,True
pothole,Pothole_Segmentation_YOLOv8/train/images/pic-82-_jpg.rf.24e5bbbd60206e18fc16880bfeaad9aa.jpg,Pothole_Segmentation_YOLOv8/train/labels/pic-82-_jpg.rf.24e5bbbd60206e18fc16880bfeaad9aa.txt,pic-82,train,640,640,False,True
pothole,Pothole_Segmentation_YOLOv8/train/images/pic-82-_jpg.rf.96fb5070300f4d0838ba9d84df193cb3.jpg,Pothole_Segmentation_YOLOv8/train/labels/pic-82-_jpg.rf.96fb5070300f4d0838ba9d84df193cb3.txt,pic-82,train,640,640,False,True
pothole,Pothole_Segmentation_YOLOv8/train/images/pic-82-_jpg.rf.cdb1fbbb88686147ca6fd7393e9a1053.jpg,Pothole_Segmentation_YOLOv8/train/labels/pic-82-_jpg.rf.cdb1fbbb88686147ca6fd7393e9a1053.txt,pic-82,train,640,640,False,True
pothole,Pothole_Segmentation_YOLOv8/train/images/pic-83-_jpg.rf.6067035f09c5b1b4a82debfac50b8b68.jpg,Pothole_Segmentation_YOLOv8/train/labels/pic-83-_jpg.rf.6067035f09c5b1b4a82debfac50b8b68.txt,pic-83,train,640,640,False,True
pothole,Pothole_Segmentation_YOLOv8/train/images/pic-83-_jpg.rf.658f94a0e7d008ff38e85a627d6f699e.jpg,Pothole_Segmentation_YOLOv8/train/labels/pic-83-_jpg.rf.658f94a0e7d008ff38e85a627d6f699e.txt,pic-83,train,640,640,False,True
pothole,Pothole_Segmentation_YOLOv8/train/images/pic-83-_jpg.rf.8d1e38d4c07d51717c500ae1145d7108.jpg,Pothole_Segmentation_YOLOv8/train/labels/pic-83-_jpg.rf.8d1e38d4c07d51717c500ae1145d7108.txt,pic-83,train,640,640,False,True
pothole,Pothole_Segmentation_YOLOv8/train/images/pic-84-_jpg.rf.79ea02211ed732335af4650b0977b9ad.jpg,Pothole_Segmentation_YOLOv8/train/labels/pic-84-_jpg.rf.79ea02211ed732335af4650b0977b9ad.txt,pic-84,train,640,640,False,True
pothole,Pothole_Segmentation_YOLOv8/train/images/pic-84-_jpg.rf.875df442d5750a19dce18e532e06b8fe.jpg,Pothole_Segmentation_YOLOv8/train/labels/pic-84-_jpg.rf.875df442d5750a19dce18e532e06b8fe.txt,pic-84,train,640,640,False,True
pothole,Pothole_Segmentation_YOLOv8/train/images/pic-84-_jpg.rf.f2555c00b7ca574dd2f6b119f2849651.jpg,Pothole_Segmentation_YOLOv8/train/labels/pic-84-_jpg.rf.f2555c00b7ca574dd2f6b119f2849651.txt,pic-84,train,640,640,False,True
pothole,Pothole_Segmentation_YOLOv8/train/images/pic-85-_jpg.rf.02b3ed7783bfa794dcb56d483821c20c.jpg,Pothole_Segmentation_YOLOv8/train/labels/pic-85-_jpg.rf.02b3ed7783bfa794dcb56d483821c20c.txt,pic-85,train,640,640,False,True
pothole,Pothole_Segmentation_YOLOv8/train/images/pic-85-_jpg.rf.a64446b223ce0bba88626d3b9688cb5f.jpg,Pothole_Segmentation_YOLOv8/train/labels/pic-85-_jpg.rf.a64446b223ce0bba88626d3b9688cb5f.txt,pic-85,train,640,640,False,True
pothole,Pothole_Segmentation_YOLOv8/train/images/pic-85-_jpg.rf.c5fc2aff67696bb00ec93f0e00d6b41d.jpg,Pothole_Segmentation_YOLOv8/train/labels/pic-85-_jpg.rf.c5fc2aff67696bb00ec93f0e00d6b41d.txt,pic-85,train,640,640,False,True
pothole,Pothole_Segmentation_YOLOv8/train/images/pic-86-_jpg.rf.6ba43a8fea8b523c5647b5148ccc4c48.jpg,Pothole_Segmentation_YOLOv8/train/labels/pic-86-_jpg.rf.6ba43a8fea8b523c5647b5148ccc4c48.txt,pic-86,val,640,640,False,True
pothole,Pothole_Segmentation_YOLOv8/train/images/pic-86-_jpg.rf.c7c369033df047926786fd0bbc131cf5.jpg,Pothole_Segmentation_YOLOv8/train/labels/pic-86-_jpg.rf.c7c369033df047926786fd0bbc131cf5.txt,pic-86,val,640,640,False,True
pothole,Pothole_Segmentation_YOLOv8/train/images/pic-86-_jpg.rf.fe15af9f424efc111e4bab1ead9b76cc.jpg,Pothole_Segmentation_YOLOv8/train/labels/pic-86-_jpg.rf.fe15af9f424efc111e4bab1ead9b76cc.txt,pic-86,val,640,640,False,True
pothole,Pothole_Segmentation_YOLOv8/train/images/pic-87-_jpg.rf.071c1cfadf7d9959341091d7c27f0caa.jpg,Pothole_Segmentation_YOLOv8/train/labels/pic-87-_jpg.rf.071c1cfadf7d9959341091d7c27f0caa.txt,pic-87,train,640,640,False,True
pothole,Pothole_Segmentation_YOLOv8/train/images/pic-87-_jpg.rf.9c686985ca1aaf482818536bad3a52d2.jpg,Pothole_Segmentation_YOLOv8/train/labels/pic-87-_jpg.rf.9c686985ca1aaf482818536bad3a52d2.txt,pic-87,train,640,640,False,True
pothole,Pothole_Segmentation_YOLOv8/train/images/pic-87-_jpg.rf.f695dc4e18d8786274de900672c1e629.jpg,Pothole_Segmentation_YOLOv8/train/labels/pic-87-_jpg.rf.f695dc4e18d8786274de900672c1e629.txt,pic-87,train,640,640,False,True
pothole,Pothole_Segmentation_YOLOv8/train/images/pic-89-_jpg.rf.280b8654e1d942e9843333a4a630a473.jpg,Pothole_Segmentation_YOLOv8/train/labels/pic-89-_jpg.rf.280b8654e1d942e9843333a4a630a473.txt,pic-89,train,640,640,False,True
pothole,Pothole_Segmentation_YOLOv8/train/images/pic-89-_jpg.rf.88d2db98329fc9ad290d1f559d3c8c76.jpg,Pothole_Segmentation_YOLOv8/train/labels/pic-89-_jpg.rf.88d2db98329fc9ad290d1f559d3c8c76.txt,pic-89,train,640,640,False,True
pothole,Pothole_Segmentation_YOLOv8/train/images/pic-89-_jpg.rf.f60ba1af20cc526575b9ddab3e79052d.jpg,Pothole_Segmentation_YOLOv8/train/labels/pic-89-_jpg.rf.f60ba1af20cc526575b9ddab3e79052d.txt,pic-89,train,640,640,False,True
pothole,Pothole_Segmentation_YOLOv8/train/images/pic-9-_jpg.rf.06f81aab8edc8a1beb3269f379c8e4a8.jpg,Pothole_Segmentation_YOLOv8/train/labels/pic-9-_jpg.rf.06f81aab8edc8a1beb3269f379c8e4a8.txt,pic-9,val,640,640,False,True
pothole,Pothole_Segmentation_YOLOv8/train/images/pic-9-_jpg.rf.10d9db0c8fac4eb5b01de9fc71dd19da.jpg,Pothole_Segmentation_YOLOv8/train/labels/pic-9-_jpg.rf.10d9db0c8fac4eb5b01de9fc71dd19da.txt,pic-9,val,640,640,False,True
pothole,Pothole_Segmentation_YOLOv8/train/images/pic-9-_jpg.rf.62204b022d0e43f1804769f4fc142c28.jpg,Pothole_Segmentation_YOLOv8/train/labels/pic-9-_jpg.rf.62204b022d0e43f1804769f4fc142c28.txt,pic-9,val,640,640,False,True
pothole,Pothole_Segmentation_YOLOv8/train/images/pic-90-_jpg.rf.240ef6f5fe43b76b41bda46a16cb5718.jpg,Pothole_Segmentation_YOLOv8/train/labels/pic-90-_jpg.rf.240ef6f5fe43b76b41bda46a16cb5718.txt,pic-90,train,640,640,False,True
pothole,Pothole_Segmentation_YOLOv8/train/images/pic-90-_jpg.rf.9b8c41e2268c9abdc95c18b3567fb764.jpg,Pothole_Segmentation_YOLOv8/train/labels/pic-90-_jpg.rf.9b8c41e2268c9abdc95c18b3567fb764.txt,pic-90,train,640,640,False,True
pothole,Pothole_Segmentation_YOLOv8/train/images/pic-90-_jpg.rf.f684f3079bfb74c1078e8f8dc7e6fd35.jpg,Pothole_Segmentation_YOLOv8/train/labels/pic-90-_jpg.rf.f684f3079bfb74c1078e8f8dc7e6fd35.txt,pic-90,train,640,640,False,True
pothole,Pothole_Segmentation_YOLOv8/train/images/pic-91-_jpg.rf.d4d38cce067db39408794242a91f0efa.jpg,Pothole_Segmentation_YOLOv8/train/labels/pic-91-_jpg.rf.d4d38cce067db39408794242a91f0efa.txt,pic-91,val,640,640,False,True
pothole,Pothole_Segmentation_YOLOv8/train/images/pic-91-_jpg.rf.d541de11cd8503ce68f73abd1fb02717.jpg,Pothole_Segmentation_YOLOv8/train/labels/pic-91-_jpg.rf.d541de11cd8503ce68f73abd1fb02717.txt,pic-91,val,640,640,False,True
pothole,Pothole_Segmentation_YOLOv8/train/images/pic-91-_jpg.rf.fdcc03fa51403644168dfca373c9ee0c.jpg,Pothole_Segmentation_YOLOv8/train/labels/pic-91-_jpg.rf.fdcc03fa51403644168dfca373c9ee0c.txt,pic-91,val,640,640,False,True
pothole,Pothole_Segmentation_YOLOv8/train/images/pic-92-_jpg.rf.453e3b0d19f45cc3adda8b6c2fd35f78.jpg,Pothole_Segmentation_YOLOv8/train/labels/pic-92-_jpg.rf.453e3b0d19f45cc3adda8b6c2fd35f78.txt,pic-92,train,640,640,False,True
pothole,Pothole_Segmentation_YOLOv8/train/images/pic-92-_jpg.rf.495b1e2e681aaf8bd9ec84f29044ff68.jpg,Pothole_Segmentation_YOLOv8/train/labels/pic-92-_jpg.rf.495b1e2e681aaf8bd9ec84f29044ff68.txt,pic-92,train,640,640,False,True
pothole,Pothole_Segmentation_YOLOv8/train/images/pic-92-_jpg.rf.f3247194c884aec0a806958acbda7b38.jpg,Pothole_Segmentation_YOLOv8/train/labels/pic-92-_jpg.rf.f3247194c884aec0a806958acbda7b38.txt,pic-92,train,640,640,False,True
pothole,Pothole_Segmentation_YOLOv8/train/images/pic-93-_jpg.rf.13ed0023300da63a2f33a803df745530.jpg,Pothole_Segmentation_YOLOv8/train/labels/pic-93-_jpg.rf.13ed0023300da63a2f33a803df745530.txt,pic-93,train,640,640,False,True
pothole,Pothole_Segmentation_YOLOv8/train/images/pic-93-_jpg.rf.7a97c10314fb3e87620c30001a1ebda8.jpg,Pothole_Segmentation_YOLOv8/train/labels/pic-93-_jpg.rf.7a97c10314fb3e87620c30001a1ebda8.txt,pic-93,train,640,640,False,True
pothole,Pothole_Segmentation_YOLOv8/train/images/pic-93-_jpg.rf.d1fd0f49bc38e1f7395f550a40ffda27.jpg,Pothole_Segmentation_YOLOv8/train/labels/pic-93-_jpg.rf.d1fd0f49bc38e1f7395f550a40ffda27.txt,pic-93,train,640,640,False,True
pothole,Pothole_Segmentation_YOLOv8/train/images/pic-94-_jpg.rf.2aabac75e10d9308647adbe3285a5498.jpg,Pothole_Segmentation_YOLOv8/train/labels/pic-94-_jpg.rf.2aabac75e10d9308647adbe3285a5498.txt,pic-94,train,640,640,False,True
pothole,Pothole_Segmentation_YOLOv8/train/images/pic-94-_jpg.rf.385cffc613c080827eaa7d1176be5ae3.jpg,Pothole_Segmentation_YOLOv8/train/labels/pic-94-_jpg.rf.385cffc613c080827eaa7d1176be5ae3.txt,pic-94,train,640,640,False,True
pothole,Pothole_Segmentation_YOLOv8/train/images/pic-94-_jpg.rf.ba3925642e2ccb4869665efacd0c7649.jpg,Pothole_Segmentation_YOLOv8/train/labels/pic-94-_jpg.rf.ba3925642e2ccb4869665efacd0c7649.txt,pic-94,train,640,640,False,True
pothole,Pothole_Segmentation_YOLOv8/train/images/pic-96-_jpg.rf.24d21cef4cfb4d0f7bd6bcc6bc047d4c.jpg,Pothole_Segmentation_YOLOv8/train/labels/pic-96-_jpg.rf.24d21cef4cfb4d0f7bd6bcc6bc047d4c.txt,pic-96,train,640,640,False,True
pothole,Pothole_Segmentation_YOLOv8/train/images/pic-96-_jpg.rf.462bc937bdab51c156a191ebd1cfc9c2.jpg,Pothole_Segmentation_YOLOv8/train/labels/pic-96-_jpg.rf.462bc937bdab51c156a191ebd1cfc9c2.txt,pic-96,train,640,640,False,True
pothole,Pothole_Segmentation_YOLOv8/train/images/pic-96-_jpg.rf.de1c39ae1a6f184297eac1814e66ca80.jpg,Pothole_Segmentation_YOLOv8/train/labels/pic-96-_jpg.rf.de1c39ae1a6f184297eac1814e66ca80.txt,pic-96,train,640,640,False,True
pothole,Pothole_Segmentation_YOLOv8/train/images/pic-97-_jpg.rf.405aad85024f81d93922f28864ca1554.jpg,Pothole_Segmentation_YOLOv8/train/labels/pic-97-_jpg.rf.405aad85024f81d93922f28864ca1554.txt,pic-97,train,640,640,False,True
pothole,Pothole_Segmentation_YOLOv8/train/images/pic-97-_jpg.rf.5fdb2665d8114a571692b42b87a9da50.jpg,Pothole_Segmentation_YOLOv8/train/labels/pic-97-_jpg.rf.5fdb2665d8114a571692b42b87a9da50.txt,pic-97,train,640,640,False,True
pothole,Pothole_Segmentation_YOLOv8/train/images/pic-97-_jpg.rf.f126b87cc73c733f34169b87ffbe0a52.jpg,Pothole_Segmentation_YOLOv8/train/labels/pic-97-_jpg.rf.f126b87cc73c733f34169b87ffbe0a52.txt,pic-97,train,640,640,False,True
pothole,Pothole_Segmentation_YOLOv8/train/images/pic-98-_jpg.rf.87c1a2590b120c4cb812f9702e6bc851.jpg,Pothole_Segmentation_YOLOv8/train/labels/pic-98-_jpg.rf.87c1a2590b120c4cb812f9702e6bc851.txt,pic-98,val,640,640,False,True
pothole,Pothole_Segmentation_YOLOv8/train/images/pic-98-_jpg.rf.9f186514621bd6868261aefd8bd19a66.jpg,Pothole_Segmentation_YOLOv8/train/labels/pic-98-_jpg.rf.9f186514621bd6868261aefd8bd19a66.txt,pic-98,val,640,640,False,True
pothole,Pothole_Segmentation_YOLOv8/train/images/pic-98-_jpg.rf.b2a2cf125087b692dbc9ea11ae97ddd4.jpg,Pothole_Segmentation_YOLOv8/train/labels/pic-98-_jpg.rf.b2a2cf125087b692dbc9ea11ae97ddd4.txt,pic-98,val,640,640,False,True
road_crack,road crack dataset semantic/valid/road_1041_6_jpg.rf.3ecf39925e0966993a03c2edb50d59d6.jpg,road crack dataset semantic/valid/road_1041_6_jpg.rf.3ecf39925e0966993a03c2edb50d59d6_mask.png,road_1041,train,640,640,True,False
road_crack,road crack dataset semantic/valid/road_1041_2_jpg.rf.5627a185606062a117ad8e9f15e4b4d4.jpg,road crack dataset semantic/valid/road_1041_2_jpg.rf.5627a185606062a117ad8e9f15e4b4d4_mask.png,road_1041,train,640,640,True,False
road_crack,road crack dataset semantic/valid/road_1041_6_jpg.rf.30384a866da250d7b24a44fdb64f7964.jpg,road crack dataset semantic/valid/road_1041_6_jpg.rf.30384a866da250d7b24a44fdb64f7964_mask.png,road_1041,train,640,640,True,False
road_crack,road crack dataset semantic/valid/road_1041_7_jpg.rf.19b8c9e069d5e9fa0b1da8818748ba2f.jpg,road crack dataset semantic/valid/road_1041_7_jpg.rf.19b8c9e069d5e9fa0b1da8818748ba2f_mask.png,road_1041,train,640,640,True,False
road_crack,road crack dataset semantic/valid/road_1041_6_jpg.rf.90e21893aba6099b863f9dc96d454165.jpg,road crack dataset semantic/valid/road_1041_6_jpg.rf.90e21893aba6099b863f9dc96d454165_mask.png,road_1041,train,640,640,True,False
road_crack,road crack dataset semantic/valid/road_1041_5_jpg.rf.e508542ea646ce1ca5677c4d5e4f37a5.jpg,road crack dataset semantic/valid/road_1041_5_jpg.rf.e508542ea646ce1ca5677c4d5e4f37a5_mask.png,road_1041,train,640,640,True,False
road_crack,road crack dataset semantic/valid/road_1041_2_jpg.rf.977ae827314a48c899cae52c7df8387c.jpg,road crack dataset semantic/valid/road_1041_2_jpg.rf.977ae827314a48c899cae52c7df8387c_mask.png,road_1041,train,640,640,True,False
road_crack,road crack dataset semantic/valid/road_1041_2_jpg.rf.ddc674d5adcec47b3b5deb6550ca55fd.jpg,road crack dataset semantic/valid/road_1041_2_jpg.rf.ddc674d5adcec47b3b5deb6550ca55fd_mask.png,road_1041,train,640,640,True,False
road_crack,road crack dataset semantic/valid/road_1041_7_jpg.rf.3b3f4e8690d0a06a0a059e0b7fa7e584.jpg,road crack dataset semantic/valid/road_1041_7_jpg.rf.3b3f4e8690d0a06a0a059e0b7fa7e584_mask.png,road_1041,train,640,640,True,False
road_crack,road crack dataset semantic/valid/road_1041_7_jpg.rf.ac8ad5aec2f0f07a878cdfc993385d57.jpg,road crack dataset semantic/valid/road_1041_7_jpg.rf.ac8ad5aec2f0f07a878cdfc993385d57_mask.png,road_1041,train,640,640,True,False
road_crack,road crack dataset semantic/valid/road_1041_5_jpg.rf.97f3667e64464ed0f66a375c82edfdf9.jpg,road crack dataset semantic/valid/road_1041_5_jpg.rf.97f3667e64464ed0f66a375c82edfdf9_mask.png,road_1041,train,640,640,True,False
road_crack,road crack dataset semantic/valid/road_1041_5_jpg.rf.4ef7d022bd5feef3361c55056263f8f1.jpg,road crack dataset semantic/valid/road_1041_5_jpg.rf.4ef7d022bd5feef3361c55056263f8f1_mask.png,road_1041,train,640,640,True,False
road_crack,road crack dataset semantic/valid/road_1041_7_jpg.rf.048e06e715ee2c3338b21981d32491f4.jpg,road crack dataset semantic/valid/road_1041_7_jpg.rf.048e06e715ee2c3338b21981d32491f4_mask.png,road_1041,train,640,640,True,False
road_crack,road crack dataset semantic/valid/road_1041_2_jpg.rf.3676e8be6f216537f49e39f98098e794.jpg,road crack dataset semantic/valid/road_1041_2_jpg.rf.3676e8be6f216537f49e39f98098e794_mask.png,road_1041,train,640,640,True,False
road_crack,road crack dataset semantic/valid/road_1041_6_jpg.rf.df8703dfb9a9586b0fab08e63f972cad.jpg,road crack dataset semantic/valid/road_1041_6_jpg.rf.df8703dfb9a9586b0fab08e63f972cad_mask.png,road_1041,train,640,640,True,False
road_crack,road crack dataset semantic/valid/road_1041_6_jpg.rf.94ae968d71578b1f4119f43f358acde5.jpg,road crack dataset semantic/valid/road_1041_6_jpg.rf.94ae968d71578b1f4119f43f358acde5_mask.png,road_1041,train,640,640,True,False
road_crack,road crack dataset semantic/valid/road_1041_5_jpg.rf.5e8573b032cbdec668e4808e80773c7c.jpg,road crack dataset semantic/valid/road_1041_5_jpg.rf.5e8573b032cbdec668e4808e80773c7c_mask.png,road_1041,train,640,640,True,False
road_crack,road crack dataset semantic/valid/road_1041_5_jpg.rf.a11efa35272c5214b397effb257b73a0.jpg,road crack dataset semantic/valid/road_1041_5_jpg.rf.a11efa35272c5214b397effb257b73a0_mask.png,road_1041,train,640,640,True,False
road_crack,road crack dataset semantic/valid/road_1041_7_jpg.rf.3958005f87abb9cc3d0aa7d2f45849d9.jpg,road crack dataset semantic/valid/road_1041_7_jpg.rf.3958005f87abb9cc3d0aa7d2f45849d9_mask.png,road_1041,train,640,640,True,False
road_crack,road crack dataset semantic/valid/road_1041_5_jpg.rf.d87980331279b672c1860a8684654527.jpg,road crack dataset semantic/valid/road_1041_5_jpg.rf.d87980331279b672c1860a8684654527_mask.png,road_1041,train,640,640,True,False
road_crack,road crack dataset semantic/valid/road_1041_7_jpg.rf.773474431d91edab7ec0c33e44a40191.jpg,road crack dataset semantic/valid/road_1041_7_jpg.rf.773474431d91edab7ec0c33e44a40191_mask.png,road_1041,train,640,640,True,False
road_crack,road crack dataset semantic/valid/road_1041_7_jpg.rf.f4dd508e16b4e4ec653c1852ff06b79b.jpg,road crack dataset semantic/valid/road_1041_7_jpg.rf.f4dd508e16b4e4ec653c1852ff06b79b_mask.png,road_1041,train,640,640,True,False
road_crack,road crack dataset semantic/valid/road_1041_6_jpg.rf.77c96feeff22ed882fbddb62243e8ec1.jpg,road crack dataset semantic/valid/road_1041_6_jpg.rf.77c96feeff22ed882fbddb62243e8ec1_mask.png,road_1041,train,640,640,True,False
road_crack,road crack dataset semantic/valid/road_1041_6_jpg.rf.db75e451a1f1942ef5df1856e5f2d6eb.jpg,road crack dataset semantic/valid/road_1041_6_jpg.rf.db75e451a1f1942ef5df1856e5f2d6eb_mask.png,road_1041,train,640,640,True,False
road_crack,road crack dataset semantic/valid/road_1041_5_jpg.rf.eec38cc6dbc1df1dbe33c0e886f2b822.jpg,road crack dataset semantic/valid/road_1041_5_jpg.rf.eec38cc6dbc1df1dbe33c0e886f2b822_mask.png,road_1041,train,640,640,True,False
road_crack,road crack dataset semantic/valid/road_1041_6_jpg.rf.825438172975dd895e11e3dff31d598c.jpg,road crack dataset semantic/valid/road_1041_6_jpg.rf.825438172975dd895e11e3dff31d598c_mask.png,road_1041,train,640,640,True,False
road_crack,road crack dataset semantic/valid/road_1041_7_jpg.rf.610611bfb10256739a57e191c59381b6.jpg,road crack dataset semantic/valid/road_1041_7_jpg.rf.610611bfb10256739a57e191c59381b6_mask.png,road_1041,train,640,640,True,False
road_crack,road crack dataset semantic/valid/road_1041_6_jpg.rf.b763ddbb3cc7a89dff51a6b7f849659b.jpg,road crack dataset semantic/valid/road_1041_6_jpg.rf.b763ddbb3cc7a89dff51a6b7f849659b_mask.png,road_1041,train,640,640,True,False
road_crack,road crack dataset semantic/valid/road_1041_5_jpg.rf.dc487f8e51433fa19ff986e5400ce104.jpg,road crack dataset semantic/valid/road_1041_5_jpg.rf.dc487f8e51433fa19ff986e5400ce104_mask.png,road_1041,train,640,640,True,False
road_crack,road crack dataset semantic/train/road_1041_1_jpg.rf.c7df8fbf42fdfdf8958002d1b9e93993.jpg,road crack dataset semantic/train/road_1041_1_jpg.rf.c7df8fbf42fdfdf8958002d1b9e93993_mask.png,road_1041,train,640,640,True,False
road_crack,road crack dataset semantic/train/road_1041_1_jpg.rf.36cc0749a6180fd61db076667cad32dd.jpg,road crack dataset semantic/train/road_1041_1_jpg.rf.36cc0749a6180fd61db076667cad32dd_mask.png,road_1041,train,640,640,True,False
road_crack,road crack dataset semantic/train/road_1041_1_jpg.rf.1d67fdf9d7251047786d91c456f32691.jpg,road crack dataset semantic/train/road_1041_1_jpg.rf.1d67fdf9d7251047786d91c456f32691_mask.png,road_1041,train,640,640,True,False
road_crack,road crack dataset semantic/train/road_1041_1_jpg.rf.e9fa71832b2bae3eb054626ba6a0d075.jpg,road crack dataset semantic/train/road_1041_1_jpg.rf.e9fa71832b2bae3eb054626ba6a0d075_mask.png,road_1041,train,640,640,True,False
road_crack,road crack dataset semantic/train/road_1041_1_jpg.rf.a0abcb415510c0807a98f2f304a427a0.jpg,road crack dataset semantic/train/road_1041_1_jpg.rf.a0abcb415510c0807a98f2f304a427a0_mask.png,road_1041,train,640,640,True,False
road_crack,road crack dataset semantic/train/road_1041_2_jpg.rf.3bab3cf58472f2f2760e7605ffb7bba0.jpg,road crack dataset semantic/train/road_1041_2_jpg.rf.3bab3cf58472f2f2760e7605ffb7bba0_mask.png,road_1041,train,640,640,True,False
road_crack,road crack dataset semantic/train/road_1041_1_jpg.rf.aaaa2a2e529545bea234515b9fcc6ea6.jpg,road crack dataset semantic/train/road_1041_1_jpg.rf.aaaa2a2e529545bea234515b9fcc6ea6_mask.png,road_1041,train,640,640,True,False
road_crack,road crack dataset semantic/train/road_1041_2_jpg.rf.7f85e48848a4556ed64eff869530c7ea.jpg,road crack dataset semantic/train/road_1041_2_jpg.rf.7f85e48848a4556ed64eff869530c7ea_mask.png,road_1041,train,640,640,True,False
road_crack,road crack dataset semantic/train/road_1041_1_jpg.rf.ae2dbe5fcaf2823d024a94665d3394e5.jpg,road crack dataset semantic/train/road_1041_1_jpg.rf.ae2dbe5fcaf2823d024a94665d3394e5_mask.png,road_1041,train,640,640,True,False
road_crack,road crack dataset semantic/valid/road_1043_6_jpg.rf.3bd8098099d3c9733cf3e745832aa773.jpg,road crack dataset semantic/valid/road_1043_6_jpg.rf.3bd8098099d3c9733cf3e745832aa773_mask.png,road_1043,train,640,640,True,False
road_crack,road crack dataset semantic/valid/road_1043_6_jpg.rf.8e7493ff2453857a556ead31169dd793.jpg,road crack dataset semantic/valid/road_1043_6_jpg.rf.8e7493ff2453857a556ead31169dd793_mask.png,road_1043,train,640,640,True,False
road_crack,road crack dataset semantic/valid/road_1043_6_jpg.rf.63be3f3f82fd83d9c2de52a6735eaf1f.jpg,road crack dataset semantic/valid/road_1043_6_jpg.rf.63be3f3f82fd83d9c2de52a6735eaf1f_mask.png,road_1043,train,640,640,True,False
road_crack,road crack dataset semantic/valid/road_1043_6_jpg.rf.3c80772498ef2d178a2dbeebcd6c52c3.jpg,road crack dataset semantic/valid/road_1043_6_jpg.rf.3c80772498ef2d178a2dbeebcd6c52c3_mask.png,road_1043,train,640,640,True,False
road_crack,road crack dataset semantic/valid/road_1043_5_jpg.rf.42b97348cbddf4178aeea47c2d4ca11d.jpg,road crack dataset semantic/valid/road_1043_5_jpg.rf.42b97348cbddf4178aeea47c2d4ca11d_mask.png,road_1043,train,640,640,True,False
road_crack,road crack dataset semantic/valid/road_1043_6_jpg.rf.b9b527fc9f28629148807ce380fbe13c.jpg,road crack dataset semantic/valid/road_1043_6_jpg.rf.b9b527fc9f28629148807ce380fbe13c_mask.png,road_1043,train,640,640,True,False
road_crack,road crack dataset semantic/valid/road_1043_6_jpg.rf.9cba43ddd9dc11580509d6111279a9c0.jpg,road crack dataset semantic/valid/road_1043_6_jpg.rf.9cba43ddd9dc11580509d6111279a9c0_mask.png,road_1043,train,640,640,True,False
road_crack,road crack dataset semantic/valid/road_1043_6_jpg.rf.9ea2380951e6ef8df537a956a65a371b.jpg,road crack dataset semantic/valid/road_1043_6_jpg.rf.9ea2380951e6ef8df537a956a65a371b_mask.png,road_1043,train,640,640,True,False
road_crack,road crack dataset semantic/valid/road_1043_6_jpg.rf.a0201d2da6a168cf829ad91f60c72525.jpg,road crack dataset semantic/valid/road_1043_6_jpg.rf.a0201d2da6a168cf829ad91f60c72525_mask.png,road_1043,train,640,640,True,False
road_crack,road crack dataset semantic/valid/road_1035_5_jpg.rf.6c3f68783c4e2cde4c02e8cc85625a73.jpg,road crack dataset semantic/valid/road_1035_5_jpg.rf.6c3f68783c4e2cde4c02e8cc85625a73_mask.png,road_1035,train,640,640,True,False
road_crack,road crack dataset semantic/valid/Production_1_ortho_merge_20_6_1_jpg.rf.33dc32204ae8611ef0fe8495ab7cbce9.jpg,road crack dataset semantic/valid/Production_1_ortho_merge_20_6_1_jpg.rf.33dc32204ae8611ef0fe8495ab7cbce9_mask.png,Production_1_ortho_merge,train,640,640,True,False
road_crack,road crack dataset semantic/valid/Production_1_ortho_merge_1_10_3_jpg.rf.dec3b8f37db7460ba4e75353c0f615e9.jpg,road crack dataset semantic/valid/Production_1_ortho_merge_1_10_3_jpg.rf.dec3b8f37db7460ba4e75353c0f615e9_mask.png,Production_1_ortho_merge,train,640,640,True,False
road_crack,road crack dataset semantic/valid/Production_1_ortho_merge_30_2_2_jpg.rf.1cbeea84b6cdcd38c46fa713d3670d0d.jpg,road crack dataset semantic/valid/Production_1_ortho_merge_30_2_2_jpg.rf.1cbeea84b6cdcd38c46fa713d3670d0d_mask.png,Production_1_ortho_merge,train,640,640,True,False
road_crack,road crack dataset semantic/valid/Production_1_ortho_merge_11_7_2_jpg.rf.3717958bb880f6b75a858ce00f73c13b.jpg,road crack dataset semantic/valid/Production_1_ortho_merge_11_7_2_jpg.rf.3717958bb880f6b75a858ce00f73c13b_mask.png,Production_1_ortho_merge,train,640,640,True,False
road_crack,road crack dataset semantic/train/Production_1_ortho_merge_3_9_3_jpg.rf.2d208cca5ec73809e87d6bd23bee7570.jpg,road crack dataset semantic/train/Production_1_ortho_merge_3_9_3_jpg.rf.2d208cca5ec73809e87d6bd23bee7570_mask.png,Production_1_ortho_merge,train,640,640,True,False
road_crack,road crack dataset semantic/train/Production_1_ortho_merge_14_6_2_jpg.rf.98f24c62544ded0532c3b237235cd2f2.jpg,road crack dataset semantic/train/Production_1_ortho_merge_14_6_2_jpg.rf.98f24c62544ded0532c3b237235cd2f2_mask.png,Production_1_ortho_merge,train,640,640,True,False
road_crack,road crack dataset semantic/train/Production_1_ortho_merge_12_6_1_jpg.rf.daad435c97f54e79fbf08815f74e60ca.jpg,road crack dataset semantic/train/Production_1_ortho_merge_12_6_1_jpg.rf.daad435c97f54e79fbf08815f74e60ca_mask.png,Production_1_ortho_merge,train,640,640,True,False
road_crack,road crack dataset semantic/train/Production_1_ortho_merge_21_6_2_jpg.rf.86bd95a5a359d48c1a017893ef39b63b.jpg,road crack dataset semantic/train/Production_1_ortho_merge_21_6_2_jpg.rf.86bd95a5a359d48c1a017893ef39b63b_mask.png,Production_1_ortho_merge,train,640,640,True,False
road_crack,road crack dataset semantic/train/Production_1_ortho_merge_10_8_2_jpg.rf.460bec965c63e3ee1fb1cb6251795ad0.jpg,road crack dataset semantic/train/Production_1_ortho_merge_10_8_2_jpg.rf.460bec965c63e3ee1fb1cb6251795ad0_mask.png,Production_1_ortho_merge,train,640,640,True,False
road_crack,road crack dataset semantic/train/Production_1_ortho_merge_3_9_3_jpg.rf.a249f08639f81d47810915eb5c6490fc.jpg,road crack dataset semantic/train/Production_1_ortho_merge_3_9_3_jpg.rf.a249f08639f81d47810915eb5c6490fc_mask.png,Production_1_ortho_merge,train,640,640,True,False
road_crack,road crack dataset semantic/train/Production_1_ortho_merge_21_6_2_jpg.rf.f0d72e667ea6dda1a97f2ec4c39c325f.jpg,road crack dataset semantic/train/Production_1_ortho_merge_21_6_2_jpg.rf.f0d72e667ea6dda1a97f2ec4c39c325f_mask.png,Production_1_ortho_merge,train,640,640,True,False
road_crack,road crack dataset semantic/train/Production_1_ortho_merge_22_5_3_jpg.rf.5a484695efce95aac2b352363bed698d.jpg,road crack dataset semantic/train/Production_1_ortho_merge_22_5_3_jpg.rf.5a484695efce95aac2b352363bed698d_mask.png,Production_1_ortho_merge,train,640,640,True,False
road_crack,road crack dataset semantic/train/Production_1_ortho_merge_24_5_2_jpg.rf.ff63bc1b9ed6c2e25c40e14ef2365585.jpg,road crack dataset semantic/train/Production_1_ortho_merge_24_5_2_jpg.rf.ff63bc1b9ed6c2e25c40e14ef2365585_mask.png,Production_1_ortho_merge,train,640,640,True,False
road_crack,road crack dataset semantic/train/Production_1_ortho_merge_22_5_3_jpg.rf.d64c52bdf16635d1edb4db5dc4b6bdff.jpg,road crack dataset semantic/train/Production_1_ortho_merge_22_5_3_jpg.rf.d64c52bdf16635d1edb4db5dc4b6bdff_mask.png,Production_1_ortho_merge,train,640,640,True,False
road_crack,road crack dataset semantic/train/Production_1_ortho_merge_14_6_0_jpg.rf.8a2101f5e448cfd48f7c612156613625.jpg,road crack dataset semantic/train/Production_1_ortho_merge_14_6_0_jpg.rf.8a2101f5e448cfd48f7c612156613625_mask.png,Production_1_ortho_merge,train,640,640,True,False
road_crack,road crack dataset semantic/train/Production_1_ortho_merge_15_6_0_jpg.rf.19e5c89afe39562b27fda83ca6a80f4a.jpg,road crack dataset semantic/train/Production_1_ortho_merge_15_6_0_jpg.rf.19e5c89afe39562b27fda83ca6a80f4a_mask.png,Production_1_ortho_merge,train,640,640,True,False
road_crack,road crack dataset semantic/train/Production_1_ortho_merge_3_9_3_jpg.rf.2c78d2f37698e44dcf4bcc5e2c63c717.jpg,road crack dataset semantic/train/Production_1_ortho_merge_3_9_3_jpg.rf.2c78d2f37698e44dcf4bcc5e2c63c717_mask.png,Production_1_ortho_merge,train,640,640,True,False
road_crack,road crack dataset semantic/train/Production_1_ortho_merge_18_6_1_jpg.rf.e1651fe8e933dae9db17bf49c89fc077.jpg,road crack dataset semantic/train/Production_1_ortho_merge_18_6_1_jpg.rf.e1651fe8e933dae9db17bf49c89fc077_mask.png,Production_1_ortho_merge,train,640,640,True,False
road_crack,road crack dataset semantic/train/Production_1_ortho_merge_15_6_2_jpg.rf.5bc5c55f14af0634f8c5cfb2e38a909c.jpg,road crack dataset semantic/train/Production_1_ortho_merge_15_6_2_jpg.rf.5bc5c55f14af0634f8c5cfb2e38a909c_mask.png,Production_1_ortho_merge,train,640,640,True,False
road_crack,road crack dataset semantic/train/Production_1_ortho_merge_10_8_2_jpg.rf.7821f4e278c67d1abe6431d27459af8c.jpg,road crack dataset semantic/train/Production_1_ortho_merge_10_8_2_jpg.rf.7821f4e278c67d1abe6431d27459af8c_mask.png,Production_1_ortho_merge,train,640,640,True,False
road_crack,road crack dataset semantic/train/Production_1_ortho_merge_16_6_0_jpg.rf.24f8bcc5c6cc1bf0802f4d164caf62ee.jpg,road crack dataset semantic/train/Production_1_ortho_merge_16_6_0_jpg.rf.24f8bcc5c6cc1bf0802f4d164caf62ee_mask.png,Production_1_ortho_merge,train,640,640,True,False
road_crack,road crack dataset semantic/train/Production_1_ortho_merge_15_6_0_jpg.rf.f47ac75de7a32a79b29999841cb2a61c.jpg,road crack dataset semantic/train/Production_1_ortho_merge_15_6_0_jpg.rf.f47ac75de7a32a79b29999841cb2a61c_mask.png,Production_1_ortho_merge,train,640,640,True,False
road_crack,road crack dataset semantic/train/Production_1_ortho_merge_22_5_3_jpg.rf.5aa5a2c34e5fbec8687274a8a6f318ed.jpg,road crack dataset semantic/train/Production_1_ortho_merge_22_5_3_jpg.rf.5aa5a2c34e5fbec8687274a8a6f318ed_mask.png,Production_1_ortho_merge,train,640,640,True,False
road_crack,road crack dataset semantic/train/Production_1_ortho_merge_21_6_0_jpg.rf.e27948552117caf639e0047786a24f66.jpg,road crack dataset semantic/train/Production_1_ortho_merge_21_6_0_jpg.rf.e27948552117caf639e0047786a24f66_mask.png,Production_1_ortho_merge,train,640,640,True,False
road_crack,road crack dataset semantic/train/Production_1_ortho_merge_12_6_1_jpg.rf.907555ed717862c3357d373a189e28de.jpg,road crack dataset semantic/train/Production_1_ortho_merge_12_6_1_jpg.rf.907555ed717862c3357d373a189e28de_mask.png,Production_1_ortho_merge,train,640,640,True,False
road_crack,road crack dataset semantic/train/Production_1_ortho_merge_10_8_2_jpg.rf.d7fde403745cbdbc3fee619c691e0a50.jpg,road crack dataset semantic/train/Production_1_ortho_merge_10_8_2_jpg.rf.d7fde403745cbdbc3fee619c691e0a50_mask.png,Production_1_ortho_merge,train,640,640,True,False
road_crack,road crack dataset semantic/train/Production_1_ortho_merge_22_5_3_jpg.rf.8aad5216bb10f88e1b1347821be2ff0b.jpg,road crack dataset semantic/train/Production_1_ortho_merge_22_5_3_jpg.rf.8aad5216bb10f88e1b1347821be2ff0b_mask.png,Production_1_ortho_merge,train,640,640,True,False
road_crack,road crack dataset semantic/train/Production_1_ortho_merge_21_6_0_jpg.rf.1d2e4aacab11f949d20e1fad72b3cefe.jpg,road crack dataset semantic/train/Production_1_ortho_merge_21_6_0_jpg.rf.1d2e4aacab11f949d20e1fad72b3cefe_mask.png,Production_1_ortho_merge,train,640,640,True,False
road_crack,road crack dataset semantic/train/Production_1_ortho_merge_18_6_1_jpg.rf.cc8d9453090e2fb56011d6dc199a5cfe.jpg,road crack dataset semantic/train/Production_1_ortho_merge_18_6_1_jpg.rf.cc8d9453090e2fb56011d6dc199a5cfe_mask.png,Production_1_ortho_merge,train,640,640,True,False
road_crack,road crack dataset semantic/train/Production_1_ortho_merge_10_8_0_jpg.rf.09051fec057df247ad4baaedb05d2835.jpg,road crack dataset semantic/train/Production_1_ortho_merge_10_8_0_jpg.rf.09051fec057df247ad4baaedb05d2835_mask.png,Production_1_ortho_merge,train,640,640,True,False
road_crack,road crack dataset semantic/train/Production_1_ortho_merge_18_6_1_jpg.rf.b04ca4641bbf13562907a03029e71b59.jpg,road crack dataset semantic/train/Production_1_ortho_merge_18_6_1_jpg.rf.b04ca4641bbf13562907a03029e71b59_mask.png,Production_1_ortho_merge,train,640,640,True,False
road_crack,road crack dataset semantic/train/Production_1_ortho_merge_24_5_2_jpg.rf.aecb201d0893ce2a5a7b145619767c4f.jpg,road crack dataset semantic/train/Production_1_ortho_merge_24_5_2_jpg.rf.aecb201d0893ce2a5a7b145619767c4f_mask.png,Production_1_ortho_merge,train,640,640,True,False
road_crack,road crack dataset semantic/train/Production_1_ortho_merge_21_6_0_jpg.rf.63df575370fb8c80681917f57d288714.jpg,road crack dataset semantic/train/Production_1_ortho_merge_21_6_0_jpg.rf.63df575370fb8c80681917f57d288714_mask.png,Production_1_ortho_merge,train,640,640,True,False
road_crack,road crack dataset semantic/train/Production_1_ortho_merge_21_6_0_jpg.rf.bb45b2de3919c99f3f9804de801e1dea.jpg,road crack dataset semantic/train/Production_1_ortho_merge_21_6_0_jpg.rf.bb45b2de3919c99f3f9804de801e1dea_mask.png,Production_1_ortho_merge,train,640,640,True,False
road_crack,road crack dataset semantic/train/Production_1_ortho_merge_13_6_0_jpg.rf.7ea8a6ccc33810b4555d5cd19dba565e.jpg,road crack dataset semantic/train/Production_1_ortho_merge_13_6_0_jpg.rf.7ea8a6ccc33810b4555d5cd19dba565e_mask.png,Production_1_ortho_merge,train,640,640,True,False
road_crack,road crack dataset semantic/train/Production_1_ortho_merge_10_8_0_jpg.rf.7a9732d3ebdd284073e20f62a0594cd3.jpg,road crack dataset semantic/train/Production_1_ortho_merge_10_8_0_jpg.rf.7a9732d3ebdd284073e20f62a0594cd3_mask.png,Production_1_ortho_merge,train,640,640,True,False
road_crack,road crack dataset semantic/train/Production_1_ortho_merge_21_6_0_jpg.rf.923667b26e65e8ed368497d0fcc77b8a.jpg,road crack dataset semantic/train/Production_1_ortho_merge_21_6_0_jpg.rf.923667b26e65e8ed368497d0fcc77b8a_mask.png,Production_1_ortho_merge,train,640,640,True,False
road_crack,road crack dataset semantic/train/Production_1_ortho_merge_12_6_1_jpg.rf.ee477f543a2d74c22b89a03fdfacb75e.jpg,road crack dataset semantic/train/Production_1_ortho_merge_12_6_1_jpg.rf.ee477f543a2d74c22b89a03fdfacb75e_mask.png,Production_1_ortho_merge,train,640,640,True,False
road_crack,road crack dataset semantic/train/Production_1_ortho_merge_21_6_2_jpg.rf.d3322881c29323948a4d326ded0fa412.jpg,road crack dataset semantic/train/Production_1_ortho_merge_21_6_2_jpg.rf.d3322881c29323948a4d326ded0fa412_mask.png,Production_1_ortho_merge,train,640,640,True,False
road_crack,road crack dataset semantic/train/Production_1_ortho_merge_3_9_3_jpg.rf.8b398214f1e647392fe8802aaba1b9de.jpg,road crack dataset semantic/train/Production_1_ortho_merge_3_9_3_jpg.rf.8b398214f1e647392fe8802aaba1b9de_mask.png,Production_1_ortho_merge,train,640,640,True,False
road_crack,road crack dataset semantic/train/Production_1_ortho_merge_14_6_0_jpg.rf.9058bfac8c8e781b7dd36cc11b1f162b.jpg,road crack dataset semantic/train/Production_1_ortho_merge_14_6_0_jpg.rf.9058bfac8c8e781b7dd36cc11b1f162b_mask.png,Production_1_ortho_merge,train,640,640,True,False
road_crack,road crack dataset semantic/train/Production_1_ortho_merge_15_6_2_jpg.rf.3c0c4bd33f8ec739a302e97172d18982.jpg,road crack dataset semantic/train/Production_1_ortho_merge_15_6_2_jpg.rf.3c0c4bd33f8ec739a302e97172d18982_mask.png,Production_1_ortho_merge,train,640,640,True,False
road_crack,road crack dataset semantic/train/Production_1_ortho_merge_16_6_0_jpg.rf.ce15471467fde38c012d3dedd2abd5fe.jpg,road crack dataset semantic/train/Production_1_ortho_merge_16_6_0_jpg.rf.ce15471467fde38c012d3dedd2abd5fe_mask.png,Production_1_ortho_merge,train,640,640,True,False
road_crack,road crack dataset semantic/train/Production_1_ortho_merge_12_6_1_jpg.rf.006ca626b60282fded35e0ff70881e04.jpg,road crack dataset semantic/train/Production_1_ortho_merge_12_6_1_jpg.rf.006ca626b60282fded35e0ff70881e04_mask.png,Production_1_ortho_merge,train,640,640,True,False
road_crack,road crack dataset semantic/train/Production_1_ortho_merge_22_5_3_jpg.rf.2004fe3843bb3bc520f29e173f59de9b.jpg,road crack dataset semantic/train/Production_1_ortho_merge_22_5_3_jpg.rf.2004fe3843bb3bc520f29e173f59de9b_mask.png,Production_1_ortho_merge,train,640,640,True,False
road_crack,road crack dataset semantic/train/Production_1_ortho_merge_13_6_0_jpg.rf.bece8a6c8189af24c81e06eaa7a271a0.jpg,road crack dataset semantic/train/Production_1_ortho_merge_13_6_0_jpg.rf.bece8a6c8189af24c81e06eaa7a271a0_mask.png,Production_1_ortho_merge,train,640,640,True,False
road_crack,road crack dataset semantic/train/Production_1_ortho_merge_12_6_1_jpg.rf.525a97911104b94337838e19b7312ff7.jpg,road crack dataset semantic/train/Production_1_ortho_merge_12_6_1_jpg.rf.525a97911104b94337838e19b7312ff7_mask.png,Production_1_ortho_merge,train,640,640,True,False
road_crack,road crack dataset semantic/train/Production_1_ortho_merge_21_6_2_jpg.rf.dad93a132c00b4b4f36cacd32cf84c30.jpg,road crack dataset semantic/train/Production_1_ortho_merge_21_6_2_jpg.rf.dad93a132c00b4b4f36cacd32cf84c30_mask.png,Production_1_ortho_merge,train,640,640,True,False
road_crack,road crack dataset semantic/train/Production_1_ortho_merge_14_6_2_jpg.rf.545bdc9cca4f33965cf59bb94799f978.jpg,road crack dataset semantic/train/Production_1_ortho_merge_14_6_2_jpg.rf.545bdc9cca4f33965cf59bb94799f978_mask.png,Production_1_ortho_merge,train,640,640,True,False
road_crack,road crack dataset semantic/train/Production_1_ortho_merge_10_8_2_jpg.rf.4a45ca10c6e62f6343f954a2a604bdcb.jpg,road crack dataset semantic/train/Production_1_ortho_merge_10_8_2_jpg.rf.4a45ca10c6e62f6343f954a2a604bdcb_mask.png,Production_1_ortho_merge,train,640,640,True,False
road_crack,road crack dataset semantic/train/Production_1_ortho_merge_13_6_0_jpg.rf.9eac7594478ea93512effb142795ce1e.jpg,road crack dataset semantic/train/Production_1_ortho_merge_13_6_0_jpg.rf.9eac7594478ea93512effb142795ce1e_mask.png,Production_1_ortho_merge,train,640,640,True,False
road_crack,road crack dataset semantic/train/Production_1_ortho_merge_22_5_3_jpg.rf.bc155c767664969f85c9b8325e06446a.jpg,road crack dataset semantic/train/Production_1_ortho_merge_22_5_3_jpg.rf.bc155c767664969f85c9b8325e06446a_mask.png,Production_1_ortho_merge,train,640,640,True,False
road_crack,road crack dataset semantic/train/Production_1_ortho_merge_22_5_3_jpg.rf.c94ae81eb54f853b0275efa1c9545693.jpg,road crack dataset semantic/train/Production_1_ortho_merge_22_5_3_jpg.rf.c94ae81eb54f853b0275efa1c9545693_mask.png,Production_1_ortho_merge,train,640,640,True,False
road_crack,road crack dataset semantic/train/Production_1_ortho_merge_22_5_3_jpg.rf.c73209cea8e1adeacda38f66018c12e8.jpg,road crack dataset semantic/train/Production_1_ortho_merge_22_5_3_jpg.rf.c73209cea8e1adeacda38f66018c12e8_mask.png,Production_1_ortho_merge,train,640,640,True,False
road_crack,road crack dataset semantic/train/Production_1_ortho_merge_12_6_1_jpg.rf.e24e9f6facc2f990633aeddf0dd34d55.jpg,road crack dataset semantic/train/Production_1_ortho_merge_12_6_1_jpg.rf.e24e9f6facc2f990633aeddf0dd34d55_mask.png,Production_1_ortho_merge,train,640,640,True,False
road_crack,road crack dataset semantic/train/Production_1_ortho_merge_18_6_1_jpg.rf.ae1f7f88123e95489c47e559efbc9eb5.jpg,road crack dataset semantic/train/Production_1_ortho_merge_18_6_1_jpg.rf.ae1f7f88123e95489c47e559efbc9eb5_mask.png,Production_1_ortho_merge,train,640,640,True,False
road_crack,road crack dataset semantic/train/Production_1_ortho_merge_16_6_0_jpg.rf.bc3710038f8e120c59d548335967293f.jpg,road crack dataset semantic/train/Production_1_ortho_merge_16_6_0_jpg.rf.bc3710038f8e120c59d548335967293f_mask.png,Production_1_ortho_merge,train,640,640,True,False
road_crack,road crack dataset semantic/train/Production_1_ortho_merge_13_6_0_jpg.rf.827a400b060e00a08966363665d5a290.jpg,road crack dataset semantic/train/Production_1_ortho_merge_13_6_0_jpg.rf.827a400b060e00a08966363665d5a290_mask.png,Production_1_ortho_merge,train,640,640,True,False
road_crack,road crack dataset semantic/train/Production_1_ortho_merge_10_8_0_jpg.rf.5f04c4d544b98c8cc52c9d5fae475337.jpg,road crack dataset semantic/train/Production_1_ortho_merge_10_8_0_jpg.rf.5f04c4d544b98c8cc52c9d5fae475337_mask.png,Production_1_ortho_merge,train,640,640,True,False
road_crack,road crack dataset semantic/train/Production_1_ortho_merge_14_6_0_jpg.rf.c5ff27a92f4e0b3d733d1d43e37711c7.jpg,road crack dataset semantic/train/Production_1_ortho_merge_14_6_0_jpg.rf.c5ff27a92f4e0b3d733d1d43e37711c7_mask.png,Production_1_ortho_merge,train,640,640,True,False
road_crack,road crack dataset semantic/train/Production_1_ortho_merge_3_9_3_jpg.rf.4e03fc33935e2f029d828ccad20f1d6f.jpg,road crack dataset semantic/train/Production_1_ortho_merge_3_9_3_jpg.rf.4e03fc33935e2f029d828ccad20f1d6f_mask.png,Production_1_ortho_merge,train,640,640,True,False
road_crack,road crack dataset semantic/train/Production_1_ortho_merge_15_6_0_jpg.rf.7d8b28c36e6b4609e5bc12792652dabf.jpg,road crack dataset semantic/train/Production_1_ortho_merge_15_6_0_jpg.rf.7d8b28c36e6b4609e5bc12792652dabf_mask.png,Production_1_ortho_merge,train,640,640,True,False
road_crack,road crack dataset semantic/train/Production_1_ortho_merge_24_5_2_jpg.rf.c7770f65e6bac8e7a1b0bf2be72cb34d.jpg,road crack dataset semantic/train/Production_1_ortho_merge_24_5_2_jpg.rf.c7770f65e6bac8e7a1b0bf2be72cb34d_mask.png,Production_1_ortho_merge,train,640,640,True,False
road_crack,road crack dataset semantic/train/Production_1_ortho_merge_18_6_1_jpg.rf.7679c112bc0d01fb8bcca22d625575d8.jpg,road crack dataset semantic/train/Production_1_ortho_merge_18_6_1_jpg.rf.7679c112bc0d01fb8bcca22d625575d8_mask.png,Production_1_ortho_merge,train,640,640,True,False
road_crack,road crack dataset semantic/train/Production_1_ortho_merge_16_6_0_jpg.rf.6cb63d5b5b5adad1dbb58927d8fc5964.jpg,road crack dataset semantic/train/Production_1_ortho_merge_16_6_0_jpg.rf.6cb63d5b5b5adad1dbb58927d8fc5964_mask.png,Production_1_ortho_merge,train,640,640,True,False
road_crack,road crack dataset semantic/train/Production_1_ortho_merge_3_9_3_jpg.rf.3eb68b49ce118b9b6e07f4ffab343da4.jpg,road crack dataset semantic/train/Production_1_ortho_merge_3_9_3_jpg.rf.3eb68b49ce118b9b6e07f4ffab343da4_mask.png,Production_1_ortho_merge,train,640,640,True,False
road_crack,road crack dataset semantic/train/Production_1_ortho_merge_12_6_1_jpg.rf.13ea8674c10790483a04bf47199d8d1a.jpg,road crack dataset semantic/train/Production_1_ortho_merge_12_6_1_jpg.rf.13ea8674c10790483a04bf47199d8d1a_mask.png,Production_1_ortho_merge,train,640,640,True,False
road_crack,road crack dataset semantic/train/Production_1_ortho_merge_15_6_2_jpg.rf.2dd65e2267168fd07751e691a07b11c6.jpg,road crack dataset semantic/train/Production_1_ortho_merge_15_6_2_jpg.rf.2dd65e2267168fd07751e691a07b11c6_mask.png,Production_1_ortho_merge,train,640,640,True,False
road_crack,road crack dataset semantic/train/Production_1_ortho_merge_18_6_1_jpg.rf.598dd11e0ba653114eb7e78fff52beac.jpg,road crack dataset semantic/train/Production_1_ortho_merge_18_6_1_jpg.rf.598dd11e0ba653114eb7e78fff52beac_mask.png,Production_1_ortho_merge,train,640,640,True,False
road_crack,road crack dataset semantic/train/Production_1_ortho_merge_13_6_0_jpg.rf.fd2bd9cdf5c537a756be62ddb04f6ce9.jpg,road crack dataset semantic/train/Production_1_ortho_merge_13_6_0_jpg.rf.fd2bd9cdf5c537a756be62ddb04f6ce9_mask.png,Production_1_ortho_merge,train,640,640,True,False
road_crack,road crack dataset semantic/train/Production_1_ortho_merge_3_9_3_jpg.rf.63d414fb26775a433b162ffdf28ae768.jpg,road crack dataset semantic/train/Production_1_ortho_merge_3_9_3_jpg.rf.63d414fb26775a433b162ffdf28ae768_mask.png,Production_1_ortho_merge,train,640,640,True,False
road_crack,road crack dataset semantic/train/Production_1_ortho_merge_3_9_3_jpg.rf.80698e679f99e2227c50262b00f93b78.jpg,road crack dataset semantic/train/Production_1_ortho_merge_3_9_3_jpg.rf.80698e679f99e2227c50262b00f93b78_mask.png,Production_1_ortho_merge,train,640,640,True,False
road_crack,road crack dataset semantic/train/Production_1_ortho_merge_18_6_1_jpg.rf.d48e36bb374c2bf9be7813820905ba51.jpg,road crack dataset semantic/train/Production_1_ortho_merge_18_6_1_jpg.rf.d48e36bb374c2bf9be7813820905ba51_mask.png,Production_1_ortho_merge,train,640,640,True,False
road_crack,road crack dataset semantic/train/Production_1_ortho_merge_14_6_0_jpg.rf.5e131623af4d9553c6fec8c0b03decc1.jpg,road crack dataset semantic/train/Production_1_ortho_merge_14_6_0_jpg.rf.5e131623af4d9553c6fec8c0b03decc1_mask.png,Production_1_ortho_merge,train,640,640,True,False
road_crack,road crack dataset semantic/train/Production_1_ortho_merge_3_9_3_jpg.rf.160219e232c536e7e054fca386491b9b.jpg,road crack dataset semantic/train/Production_1_ortho_merge_3_9_3_jpg.rf.160219e232c536e7e054fca386491b9b_mask.png,Production_1_ortho_merge,train,640,640,True,False
road_crack,road crack dataset semantic/train/Production_1_ortho_merge_15_6_0_jpg.rf.6c3d90a1924f87c2c23002924c212855.jpg,road crack dataset semantic/train/Production_1_ortho_merge_15_6_0_jpg.rf.6c3d90a1924f87c2c23002924c212855_mask.png,Production_1_ortho_merge,train,640,640,True,False
road_crack,road crack dataset semantic/train/Production_1_ortho_merge_21_6_2_jpg.rf.b33583c1cf458bd3e69869d73e3b2f3c.jpg,road crack dataset semantic/train/Production_1_ortho_merge_21_6_2_jpg.rf.b33583c1cf458bd3e69869d73e3b2f3c_mask.png,Production_1_ortho_merge,train,640,640,True,False
road_crack,road crack dataset semantic/train/Production_1_ortho_merge_13_6_0_jpg.rf.a0b6bc86bfd50d45bfccf0372f3a43a1.jpg,road crack dataset semantic/train/Production_1_ortho_merge_13_6_0_jpg.rf.a0b6bc86bfd50d45bfccf0372f3a43a1_mask.png,Production_1_ortho_merge,train,640,640,True,False
road_crack,road crack dataset semantic/train/Production_1_ortho_merge_15_6_0_jpg.rf.351b5cb6295113d484cb8963f268d194.jpg,road crack dataset semantic/train/Production_1_ortho_merge_15_6_0_jpg.rf.351b5cb6295113d484cb8963f268d194_mask.png,Production_1_ortho_merge,train,640,640,True,False
road_crack,road crack dataset semantic/train/Production_1_ortho_merge_13_6_3_jpg.rf.c6f1e20608f4b2d6673bd7d03cf2b526.jpg,road crack dataset semantic/train/Production_1_ortho_merge_13_6_3_jpg.rf.c6f1e20608f4b2d6673bd7d03cf2b526_mask.png,Production_1_ortho_merge,train,640,640,True,False
road_crack,road crack dataset semantic/train/Production_1_ortho_merge_24_5_2_jpg.rf.a529daacb5735352142ac375126c5d16.jpg,road crack dataset semantic/train/Production_1_ortho_merge_24_5_2_jpg.rf.a529daacb5735352142ac375126c5d16_mask.png,Production_1_ortho_merge,train,640,640,True,False
road_crack,road crack dataset semantic/train/Production_1_ortho_merge_14_6_0_jpg.rf.a170b0fab60b12b2e1914759a2598a0a.jpg,road crack dataset semantic/train/Production_1_ortho_merge_14_6_0_jpg.rf.a170b0fab60b12b2e1914759a2598a0a_mask.png,Production_1_ortho_merge,train,640,640,True,False
road_crack,road crack dataset semantic/train/Production_1_ortho_merge_15_6_0_jpg.rf.1e70a7e3d9f2239484a4117f96999cad.jpg,road crack dataset semantic/train/Production_1_ortho_merge_15_6_0_jpg.rf.1e70a7e3d9f2239484a4117f96999cad_mask.png,Production_1_ortho_merge,train,640,640,True,False
road_crack,road crack dataset semantic/train/Production_1_ortho_merge_21_6_0_jpg.rf.9c6cd07247445d02fb13c07a5e6ccfcf.jpg,road crack dataset semantic/train/Production_1_ortho_merge_21_6_0_jpg.rf.9c6cd07247445d02fb13c07a5e6ccfcf_mask.png,Production_1_ortho_merge,train,640,640,True,False
road_crack,road crack dataset semantic/train/Production_1_ortho_merge_14_6_0_jpg.rf.06b138171ef1adba9d6e10b844526d95.jpg,road crack dataset semantic/train/Production_1_ortho_merge_14_6_0_jpg.rf.06b138171ef1adba9d6e10b844526d95_mask.png,Production_1_ortho_merge,train,640,640,True,False
road_crack,road crack dataset semantic/train/Production_1_ortho_merge_14_6_0_jpg.rf.3e4b5457ce1096bfa59b9530d52dbc9d.jpg,road crack dataset semantic/train/Production_1_ortho_merge_14_6_0_jpg.rf.3e4b5457ce1096bfa59b9530d52dbc9d_mask.png,Production_1_ortho_merge,train,640,640,True,False
road_crack,road crack dataset semantic/train/Production_1_ortho_merge_13_6_3_jpg.rf.42808f8f9ccf99b49802c8cb1e28e4c4.jpg,road crack dataset semantic/train/Production_1_ortho_merge_13_6_3_jpg.rf.42808f8f9ccf99b49802c8cb1e28e4c4_mask.png,Production_1_ortho_merge,train,640,640,True,False
road_crack,road crack dataset semantic/train/Production_1_ortho_merge_14_6_0_jpg.rf.caa50a42119feb150a5c0280272fce59.jpg,road crack dataset semantic/train/Production_1_ortho_merge_14_6_0_jpg.rf.caa50a42119feb150a5c0280272fce59_mask.png,Production_1_ortho_merge,train,640,640,True,False
road_crack,road crack dataset semantic/train/Production_1_ortho_merge_24_5_2_jpg.rf.5e2f630742c0a97133e0a4fda498562d.jpg,road crack dataset semantic/train/Production_1_ortho_merge_24_5_2_jpg.rf.5e2f630742c0a97133e0a4fda498562d_mask.png,Production_1_ortho_merge,train,640,640,True,False
road_crack,road crack dataset semantic/train/Production_1_ortho_merge_13_6_3_jpg.rf.83af0a3425f005400c6e8f5c7602640c.jpg,road crack dataset semantic/train/Production_1_ortho_merge_13_6_3_jpg.rf.83af0a3425f005400c6e8f5c7602640c_mask.png,Production_1_ortho_merge,train,640,640,True,False
road_crack,road crack dataset semantic/train/Production_1_ortho_merge_16_6_0_jpg.rf.ac74e0ff4536da3f5f87a6b7060d5f08.jpg,road crack dataset semantic/train/Production_1_ortho_merge_16_6_0_jpg.rf.ac74e0ff4536da3f5f87a6b7060d5f08_mask.png,Production_1_ortho_merge,train,640,640,True,False
road_crack,road crack dataset semantic/train/Production_1_ortho_merge_13_6_0_jpg.rf.62e4def42b68d31252c1b38bd5496b38.jpg,road crack dataset semantic/train/Production_1_ortho_merge_13_6_0_jpg.rf.62e4def42b68d31252c1b38bd5496b38_mask.png,Production_1_ortho_merge,train,640,640,True,False
road_crack,road crack dataset semantic/train/Production_1_ortho_merge_10_8_2_jpg.rf.c2a4ff4e1036089eba9744548c2fbd11.jpg,road crack dataset semantic/train/Production_1_ortho_merge_10_8_2_jpg.rf.c2a4ff4e1036089eba9744548c2fbd11_mask.png,Production_1_ortho_merge,train,640,640,True,False
road_crack,road crack dataset semantic/train/Production_1_ortho_merge_18_6_1_jpg.rf.9d168b9f14ce5ed2c3b1b4a4c2cbdb52.jpg,road crack dataset semantic/train/Production_1_ortho_merge_18_6_1_jpg.rf.9d168b9f14ce5ed2c3b1b4a4c2cbdb52_mask.png,Production_1_ortho_merge,train,640,640,True,False
road_crack,road crack dataset semantic/train/Production_1_ortho_merge_13_6_0_jpg.rf.d61cc4a20884af28f58ba8634a754265.jpg,road crack dataset semantic/train/Production_1_ortho_merge_13_6_0_jpg.rf.d61cc4a20884af28f58ba8634a754265_mask.png,Production_1_ortho_merge,train,640,640,True,False
road_crack,road crack dataset semantic/train/Production_1_ortho_merge_21_6_0_jpg.rf.9ef79f6dcf1a8976d5c9f2a69f0515fc.jpg,road crack dataset semantic/train/Production_1_ortho_merge_21_6_0_jpg.rf.9ef79f6dcf1a8976d5c9f2a69f0515fc_mask.png,Production_1_ortho_merge,train,640,640,True,False
road_crack,road crack dataset semantic/train/Production_1_ortho_merge_15_6_0_jpg.rf.ffef62f31439479f0db2ccbfc9cc1db6.jpg,road crack dataset semantic/train/Production_1_ortho_merge_15_6_0_jpg.rf.ffef62f31439479f0db2ccbfc9cc1db6_mask.png,Production_1_ortho_merge,train,640,640,True,False
road_crack,road crack dataset semantic/train/Production_1_ortho_merge_21_6_0_jpg.rf.3d9990c251ffc6a4ceba6f53db91bdcf.jpg,road crack dataset semantic/train/Production_1_ortho_merge_21_6_0_jpg.rf.3d9990c251ffc6a4ceba6f53db91bdcf_mask.png,Production_1_ortho_merge,train,640,640,True,False
road_crack,road crack dataset semantic/train/Production_1_ortho_merge_16_6_0_jpg.rf.ba3f003b76a3cfe59d3f6a1ed01ddc69.jpg,road crack dataset semantic/train/Production_1_ortho_merge_16_6_0_jpg.rf.ba3f003b76a3cfe59d3f6a1ed01ddc69_mask.png,Production_1_ortho_merge,train,640,640,True,False
road_crack,road crack dataset semantic/train/Production_1_ortho_merge_12_6_1_jpg.rf.94d92da273d23b93980ecdbfdff0338c.jpg,road crack dataset semantic/train/Production_1_ortho_merge_12_6_1_jpg.rf.94d92da273d23b93980ecdbfdff0338c_mask.png,Production_1_ortho_merge,train,640,640,True,False
road_crack,road crack dataset semantic/train/Production_1_ortho_merge_21_6_2_jpg.rf.046d6824608ceb5814a908f5ddfb74bb.jpg,road crack dataset semantic/train/Production_1_ortho_merge_21_6_2_jpg.rf.046d6824608ceb5814a908f5ddfb74bb_mask.png,Production_1_ortho_merge,train,640,640,True,False
road_crack,road crack dataset semantic/train/Production_1_ortho_merge_10_8_2_jpg.rf.01abab0e1b3ac1a4d7ddf0f4ce55d6c6.jpg,road crack dataset semantic/train/Production_1_ortho_merge_10_8_2_jpg.rf.01abab0e1b3ac1a4d7ddf0f4ce55d6c6_mask.png,Production_1_ortho_merge,train,640,640,True,False
road_crack,road crack dataset semantic/valid/road_1047_6_jpg.rf.aac632486bb3f74cd1d87c56bedc2f68.jpg,road crack dataset semantic/valid/road_1047_6_jpg.rf.aac632486bb3f74cd1d87c56bedc2f68_mask.png,road_1047,test,640,640,True,False
road_crack,road crack dataset semantic/valid/road_1047_6_jpg.rf.824c535d9c4b879f413a37c86c944a1f.jpg,road crack dataset semantic/valid/road_1047_6_jpg.rf.824c535d9c4b879f413a37c86c944a1f_mask.png,road_1047,test,640,640,True,False
road_crack,road crack dataset semantic/valid/road_1047_6_jpg.rf.a7b15c72f04f86cb49162d63cdb315ee.jpg,road crack dataset semantic/valid/road_1047_6_jpg.rf.a7b15c72f04f86cb49162d63cdb315ee_mask.png,road_1047,test,640,640,True,False
road_crack,road crack dataset semantic/valid/road_1047_1_jpg.rf.08eeaefeb2d3e5e164c42931ae238c7f.jpg,road crack dataset semantic/valid/road_1047_1_jpg.rf.08eeaefeb2d3e5e164c42931ae238c7f_mask.png,road_1047,test,640,640,True,False
road_crack,road crack dataset semantic/valid/road_1047_1_jpg.rf.34b3e9403644f09869ce04f249b8ebe6.jpg,road crack dataset semantic/valid/road_1047_1_jpg.rf.34b3e9403644f09869ce04f249b8ebe6_mask.png,road_1047,test,640,640,True,False
road_crack,road crack dataset semantic/valid/road_1047_1_jpg.rf.7a47106a46fdec2df17cf617c69e8895.jpg,road crack dataset semantic/valid/road_1047_1_jpg.rf.7a47106a46fdec2df17cf617c69e8895_mask.png,road_1047,test,640,640,True,False
road_crack,road crack dataset semantic/valid/road_1047_5_jpg.rf.27b82944918cae2bc800f0d4556b1495.jpg,road crack dataset semantic/valid/road_1047_5_jpg.rf.27b82944918cae2bc800f0d4556b1495_mask.png,road_1047,test,640,640,True,False
road_crack,road crack dataset semantic/valid/road_1047_6_jpg.rf.bcb96bcf6355f03267c301130d58b795.jpg,road crack dataset semantic/valid/road_1047_6_jpg.rf.bcb96bcf6355f03267c301130d58b795_mask.png,road_1047,test,640,640,True,False
road_crack,road crack dataset semantic/valid/road_1047_6_jpg.rf.369270feb265af5c6e091b139c9ea166.jpg,road crack dataset semantic/valid/road_1047_6_jpg.rf.369270feb265af5c6e091b139c9ea166_mask.png,road_1047,test,640,640,True,False
road_crack,road crack dataset semantic/valid/road_1047_6_jpg.rf.8f222641b9189d32f5f81115741b08e9.jpg,road crack dataset semantic/valid/road_1047_6_jpg.rf.8f222641b9189d32f5f81115741b08e9_mask.png,road_1047,test,640,640,True,False
road_crack,road crack dataset semantic/valid/road_1047_5_jpg.rf.f8d18a91dff3c2c77bb1902dfc83ed15.jpg,road crack dataset semantic/valid/road_1047_5_jpg.rf.f8d18a91dff3c2c77bb1902dfc83ed15_mask.png,road_1047,test,640,640,True,False
road_crack,road crack dataset semantic/valid/road_1047_6_jpg.rf.2c632c000cb75223106b1470577b900b.jpg,road crack dataset semantic/valid/road_1047_6_jpg.rf.2c632c000cb75223106b1470577b900b_mask.png,road_1047,test,640,640,True,False
road_crack,road crack dataset semantic/valid/road_1047_6_jpg.rf.9ecced98d7403996108e05200c78df6f.jpg,road crack dataset semantic/valid/road_1047_6_jpg.rf.9ecced98d7403996108e05200c78df6f_mask.png,road_1047,test,640,640,True,False
road_crack,road crack dataset semantic/valid/road_1047_1_jpg.rf.4750bb84bfdfdda702e015ee67609ede.jpg,road crack dataset semantic/valid/road_1047_1_jpg.rf.4750bb84bfdfdda702e015ee67609ede_mask.png,road_1047,test,640,640,True,False
road_crack,road crack dataset semantic/valid/road_1047_5_jpg.rf.b865581562cebf8a1cbe8dfa2cab22d6.jpg,road crack dataset semantic/valid/road_1047_5_jpg.rf.b865581562cebf8a1cbe8dfa2cab22d6_mask.png,road_1047,test,640,640,True,False
road_crack,road crack dataset semantic/valid/road_1047_1_jpg.rf.5cd96867eb49dc4c49d10813a3855bc0.jpg,road crack dataset semantic/valid/road_1047_1_jpg.rf.5cd96867eb49dc4c49d10813a3855bc0_mask.png,road_1047,test,640,640,True,False
road_crack,road crack dataset semantic/valid/road_1047_6_jpg.rf.e4045054d3dae2ef82b24c698449ed90.jpg,road crack dataset semantic/valid/road_1047_6_jpg.rf.e4045054d3dae2ef82b24c698449ed90_mask.png,road_1047,test,640,640,True,False
road_crack,road crack dataset semantic/valid/road_1048_5_jpg.rf.c73e30d80fd367acd9ae41aeaa0b8775.jpg,road crack dataset semantic/valid/road_1048_5_jpg.rf.c73e30d80fd367acd9ae41aeaa0b8775_mask.png,road_1048,train,640,640,True,False
road_crack,road crack dataset semantic/valid/road_1048_2_jpg.rf.d4f4d93811dec5ab19fdabbc1d2ec2e3.jpg,road crack dataset semantic/valid/road_1048_2_jpg.rf.d4f4d93811dec5ab19fdabbc1d2ec2e3_mask.png,road_1048,train,640,640,True,False
road_crack,road crack dataset semantic/valid/road_1048_2_jpg.rf.516075d70f108bab07eb9888167234b6.jpg,road crack dataset semantic/valid/road_1048_2_jpg.rf.516075d70f108bab07eb9888167234b6_mask.png,road_1048,train,640,640,True,False
road_crack,road crack dataset semantic/valid/road_1048_1_jpg.rf.ad10fd84ece045c3c40fff93ef8e6725.jpg,road crack dataset semantic/valid/road_1048_1_jpg.rf.ad10fd84ece045c3c40fff93ef8e6725_mask.png,road_1048,train,640,640,True,False
road_crack,road crack dataset semantic/valid/road_1048_1_jpg.rf.db6a60b017dbf9fec0f89d2210ab65c6.jpg,road crack dataset semantic/valid/road_1048_1_jpg.rf.db6a60b017dbf9fec0f89d2210ab65c6_mask.png,road_1048,train,640,640,True,False
road_crack,road crack dataset semantic/valid/road_1048_2_jpg.rf.d782710a21c3b57328cf532517944b7a.jpg,road crack dataset semantic/valid/road_1048_2_jpg.rf.d782710a21c3b57328cf532517944b7a_mask.png,road_1048,train,640,640,True,False
road_crack,road crack dataset semantic/valid/road_1048_1_jpg.rf.7b156e740ceff8d818139f759d7e64e1.jpg,road crack dataset semantic/valid/road_1048_1_jpg.rf.7b156e740ceff8d818139f759d7e64e1_mask.png,road_1048,train,640,640,True,False
road_crack,road crack dataset semantic/valid/road_1048_2_jpg.rf.e19cfd519fb63017169f1a881091c36e.jpg,road crack dataset semantic/valid/road_1048_2_jpg.rf.e19cfd519fb63017169f1a881091c36e_mask.png,road_1048,train,640,640,True,False
road_crack,road crack dataset semantic/valid/road_1048_1_jpg.rf.e4e8b80e431aea6bc4551ab835f0f60f.jpg,road crack dataset semantic/valid/road_1048_1_jpg.rf.e4e8b80e431aea6bc4551ab835f0f60f_mask.png,road_1048,train,640,640,True,False
road_crack,road crack dataset semantic/valid/road_1048_2_jpg.rf.73fdf17c0f3634ee5bf050a62bc81b0e.jpg,road crack dataset semantic/valid/road_1048_2_jpg.rf.73fdf17c0f3634ee5bf050a62bc81b0e_mask.png,road_1048,train,640,640,True,False
road_crack,road crack dataset semantic/valid/road_1048_1_jpg.rf.64ad288bae4b5a00c0c6a794bf435cc7.jpg,road crack dataset semantic/valid/road_1048_1_jpg.rf.64ad288bae4b5a00c0c6a794bf435cc7_mask.png,road_1048,train,640,640,True,False
road_crack,road crack dataset semantic/valid/road_1048_1_jpg.rf.39db057f3aa55f533eb23a1a65f0124b.jpg,road crack dataset semantic/valid/road_1048_1_jpg.rf.39db057f3aa55f533eb23a1a65f0124b_mask.png,road_1048,train,640,640,True,False
road_crack,road crack dataset semantic/valid/road_1048_2_jpg.rf.fc8533e6e7a79a9718f46530d9be632a.jpg,road crack dataset semantic/valid/road_1048_2_jpg.rf.fc8533e6e7a79a9718f46530d9be632a_mask.png,road_1048,train,640,640,True,False
road_crack,road crack dataset semantic/valid/road_1048_2_jpg.rf.7fed155e15c6ff267145ebeef00f8208.jpg,road crack dataset semantic/valid/road_1048_2_jpg.rf.7fed155e15c6ff267145ebeef00f8208_mask.png,road_1048,train,640,640,True,False
road_crack,road crack dataset semantic/valid/road_1048_1_jpg.rf.98b6b5a9c9d6f94166e2de4b2c6e69b7.jpg,road crack dataset semantic/valid/road_1048_1_jpg.rf.98b6b5a9c9d6f94166e2de4b2c6e69b7_mask.png,road_1048,train,640,640,True,False
road_crack,road crack dataset semantic/valid/road_1048_1_jpg.rf.62987e628d43849efe8fad12f77b1bfc.jpg,road crack dataset semantic/valid/road_1048_1_jpg.rf.62987e628d43849efe8fad12f77b1bfc_mask.png,road_1048,train,640,640,True,False
road_crack,road crack dataset semantic/valid/road_1048_2_jpg.rf.0fcc7e58f28f490984f199c7333c98a4.jpg,road crack dataset semantic/valid/road_1048_2_jpg.rf.0fcc7e58f28f490984f199c7333c98a4_mask.png,road_1048,train,640,640,True,False
road_crack,road crack dataset semantic/valid/road_1048_1_jpg.rf.70995ed46a85034bbfa31735bf8a170b.jpg,road crack dataset semantic/valid/road_1048_1_jpg.rf.70995ed46a85034bbfa31735bf8a170b_mask.png,road_1048,train,640,640,True,False
road_crack,road crack dataset semantic/valid/road_1007_5_jpg.rf.e9e717d2c08cbcb7190a4da1fccb5b96.jpg,road crack dataset semantic/valid/road_1007_5_jpg.rf.e9e717d2c08cbcb7190a4da1fccb5b96_mask.png,road_1007,train,640,640,True,False
road_crack,road crack dataset semantic/valid/road_1030_5_jpg.rf.2faebdd1833f73736034344a63f752c6.jpg,road crack dataset semantic/valid/road_1030_5_jpg.rf.2faebdd1833f73736034344a63f752c6_mask.png,road_1030,train,640,640,True,False
road_crack,road crack dataset semantic/valid/road_1030_0_jpg.rf.809fa9d081c879ab97926d9698d1d3d7.jpg,road crack dataset semantic/valid/road_1030_0_jpg.rf.809fa9d081c879ab97926d9698d1d3d7_mask.png,road_1030,train,640,640,True,False
road_crack,road crack dataset semantic/train/road_1030_4_jpg.rf.eca381008c492460dd23c249fdae7a2e.jpg,road crack dataset semantic/train/road_1030_4_jpg.rf.eca381008c492460dd23c249fdae7a2e_mask.png,road_1030,train,640,640,True,False
road_crack,road crack dataset semantic/train/road_1030_1_jpg.rf.addecde7159d85e60cadb3dfdd902426.jpg,road crack dataset semantic/train/road_1030_1_jpg.rf.addecde7159d85e60cadb3dfdd902426_mask.png,road_1030,train,640,640,True,False
road_crack,road crack dataset semantic/train/road_1030_1_jpg.rf.5d6bc39a56ce86b2361359be08983033.jpg,road crack dataset semantic/train/road_1030_1_jpg.rf.5d6bc39a56ce86b2361359be08983033_mask.png,road_1030,train,640,640,True,False
road_crack,road crack dataset semantic/train/road_1030_4_jpg.rf.fdc2f09b0fba9ee5bd622328c207d1b6.jpg,road crack dataset semantic/train/road_1030_4_jpg.rf.fdc2f09b0fba9ee5bd622328c207d1b6_mask.png,road_1030,train,640,640,True,False
road_crack,road crack dataset semantic/train/road_1030_4_jpg.rf.cc998e2403596a41a0896b18501199c8.jpg,road crack dataset semantic/train/road_1030_4_jpg.rf.cc998e2403596a41a0896b18501199c8_mask.png,road_1030,train,640,640,True,False
road_crack,road crack dataset semantic/train/road_1030_1_jpg.rf.20431e5820443a98e915ec89ee0e0063.jpg,road crack dataset semantic/train/road_1030_1_jpg.rf.20431e5820443a98e915ec89ee0e0063_mask.png,road_1030,train,640,640,True,False
road_crack,road crack dataset semantic/train/road_1030_4_jpg.rf.b7c2c7c048ffa21b9a1d3770876a73ac.jpg,road crack dataset semantic/train/road_1030_4_jpg.rf.b7c2c7c048ffa21b9a1d3770876a73ac_mask.png,road_1030,train,640,640,True,False
road_crack,road crack dataset semantic/train/road_1030_1_jpg.rf.94ed8abe0064e322c007f209fdceade5.jpg,road crack dataset semantic/train/road_1030_1_jpg.rf.94ed8abe0064e322c007f209fdceade5_mask.png,road_1030,train,640,640,True,False
road_crack,road crack dataset semantic/train/road_1030_1_jpg.rf.092214f12e61d8ed807ff20170c03a35.jpg,road crack dataset semantic/train/road_1030_1_jpg.rf.092214f12e61d8ed807ff20170c03a35_mask.png,road_1030,train,640,640,True,False
road_crack,road crack dataset semantic/train/road_1030_4_jpg.rf.a638f7c9381be18bc26649d9b2dec500.jpg,road crack dataset semantic/train/road_1030_4_jpg.rf.a638f7c9381be18bc26649d9b2dec500_mask.png,road_1030,train,640,640,True,False
road_crack,road crack dataset semantic/train/road_1030_4_jpg.rf.f1cf967fbc99f28ed7342fab89873f86.jpg,road crack dataset semantic/train/road_1030_4_jpg.rf.f1cf967fbc99f28ed7342fab89873f86_mask.png,road_1030,train,640,640,True,False
road_crack,road crack dataset semantic/train/road_1030_4_jpg.rf.38a9fe20b9559413c69c32f7e28c4526.jpg,road crack dataset semantic/train/road_1030_4_jpg.rf.38a9fe20b9559413c69c32f7e28c4526_mask.png,road_1030,train,640,640,True,False
road_crack,road crack dataset semantic/train/road_1030_1_jpg.rf.6f3d12cb8318be95939eb0d05f3b88b7.jpg,road crack dataset semantic/train/road_1030_1_jpg.rf.6f3d12cb8318be95939eb0d05f3b88b7_mask.png,road_1030,train,640,640,True,False
road_crack,road crack dataset semantic/train/road_1030_4_jpg.rf.4587ef1ec2d02a8ec65061e49ed68ea7.jpg,road crack dataset semantic/train/road_1030_4_jpg.rf.4587ef1ec2d02a8ec65061e49ed68ea7_mask.png,road_1030,train,640,640,True,False
road_crack,road crack dataset semantic/valid/road_1001_1_jpg.rf.4bef8b710ebbbb320f0b976d7df4bbd4.jpg,road crack dataset semantic/valid/road_1001_1_jpg.rf.4bef8b710ebbbb320f0b976d7df4bbd4_mask.png,road_1001,val,640,640,True,False
road_crack,road crack dataset semantic/train/road_1001_2_jpg.rf.652c417741410e0fdf2e8547b6c68fe0.jpg,road crack dataset semantic/train/road_1001_2_jpg.rf.652c417741410e0fdf2e8547b6c68fe0_mask.png,road_1001,val,640,640,True,False
road_crack,road crack dataset semantic/train/road_1001_2_jpg.rf.48b4764b66ee49bed88dcb5aae9f10ea.jpg,road crack dataset semantic/train/road_1001_2_jpg.rf.48b4764b66ee49bed88dcb5aae9f10ea_mask.png,road_1001,val,640,640,True,False
road_crack,road crack dataset semantic/train/road_1001_0_jpg.rf.12c0ad1cfc21722f747f785f6df122ef.jpg,road crack dataset semantic/train/road_1001_0_jpg.rf.12c0ad1cfc21722f747f785f6df122ef_mask.png,road_1001,val,640,640,True,False
road_crack,road crack dataset semantic/train/road_1001_5_jpg.rf.e949f19d8c059c71f0acf885a8737532.jpg,road crack dataset semantic/train/road_1001_5_jpg.rf.e949f19d8c059c71f0acf885a8737532_mask.png,road_1001,val,640,640,True,False
road_crack,road crack dataset semantic/train/road_1001_2_jpg.rf.2ccd6e9f32db5e838051b5ec117ba583.jpg,road crack dataset semantic/train/road_1001_2_jpg.rf.2ccd6e9f32db5e838051b5ec117ba583_mask.png,road_1001,val,640,640,True,False
road_crack,road crack dataset semantic/train/road_1001_5_jpg.rf.216f93f4bbff1ac944448c3903a56df1.jpg,road crack dataset semantic/train/road_1001_5_jpg.rf.216f93f4bbff1ac944448c3903a56df1_mask.png,road_1001,val,640,640,True,False
road_crack,road crack dataset semantic/train/road_1001_2_jpg.rf.379f38dcdd1fc71ef68788be484744fa.jpg,road crack dataset semantic/train/road_1001_2_jpg.rf.379f38dcdd1fc71ef68788be484744fa_mask.png,road_1001,val,640,640,True,False
road_crack,road crack dataset semantic/train/road_1001_0_jpg.rf.b9c5022c298c75cc4eef119d7945fe88.jpg,road crack dataset semantic/train/road_1001_0_jpg.rf.b9c5022c298c75cc4eef119d7945fe88_mask.png,road_1001,val,640,640,True,False
road_crack,road crack dataset semantic/train/road_1001_5_jpg.rf.43af7feafc20d8307fb8ca95650b4c4c.jpg,road crack dataset semantic/train/road_1001_5_jpg.rf.43af7feafc20d8307fb8ca95650b4c4c_mask.png,road_1001,val,640,640,True,False
road_crack,road crack dataset semantic/train/road_1001_0_jpg.rf.7534be8082a6ab203a3a736d5c21ada1.jpg,road crack dataset semantic/train/road_1001_0_jpg.rf.7534be8082a6ab203a3a736d5c21ada1_mask.png,road_1001,val,640,640,True,False
road_crack,road crack dataset semantic/train/road_1001_0_jpg.rf.bb0f21dcfdbaf798e18ec46c429a5a94.jpg,road crack dataset semantic/train/road_1001_0_jpg.rf.bb0f21dcfdbaf798e18ec46c429a5a94_mask.png,road_1001,val,640,640,True,False
road_crack,road crack dataset semantic/train/road_1001_0_jpg.rf.ae1287608c6ea6417bc83d277c952480.jpg,road crack dataset semantic/train/road_1001_0_jpg.rf.ae1287608c6ea6417bc83d277c952480_mask.png,road_1001,val,640,640,True,False
road_crack,road crack dataset semantic/train/road_1001_5_jpg.rf.8551242902ada3744713a61d2e1cdb47.jpg,road crack dataset semantic/train/road_1001_5_jpg.rf.8551242902ada3744713a61d2e1cdb47_mask.png,road_1001,val,640,640,True,False
road_crack,road crack dataset semantic/train/road_1001_0_jpg.rf.9b09bade7f7ec80bf2856c14e7747497.jpg,road crack dataset semantic/train/road_1001_0_jpg.rf.9b09bade7f7ec80bf2856c14e7747497_mask.png,road_1001,val,640,640,True,False
road_crack,road crack dataset semantic/train/road_1001_5_jpg.rf.76d4f8d47a3b0618e4050e990853871c.jpg,road crack dataset semantic/train/road_1001_5_jpg.rf.76d4f8d47a3b0618e4050e990853871c_mask.png,road_1001,val,640,640,True,False
road_crack,road crack dataset semantic/train/road_1001_0_jpg.rf.a3855ee05c14a52dd1f0a52ba7e60548.jpg,road crack dataset semantic/train/road_1001_0_jpg.rf.a3855ee05c14a52dd1f0a52ba7e60548_mask.png,road_1001,val,640,640,True,False
road_crack,road crack dataset semantic/train/road_1001_2_jpg.rf.79ef474993f8f728eedfcd4da3eef2dd.jpg,road crack dataset semantic/train/road_1001_2_jpg.rf.79ef474993f8f728eedfcd4da3eef2dd_mask.png,road_1001,val,640,640,True,False
road_crack,road crack dataset semantic/train/road_1001_2_jpg.rf.f57314f6915430b523b3b2a386246872.jpg,road crack dataset semantic/train/road_1001_2_jpg.rf.f57314f6915430b523b3b2a386246872_mask.png,road_1001,val,640,640,True,False
road_crack,road crack dataset semantic/train/road_1001_5_jpg.rf.d85e4072f5205e3b75bba17028f7a4d1.jpg,road crack dataset semantic/train/road_1001_5_jpg.rf.d85e4072f5205e3b75bba17028f7a4d1_mask.png,road_1001,val,640,640,True,False
road_crack,road crack dataset semantic/train/road_1001_2_jpg.rf.06f8872a0c55caf5680890341abe7fd5.jpg,road crack dataset semantic/train/road_1001_2_jpg.rf.06f8872a0c55caf5680890341abe7fd5_mask.png,road_1001,val,640,640,True,False
road_crack,road crack dataset semantic/train/road_1001_5_jpg.rf.1840b14ff4e20c4fda5339a3978435ec.jpg,road crack dataset semantic/train/road_1001_5_jpg.rf.1840b14ff4e20c4fda5339a3978435ec_mask.png,road_1001,val,640,640,True,False
road_crack,road crack dataset semantic/train/road_1001_2_jpg.rf.44a08e56c99ca03e4524be71fcb756d9.jpg,road crack dataset semantic/train/road_1001_2_jpg.rf.44a08e56c99ca03e4524be71fcb756d9_mask.png,road_1001,val,640,640,True,False
road_crack,road crack dataset semantic/train/road_1001_0_jpg.rf.79dbc96af20b852d9bcf0dd57f416c04.jpg,road crack dataset semantic/train/road_1001_0_jpg.rf.79dbc96af20b852d9bcf0dd57f416c04_mask.png,road_1001,val,640,640,True,False
road_crack,road crack dataset semantic/train/road_1001_5_jpg.rf.f02485f579ebff7dc930a562ce143070.jpg,road crack dataset semantic/train/road_1001_5_jpg.rf.f02485f579ebff7dc930a562ce143070_mask.png,road_1001,val,640,640,True,False
road_crack,road crack dataset semantic/train/road_1001_5_jpg.rf.f7a1c99b093e285f7cc20b7c6e8972ac.jpg,road crack dataset semantic/train/road_1001_5_jpg.rf.f7a1c99b093e285f7cc20b7c6e8972ac_mask.png,road_1001,val,640,640,True,False
road_crack,road crack dataset semantic/valid/road_1002_5_jpg.rf.14e53e3d90ce0c15d8515835bbf9103b.jpg,road crack dataset semantic/valid/road_1002_5_jpg.rf.14e53e3d90ce0c15d8515835bbf9103b_mask.png,road_1002,test,640,640,True,False
road_crack,road crack dataset semantic/valid/road_1002_4_jpg.rf.a7caa7d617354ff0b98c089e33bccc08.jpg,road crack dataset semantic/valid/road_1002_4_jpg.rf.a7caa7d617354ff0b98c089e33bccc08_mask.png,road_1002,test,640,640,True,False
road_crack,road crack dataset semantic/train/road_1002_0_jpg.rf.a985e94532bd109eae635345c083e9c2.jpg,road crack dataset semantic/train/road_1002_0_jpg.rf.a985e94532bd109eae635345c083e9c2_mask.png,road_1002,test,640,640,True,False
road_crack,road crack dataset semantic/train/road_1002_1_jpg.rf.3ca922ca52fdc1a14454b706d89b8d40.jpg,road crack dataset semantic/train/road_1002_1_jpg.rf.3ca922ca52fdc1a14454b706d89b8d40_mask.png,road_1002,test,640,640,True,False
road_crack,road crack dataset semantic/train/road_1002_0_jpg.rf.6bece09b2911da7dfd9e6dc1d1fec906.jpg,road crack dataset semantic/train/road_1002_0_jpg.rf.6bece09b2911da7dfd9e6dc1d1fec906_mask.png,road_1002,test,640,640,True,False
road_crack,road crack dataset semantic/train/road_1002_2_jpg.rf.fdce2d89c5f5106ef13105557c4a1836.jpg,road crack dataset semantic/train/road_1002_2_jpg.rf.fdce2d89c5f5106ef13105557c4a1836_mask.png,road_1002,test,640,640,True,False
road_crack,road crack dataset semantic/train/road_1002_1_jpg.rf.a409d39cc8b8d1bfbb4a36ee95885031.jpg,road crack dataset semantic/train/road_1002_1_jpg.rf.a409d39cc8b8d1bfbb4a36ee95885031_mask.png,road_1002,test,640,640,True,False
road_crack,road crack dataset semantic/train/road_1002_0_jpg.rf.8b6620043c38cd171865e0a29665b035.jpg,road crack dataset semantic/train/road_1002_0_jpg.rf.8b6620043c38cd171865e0a29665b035_mask.png,road_1002,test,640,640,True,False
road_crack,road crack dataset semantic/train/road_1002_0_jpg.rf.0e1e9be4b7565553f4c283109bee02f8.jpg,road crack dataset semantic/train/road_1002_0_jpg.rf.0e1e9be4b7565553f4c283109bee02f8_mask.png,road_1002,test,640,640,True,False
road_crack,road crack dataset semantic/train/road_1002_0_jpg.rf.1eafaff605e7aee5e36814ef3290c345.jpg,road crack dataset semantic/train/road_1002_0_jpg.rf.1eafaff605e7aee5e36814ef3290c345_mask.png,road_1002,test,640,640,True,False
road_crack,road crack dataset semantic/train/road_1002_0_jpg.rf.4be38691a3ccac8bf2866f3047d4dcc8.jpg,road crack dataset semantic/train/road_1002_0_jpg.rf.4be38691a3ccac8bf2866f3047d4dcc8_mask.png,road_1002,test,640,640,True,False
road_crack,road crack dataset semantic/train/road_1002_2_jpg.rf.587bed950a7a9f48bb5aea5e9c381c09.jpg,road crack dataset semantic/train/road_1002_2_jpg.rf.587bed950a7a9f48bb5aea5e9c381c09_mask.png,road_1002,test,640,640,True,False
road_crack,road crack dataset semantic/train/road_1002_2_jpg.rf.2587ea164fab745ac7b5d5a32d4f98bc.jpg,road crack dataset semantic/train/road_1002_2_jpg.rf.2587ea164fab745ac7b5d5a32d4f98bc_mask.png,road_1002,test,640,640,True,False
road_crack,road crack dataset semantic/train/road_1002_1_jpg.rf.26d72b7f4b6f7dbbc38274cc5747a465.jpg,road crack dataset semantic/train/road_1002_1_jpg.rf.26d72b7f4b6f7dbbc38274cc5747a465_mask.png,road_1002,test,640,640,True,False
road_crack,road crack dataset semantic/train/road_1002_1_jpg.rf.21e756243e689a56c2f320326435fc2b.jpg,road crack dataset semantic/train/road_1002_1_jpg.rf.21e756243e689a56c2f320326435fc2b_mask.png,road_1002,test,640,640,True,False
road_crack,road crack dataset semantic/train/road_1002_2_jpg.rf.0a04d206301cb5f0bb896045d072b7a2.jpg,road crack dataset semantic/train/road_1002_2_jpg.rf.0a04d206301cb5f0bb896045d072b7a2_mask.png,road_1002,test,640,640,True,False
road_crack,road crack dataset semantic/train/road_1002_1_jpg.rf.37a49ec08e36e6c01267c5a882eb57f0.jpg,road crack dataset semantic/train/road_1002_1_jpg.rf.37a49ec08e36e6c01267c5a882eb57f0_mask.png,road_1002,test,640,640,True,False
road_crack,road crack dataset semantic/train/road_1002_2_jpg.rf.37ac730963c3d1ecc8d5ecec941e668a.jpg,road crack dataset semantic/train/road_1002_2_jpg.rf.37ac730963c3d1ecc8d5ecec941e668a_mask.png,road_1002,test,640,640,True,False
road_crack,road crack dataset semantic/train/road_1002_0_jpg.rf.5fe7772ec3377bde86ee0beeb347ac2d.jpg,road crack dataset semantic/train/road_1002_0_jpg.rf.5fe7772ec3377bde86ee0beeb347ac2d_mask.png,road_1002,test,640,640,True,False
road_crack,road crack dataset semantic/train/road_1002_1_jpg.rf.380e4b0b5e65136f064b85bd5984a14b.jpg,road crack dataset semantic/train/road_1002_1_jpg.rf.380e4b0b5e65136f064b85bd5984a14b_mask.png,road_1002,test,640,640,True,False
road_crack,road crack dataset semantic/train/road_1002_0_jpg.rf.d25a2cc15a47fd4b0a1dd70cc80e6d02.jpg,road crack dataset semantic/train/road_1002_0_jpg.rf.d25a2cc15a47fd4b0a1dd70cc80e6d02_mask.png,road_1002,test,640,640,True,False
road_crack,road crack dataset semantic/valid/road_1005_6_jpg.rf.76c866eae80952645440f4c55529af2e.jpg,road crack dataset semantic/valid/road_1005_6_jpg.rf.76c866eae80952645440f4c55529af2e_mask.png,road_1005,train,640,640,True,False
road_crack,road crack dataset semantic/train/road_1005_1_jpg.rf.0a75e278b04b51497fdb9e33d05f847b.jpg,road crack dataset semantic/train/road_1005_1_jpg.rf.0a75e278b04b51497fdb9e33d05f847b_mask.png,road_1005,train,640,640,True,False
road_crack,road crack dataset semantic/train/road_1005_5_jpg.rf.1146325c2bff58e23eb790fee69fe122.jpg,road crack dataset semantic/train/road_1005_5_jpg.rf.1146325c2bff58e23eb790fee69fe122_mask.png,road_1005,train,640,640,True,False
road_crack,road crack dataset semantic/train/road_1005_0_jpg.rf.647f30317e7e3b5bbc6ee288dedca5e1.jpg,road crack dataset semantic/train/road_1005_0_jpg.rf.647f30317e7e3b5bbc6ee288dedca5e1_mask.png,road_1005,train,640,640,True,False
road_crack,road crack dataset semantic/train/road_1005_5_jpg.rf.f07856db766a2141709bbf2e9745dbdd.jpg,road crack dataset semantic/train/road_1005_5_jpg.rf.f07856db766a2141709bbf2e9745dbdd_mask.png,road_1005,train,640,640,True,False
road_crack,road crack dataset semantic/train/road_1005_0_jpg.rf.70212f002399986d16c1ea6329c5b7e6.jpg,road crack dataset semantic/train/road_1005_0_jpg.rf.70212f002399986d16c1ea6329c5b7e6_mask.png,road_1005,train,640,640,True,False
road_crack,road crack dataset semantic/train/road_1005_0_jpg.rf.3813ad6205d78defbcb09d48a97bedda.jpg,road crack dataset semantic/train/road_1005_0_jpg.rf.3813ad6205d78defbcb09d48a97bedda_mask.png,road_1005,train,640,640,True,False
road_crack,road crack dataset semantic/train/road_1005_5_jpg.rf.f7c72e1ba5249ff6f2aa7ec74bac7eec.jpg,road crack dataset semantic/train/road_1005_5_jpg.rf.f7c72e1ba5249ff6f2aa7ec74bac7eec_mask.png,road_1005,train,640,640,True,False
road_crack,road crack dataset semantic/train/road_1005_1_jpg.rf.3e67a6ef7b426131df9df1166ed6c18b.jpg,road crack dataset semantic/train/road_1005_1_jpg.rf.3e67a6ef7b426131df9df1166ed6c18b_mask.png,road_1005,train,640,640,True,False
road_crack,road crack dataset semantic/train/road_1005_0_jpg.rf.62a67bb03156a4ede8fb4c7e5e037d7f.jpg,road crack dataset semantic/train/road_1005_0_jpg.rf.62a67bb03156a4ede8fb4c7e5e037d7f_mask.png,road_1005,train,640,640,True,False
road_crack,road crack dataset semantic/train/road_1005_1_jpg.rf.b3f2ef6b66093f50452be6fc5e00600b.jpg,road crack dataset semantic/train/road_1005_1_jpg.rf.b3f2ef6b66093f50452be6fc5e00600b_mask.png,road_1005,train,640,640,True,False
road_crack,road crack dataset semantic/train/road_1005_0_jpg.rf.ee6488ce237fd011610d00592cd7cf4b.jpg,road crack dataset semantic/train/road_1005_0_jpg.rf.ee6488ce237fd011610d00592cd7cf4b_mask.png,road_1005,train,640,640,True,False
road_crack,road crack dataset semantic/train/road_1005_1_jpg.rf.dedbe61f233d10b89fec59f0ca9b0f71.jpg,road crack dataset semantic/train/road_1005_1_jpg.rf.dedbe61f233d10b89fec59f0ca9b0f71_mask.png,road_1005,train,640,640,True,False
road_crack,road crack dataset semantic/train/road_1005_0_jpg.rf.17a00b540f49067a2599dff51c13f3c8.jpg,road crack dataset semantic/train/road_1005_0_jpg.rf.17a00b540f49067a2599dff51c13f3c8_mask.png,road_1005,train,640,640,True,False
road_crack,road crack dataset semantic/train/road_1005_0_jpg.rf.48da6b5bb3781b2d47a5e460bc228238.jpg,road crack dataset semantic/train/road_1005_0_jpg.rf.48da6b5bb3781b2d47a5e460bc228238_mask.png,road_1005,train,640,640,True,False
road_crack,road crack dataset semantic/train/road_1005_4_jpg.rf.174928a4bb6939199ae7efef48a93f36.jpg,road crack dataset semantic/train/road_1005_4_jpg.rf.174928a4bb6939199ae7efef48a93f36_mask.png,road_1005,train,640,640,True,False
road_crack,road crack dataset semantic/train/road_1005_4_jpg.rf.88b1f4dfffbfed00012d3bc5d88fce4e.jpg,road crack dataset semantic/train/road_1005_4_jpg.rf.88b1f4dfffbfed00012d3bc5d88fce4e_mask.png,road_1005,train,640,640,True,False
road_crack,road crack dataset semantic/train/road_1005_4_jpg.rf.92ec4c86f8e330ad5775434817d1adcb.jpg,road crack dataset semantic/train/road_1005_4_jpg.rf.92ec4c86f8e330ad5775434817d1adcb_mask.png,road_1005,train,640,640,True,False
road_crack,road crack dataset semantic/train/road_1005_1_jpg.rf.f960e072629eb9ab83ee6dcd472fde53.jpg,road crack dataset semantic/train/road_1005_1_jpg.rf.f960e072629eb9ab83ee6dcd472fde53_mask.png,road_1005,train,640,640,True,False
road_crack,road crack dataset semantic/train/road_1005_5_jpg.rf.ef89eab530f5e93ccc8a191977983515.jpg,road crack dataset semantic/train/road_1005_5_jpg.rf.ef89eab530f5e93ccc8a191977983515_mask.png,road_1005,train,640,640,True,False
road_crack,road crack dataset semantic/train/road_1005_4_jpg.rf.491c35f03943a79418ce940db28fb99a.jpg,road crack dataset semantic/train/road_1005_4_jpg.rf.491c35f03943a79418ce940db28fb99a_mask.png,road_1005,train,640,640,True,False
road_crack,road crack dataset semantic/train/road_1005_1_jpg.rf.5b4f8c1195fd0c9b94aa260d7353d0c5.jpg,road crack dataset semantic/train/road_1005_1_jpg.rf.5b4f8c1195fd0c9b94aa260d7353d0c5_mask.png,road_1005,train,640,640,True,False
road_crack,road crack dataset semantic/train/road_1005_4_jpg.rf.a04b247dee225dfa794240b42e5e0a49.jpg,road crack dataset semantic/train/road_1005_4_jpg.rf.a04b247dee225dfa794240b42e5e0a49_mask.png,road_1005,train,640,640,True,False
road_crack,road crack dataset semantic/train/road_1005_4_jpg.rf.e7f5c206b8075c85892daadc31d4e615.jpg,road crack dataset semantic/train/road_1005_4_jpg.rf.e7f5c206b8075c85892daadc31d4e615_mask.png,road_1005,train,640,640,True,False
road_crack,road crack dataset semantic/train/road_1005_1_jpg.rf.72eed82fb31062f6c6259fe8c3fec3c4.jpg,road crack dataset semantic/train/road_1005_1_jpg.rf.72eed82fb31062f6c6259fe8c3fec3c4_mask.png,road_1005,train,640,640,True,False
road_crack,road crack dataset semantic/train/road_1005_0_jpg.rf.e58a480633d3bb9542c767a99c6b41c2.jpg,road crack dataset semantic/train/road_1005_0_jpg.rf.e58a480633d3bb9542c767a99c6b41c2_mask.png,road_1005,train,640,640,True,False
road_crack,road crack dataset semantic/train/road_1005_5_jpg.rf.73339090378d8fafe29c229d3e2d88c0.jpg,road crack dataset semantic/train/road_1005_5_jpg.rf.73339090378d8fafe29c229d3e2d88c0_mask.png,road_1005,train,640,640,True,False
road_crack,road crack dataset semantic/train/road_1005_1_jpg.rf.f74b47acb13612118aca82bba592b620.jpg,road crack dataset semantic/train/road_1005_1_jpg.rf.f74b47acb13612118aca82bba592b620_mask.png,road_1005,train,640,640,True,False
road_crack,road crack dataset semantic/train/road_1005_0_jpg.rf.b9c0f0dea1ffde09ad536a9d94e3f533.jpg,road crack dataset semantic/train/road_1005_0_jpg.rf.b9c0f0dea1ffde09ad536a9d94e3f533_mask.png,road_1005,train,640,640,True,False
road_crack,road crack dataset semantic/train/road_1005_5_jpg.rf.31eacc8894cb17e9941d50b1605274b4.jpg,road crack dataset semantic/train/road_1005_5_jpg.rf.31eacc8894cb17e9941d50b1605274b4_mask.png,road_1005,train,640,640,True,False
road_crack,road crack dataset semantic/train/road_1005_5_jpg.rf.d9b6edb4c087a8da3216762c9d842e26.jpg,road crack dataset semantic/train/road_1005_5_jpg.rf.d9b6edb4c087a8da3216762c9d842e26_mask.png,road_1005,train,640,640,True,False
road_crack,road crack dataset semantic/train/road_1005_5_jpg.rf.8a32ea0609a8b6de29291d9dad4a4f42.jpg,road crack dataset semantic/train/road_1005_5_jpg.rf.8a32ea0609a8b6de29291d9dad4a4f42_mask.png,road_1005,train,640,640,True,False
road_crack,road crack dataset semantic/valid/road_1021_1_jpg.rf.c105b3e27e3bf407e48ed108056b8526.jpg,road crack dataset semantic/valid/road_1021_1_jpg.rf.c105b3e27e3bf407e48ed108056b8526_mask.png,road_1021,val,640,640,True,False
road_crack,road crack dataset semantic/valid/road_1003_0_jpg.rf.9dbd7acd17d50c5485139a2ae04860cd.jpg,road crack dataset semantic/valid/road_1003_0_jpg.rf.9dbd7acd17d50c5485139a2ae04860cd_mask.png,road_1003,val,640,640,True,False
road_crack,road crack dataset semantic/train/road_1003_4_jpg.rf.b3110a99c7bdcfbe6c09d103d1445fa8.jpg,road crack dataset semantic/train/road_1003_4_jpg.rf.b3110a99c7bdcfbe6c09d103d1445fa8_mask.png,road_1003,val,640,640,True,False
road_crack,road crack dataset semantic/train/road_1003_5_jpg.rf.739ce6cf69e5f048298cebe528f6e6a8.jpg,road crack dataset semantic/train/road_1003_5_jpg.rf.739ce6cf69e5f048298cebe528f6e6a8_mask.png,road_1003,val,640,640,True,False
road_crack,road crack dataset semantic/train/road_1003_4_jpg.rf.f778122cd25eb5304ae996837a77b05c.jpg,road crack dataset semantic/train/road_1003_4_jpg.rf.f778122cd25eb5304ae996837a77b05c_mask.png,road_1003,val,640,640,True,False
road_crack,road crack dataset semantic/train/road_1003_4_jpg.rf.9d9d75b46db110e662ee0458ff818bb0.jpg,road crack dataset semantic/train/road_1003_4_jpg.rf.9d9d75b46db110e662ee0458ff818bb0_mask.png,road_1003,val,640,640,True,False
road_crack,road crack dataset semantic/train/road_1003_1_jpg.rf.b14f7974d1b8c2d30aaeb8940b444e4b.jpg,road crack dataset semantic/train/road_1003_1_jpg.rf.b14f7974d1b8c2d30aaeb8940b444e4b_mask.png,road_1003,val,640,640,True,False
road_crack,road crack dataset semantic/train/road_1003_4_jpg.rf.867c88723b544b006a44dac0829257aa.jpg,road crack dataset semantic/train/road_1003_4_jpg.rf.867c88723b544b006a44dac0829257aa_mask.png,road_1003,val,640,640,True,False
road_crack,road crack dataset semantic/train/road_1003_1_jpg.rf.c660ec568d650d8923f4f6b647cff5ee.jpg,road crack dataset semantic/train/road_1003_1_jpg.rf.c660ec568d650d8923f4f6b647cff5ee_mask.png,road_1003,val,640,640,True,False
road_crack,road crack dataset semantic/train/road_1003_1_jpg.rf.f0c496f3cd3aae2fe98d1ae92d23cf1b.jpg,road crack dataset semantic/train/road_1003_1_jpg.rf.f0c496f3cd3aae2fe98d1ae92d23cf1b_mask.png,road_1003,val,640,640,True,False
road_crack,road crack dataset semantic/train/road_1003_2_jpg.rf.3e88a59880c28d0810a8de4b9f8969cc.jpg,road crack dataset semantic/train/road_1003_2_jpg.rf.3e88a59880c28d0810a8de4b9f8969cc_mask.png,road_1003,val,640,640,True,False
road_crack,road crack dataset semantic/train/road_1003_4_jpg.rf.0292c41fce31618ff33bcb357b97411a.jpg,road crack dataset semantic/train/road_1003_4_jpg.rf.0292c41fce31618ff33bcb357b97411a_mask.png,road_1003,val,640,640,True,False
road_crack,road crack dataset semantic/train/road_1003_1_jpg.rf.a0dbe33e2ba4893110f7ea15954f120e.jpg,road crack dataset semantic/train/road_1003_1_jpg.rf.a0dbe33e2ba4893110f7ea15954f120e_mask.png,road_1003,val,640,640,True,False
road_crack,road crack dataset semantic/train/road_1003_2_jpg.rf.f434e146345e8a435eebd9e31a5b5f4c.jpg,road crack dataset semantic/train/road_1003_2_jpg.rf.f434e146345e8a435eebd9e31a5b5f4c_mask.png,road_1003,val,640,640,True,False
road_crack,road crack dataset semantic/train/road_1003_1_jpg.rf.5124bf142447414596de6265b07441a2.jpg,road crack dataset semantic/train/road_1003_1_jpg.rf.5124bf142447414596de6265b07441a2_mask.png,road_1003,val,640,640,True,False
road_crack,road crack dataset semantic/train/road_1003_2_jpg.rf.9456e6ded010a560e3c26c72b10edb6d.jpg,road crack dataset semantic/train/road_1003_2_jpg.rf.9456e6ded010a560e3c26c72b10edb6d_mask.png,road_1003,val,640,640,True,False
road_crack,road crack dataset semantic/train/road_1003_4_jpg.rf.9eeaee744ffd1f0df097ca66d896bc41.jpg,road crack dataset semantic/train/road_1003_4_jpg.rf.9eeaee744ffd1f0df097ca66d896bc41_mask.png,road_1003,val,640,640,True,False
road_crack,road crack dataset semantic/train/road_1003_2_jpg.rf.2bfdee14379d5f81197f01200dc98acd.jpg,road crack dataset semantic/train/road_1003_2_jpg.rf.2bfdee14379d5f81197f01200dc98acd_mask.png,road_1003,val,640,640,True,False
road_crack,road crack dataset semantic/train/road_1003_2_jpg.rf.47019a0d1a7563678e7959afd6c5bd89.jpg,road crack dataset semantic/train/road_1003_2_jpg.rf.47019a0d1a7563678e7959afd6c5bd89_mask.png,road_1003,val,640,640,True,False
road_crack,road crack dataset semantic/train/road_1003_2_jpg.rf.99f3c063066c40889730db03b358c91e.jpg,road crack dataset semantic/train/road_1003_2_jpg.rf.99f3c063066c40889730db03b358c91e_mask.png,road_1003,val,640,640,True,False
road_crack,road crack dataset semantic/train/road_1003_2_jpg.rf.1f1ae57e98726249734bb41de4f93092.jpg,road crack dataset semantic/train/road_1003_2_jpg.rf.1f1ae57e98726249734bb41de4f93092_mask.png,road_1003,val,640,640,True,False
road_crack,road crack dataset semantic/train/road_1003_4_jpg.rf.9b467a51add9ea1de862eda1dee4df92.jpg,road crack dataset semantic/train/road_1003_4_jpg.rf.9b467a51add9ea1de862eda1dee4df92_mask.png,road_1003,val,640,640,True,False
road_crack,road crack dataset semantic/train/road_1003_1_jpg.rf.d9489a7a956159bd8901d48bbe404813.jpg,road crack dataset semantic/train/road_1003_1_jpg.rf.d9489a7a956159bd8901d48bbe404813_mask.png,road_1003,val,640,640,True,False
road_crack,road crack dataset semantic/train/road_1003_1_jpg.rf.ddd7fa09307f61b035aadeab2fd78958.jpg,road crack dataset semantic/train/road_1003_1_jpg.rf.ddd7fa09307f61b035aadeab2fd78958_mask.png,road_1003,val,640,640,True,False
road_crack,road crack dataset semantic/train/road_1003_2_jpg.rf.66e7015e5aab9f68c9bf99e693c128db.jpg,road crack dataset semantic/train/road_1003_2_jpg.rf.66e7015e5aab9f68c9bf99e693c128db_mask.png,road_1003,val,640,640,True,False
road_crack,road crack dataset semantic/train/road_1003_1_jpg.rf.03afe2ceffcf3f54d0632ac39435dd99.jpg,road crack dataset semantic/train/road_1003_1_jpg.rf.03afe2ceffcf3f54d0632ac39435dd99_mask.png,road_1003,val,640,640,True,False
road_crack,road crack dataset semantic/train/road_1003_4_jpg.rf.8b771a7b7efa6ef5010820b6cec2035c.jpg,road crack dataset semantic/train/road_1003_4_jpg.rf.8b771a7b7efa6ef5010820b6cec2035c_mask.png,road_1003,val,640,640,True,False
road_crack,road crack dataset semantic/train/road_1003_5_jpg.rf.8f5ab6c787d4fa1f13e62eee34459cc2.jpg,road crack dataset semantic/train/road_1003_5_jpg.rf.8f5ab6c787d4fa1f13e62eee34459cc2_mask.png,road_1003,val,640,640,True,False
road_crack,road crack dataset semantic/train/road_1003_5_jpg.rf.458d443475a0c1bb627f5c5c50512c1d.jpg,road crack dataset semantic/train/road_1003_5_jpg.rf.458d443475a0c1bb627f5c5c50512c1d_mask.png,road_1003,val,640,640,True,False
road_crack,road crack dataset semantic/train/road_1031_2_jpg.rf.a20f9dd0af2b55508b4861831be943be.jpg,road crack dataset semantic/train/road_1031_2_jpg.rf.a20f9dd0af2b55508b4861831be943be_mask.png,road_1031,test,640,640,True,False
road_crack,road crack dataset semantic/train/road_1031_3_jpg.rf.5ba57cacadea1def12f1e5b5b4dfee04.jpg,road crack dataset semantic/train/road_1031_3_jpg.rf.5ba57cacadea1def12f1e5b5b4dfee04_mask.png,road_1031,test,640,640,True,False
road_crack,road crack dataset semantic/train/road_1031_2_jpg.rf.849b00cf238aa678f61e948afac4c108.jpg,road crack dataset semantic/train/road_1031_2_jpg.rf.849b00cf238aa678f61e948afac4c108_mask.png,road_1031,test,640,640,True,False
road_crack,road crack dataset semantic/train/road_1031_2_jpg.rf.262df18994426790f3be9763030d5978.jpg,road crack dataset semantic/train/road_1031_2_jpg.rf.262df18994426790f3be9763030d5978_mask.png,road_1031,test,640,640,True,False
road_crack,road crack dataset semantic/train/road_1031_3_jpg.rf.540a3f4591c4db41950dfb3d37ffdaf2.jpg,road crack dataset semantic/train/road_1031_3_jpg.rf.540a3f4591c4db41950dfb3d37ffdaf2_mask.png,road_1031,test,640,640,True,False
road_crack,road crack dataset semantic/train/road_1031_2_jpg.rf.2944eafab4dd089acad488cd53c565bd.jpg,road crack dataset semantic/train/road_1031_2_jpg.rf.2944eafab4dd089acad488cd53c565bd_mask.png,road_1031,test,640,640,True,False
road_crack,road crack dataset semantic/train/road_1031_3_jpg.rf.b7fe2968572bc2a7f1fe5bfb18d90ef9.jpg,road crack dataset semantic/train/road_1031_3_jpg.rf.b7fe2968572bc2a7f1fe5bfb18d90ef9_mask.png,road_1031,test,640,640,True,False
road_crack,road crack dataset semantic/train/road_1031_3_jpg.rf.e3efc4795e3f675212f26d0c92612f14.jpg,road crack dataset semantic/train/road_1031_3_jpg.rf.e3efc4795e3f675212f26d0c92612f14_mask.png,road_1031,test,640,640,True,False
road_crack,road crack dataset semantic/train/road_1031_2_jpg.rf.8192a7501f23465e08c5d066ee44708e.jpg,road crack dataset semantic/train/road_1031_2_jpg.rf.8192a7501f23465e08c5d066ee44708e_mask.png,road_1031,test,640,640,True,False
road_crack,road crack dataset semantic/train/road_1031_3_jpg.rf.e146267c7fed1607c7b99a9771a4b3eb.jpg,road crack dataset semantic/train/road_1031_3_jpg.rf.e146267c7fed1607c7b99a9771a4b3eb_mask.png,road_1031,test,640,640,True,False
road_crack,road crack dataset semantic/train/road_1031_3_jpg.rf.c179f1caa146e7d613fe4a3e2d80570a.jpg,road crack dataset semantic/train/road_1031_3_jpg.rf.c179f1caa146e7d613fe4a3e2d80570a_mask.png,road_1031,test,640,640,True,False
road_crack,road crack dataset semantic/train/road_1031_2_jpg.rf.f561440a33fc1acf712a2b441af0e2c7.jpg,road crack dataset semantic/train/road_1031_2_jpg.rf.f561440a33fc1acf712a2b441af0e2c7_mask.png,road_1031,test,640,640,True,False
road_crack,road crack dataset semantic/train/road_1031_2_jpg.rf.ed51cc063b1c30154d96a0fd38b288a7.jpg,road crack dataset semantic/train/road_1031_2_jpg.rf.ed51cc063b1c30154d96a0fd38b288a7_mask.png,road_1031,test,640,640,True,False
road_crack,road crack dataset semantic/train/road_1031_3_jpg.rf.2b3eb86683b4c3bf3bd3232e57d8b537.jpg,road crack dataset semantic/train/road_1031_3_jpg.rf.2b3eb86683b4c3bf3bd3232e57d8b537_mask.png,road_1031,test,640,640,True,False
road_crack,road crack dataset semantic/train/road_1031_2_jpg.rf.bdfa9ae163db19a262b164301762037c.jpg,road crack dataset semantic/train/road_1031_2_jpg.rf.bdfa9ae163db19a262b164301762037c_mask.png,road_1031,test,640,640,True,False
road_crack,road crack dataset semantic/train/road_1031_3_jpg.rf.0a2b11c6aa1b46dfe010b47375273c67.jpg,road crack dataset semantic/train/road_1031_3_jpg.rf.0a2b11c6aa1b46dfe010b47375273c67_mask.png,road_1031,test,640,640,True,False
road_crack,road crack dataset semantic/train/road_1011_2_jpg.rf.f348ff5b3ba5fb65b64d632bf7a8cde8.jpg,road crack dataset semantic/train/road_1011_2_jpg.rf.f348ff5b3ba5fb65b64d632bf7a8cde8_mask.png,road_1011,train,640,640,True,False
road_crack,road crack dataset semantic/train/road_1011_2_jpg.rf.504546e3326336f22902e77726cf91a5.jpg,road crack dataset semantic/train/road_1011_2_jpg.rf.504546e3326336f22902e77726cf91a5_mask.png,road_1011,train,640,640,True,False
road_crack,road crack dataset semantic/train/road_1011_2_jpg.rf.241409cc1a3d4aa5f9eccb1bd690bc7b.jpg,road crack dataset semantic/train/road_1011_2_jpg.rf.241409cc1a3d4aa5f9eccb1bd690bc7b_mask.png,road_1011,train,640,640,True,False
road_crack,road crack dataset semantic/train/road_1011_5_jpg.rf.c4c806dc0d67f9cc7fe85c56e528bb5c.jpg,road crack dataset semantic/train/road_1011_5_jpg.rf.c4c806dc0d67f9cc7fe85c56e528bb5c_mask.png,road_1011,train,640,640,True,False
road_crack,road crack dataset semantic/train/road_1011_5_jpg.rf.9eb88e12cc7b57294cd3cdec7bfd5279.jpg,road crack dataset semantic/train/road_1011_5_jpg.rf.9eb88e12cc7b57294cd3cdec7bfd5279_mask.png,road_1011,train,640,640,True,False
road_crack,road crack dataset semantic/train/road_1011_2_jpg.rf.0160aa4fdfae3744e2d6a522ee1d201c.jpg,road crack dataset semantic/train/road_1011_2_jpg.rf.0160aa4fdfae3744e2d6a522ee1d201c_mask.png,road_1011,train,640,640,True,False
road_crack,road crack dataset semantic/train/road_1011_2_jpg.rf.77bd8fb8e8f3e4bf45b1f75e19e5731f.jpg,road crack dataset semantic/train/road_1011_2_jpg.rf.77bd8fb8e8f3e4bf45b1f75e19e5731f_mask.png,road_1011,train,640,640,True,False
road_crack,road crack dataset semantic/train/road_1011_1_jpg.rf.d4017b221eee0f16316a6989a45f1d37.jpg,road crack dataset semantic/train/road_1011_1_jpg.rf.d4017b221eee0f16316a6989a45f1d37_mask.png,road_1011,train,640,640,True,False
road_crack,road crack dataset semantic/train/road_1011_2_jpg.rf.ceb5d6d65f8c164dde24f2fcd071a3e8.jpg,road crack dataset semantic/train/road_1011_2_jpg.rf.ceb5d6d65f8c164dde24f2fcd071a3e8_mask.png,road_1011,train,640,640,True,False
road_crack,road crack dataset semantic/train/road_1011_2_jpg.rf.ba990b70385125b997519c3c13f8ffe7.jpg,road crack dataset semantic/train/road_1011_2_jpg.rf.ba990b70385125b997519c3c13f8ffe7_mask.png,road_1011,train,640,640,True,False
road_crack,road crack dataset semantic/train/road_1011_1_jpg.rf.07f7625745a58951edfeae326de4dd16.jpg,road crack dataset semantic/train/road_1011_1_jpg.rf.07f7625745a58951edfeae326de4dd16_mask.png,road_1011,train,640,640,True,False
road_crack,road crack dataset semantic/train/road_1011_1_jpg.rf.56dcb3cbf7fa7428a74f58013dc63046.jpg,road crack dataset semantic/train/road_1011_1_jpg.rf.56dcb3cbf7fa7428a74f58013dc63046_mask.png,road_1011,train,640,640,True,False
road_crack,road crack dataset semantic/train/road_1011_5_jpg.rf.5d1bc68cd3243d5ef66b3754d7e3166c.jpg,road crack dataset semantic/train/road_1011_5_jpg.rf.5d1bc68cd3243d5ef66b3754d7e3166c_mask.png,road_1011,train,640,640,True,False
road_crack,road crack dataset semantic/train/road_1011_2_jpg.rf.02f4ca8e42290fd639a5766c9c7482f8.jpg,road crack dataset semantic/train/road_1011_2_jpg.rf.02f4ca8e42290fd639a5766c9c7482f8_mask.png,road_1011,train,640,640,True,False
road_crack,road crack dataset semantic/train/road_1010_1_jpg.rf.86bf00dc7ad738e4c86da4fee08cb04f.jpg,road crack dataset semantic/train/road_1010_1_jpg.rf.86bf00dc7ad738e4c86da4fee08cb04f_mask.png,road_1010,test,640,640,True,False
road_crack,road crack dataset semantic/train/road_1010_1_jpg.rf.1996059dd3ff5db5164424291188de00.jpg,road crack dataset semantic/train/road_1010_1_jpg.rf.1996059dd3ff5db5164424291188de00_mask.png,road_1010,test,640,640,True,False
road_crack,road crack dataset semantic/train/road_1010_5_jpg.rf.ba5e1b4b7db76c0f2b525d244e6ae5e0.jpg,road crack dataset semantic/train/road_1010_5_jpg.rf.ba5e1b4b7db76c0f2b525d244e6ae5e0_mask.png,road_1010,test,640,640,True,False
road_crack,road crack dataset semantic/train/road_1010_1_jpg.rf.03bb8ce4d5381a74215102031a405f6e.jpg,road crack dataset semantic/train/road_1010_1_jpg.rf.03bb8ce4d5381a74215102031a405f6e_mask.png,road_1010,test,640,640,True,False
road_crack,road crack dataset semantic/train/road_1010_1_jpg.rf.069431fa7438c5ac38d9ec9557998198.jpg,road crack dataset semantic/train/road_1010_1_jpg.rf.069431fa7438c5ac38d9ec9557998198_mask.png,road_1010,test,640,640,True,False
road_crack,road crack dataset semantic/train/road_1010_5_jpg.rf.b626115b7764f391e4dd3ee4c66f24c4.jpg,road crack dataset semantic/train/road_1010_5_jpg.rf.b626115b7764f391e4dd3ee4c66f24c4_mask.png,road_1010,test,640,640,True,False
road_crack,road crack dataset semantic/train/road_1010_1_jpg.rf.f9ef05c3a74abf8bb7e0618ace88d1e1.jpg,road crack dataset semantic/train/road_1010_1_jpg.rf.f9ef05c3a74abf8bb7e0618ace88d1e1_mask.png,road_1010,test,640,640,True,False
road_crack,road crack dataset semantic/train/road_1010_5_jpg.rf.5ea5714893abb31cdc27205dba90668a.jpg,road crack dataset semantic/train/road_1010_5_jpg.rf.5ea5714893abb31cdc27205dba90668a_mask.png,road_1010,test,640,640,True,False
road_crack,road crack dataset semantic/train/road_1010_5_jpg.rf.1c068f604a746e793aae2d25a704f642.jpg,road crack dataset semantic/train/road_1010_5_jpg.rf.1c068f604a746e793aae2d25a704f642_mask.png,road_1010,test,640,640,True,False
road_crack,road crack dataset semantic/train/road_1010_5_jpg.rf.261b49dfec7dd0ccd6af054ba17a3258.jpg,road crack dataset semantic/train/road_1010_5_jpg.rf.261b49dfec7dd0ccd6af054ba17a3258_mask.png,road_1010,test,640,640,True,False
road_crack,road crack dataset semantic/train/road_1010_1_jpg.rf.58bb9475ecda1481fa4183a940a4adda.jpg,road crack dataset semantic/train/road_1010_1_jpg.rf.58bb9475ecda1481fa4183a940a4adda_mask.png,road_1010,test,640,640,True,False
road_crack,road crack dataset semantic/train/road_1010_1_jpg.rf.640d9374a80b807910701b7842de35ca.jpg,road crack dataset semantic/train/road_1010_1_jpg.rf.640d9374a80b807910701b7842de35ca_mask.png,road_1010,test,640,640,True,False
road_crack,road crack dataset semantic/train/road_1010_5_jpg.rf.56bb33d1d43877c6eea00bd92270ad23.jpg,road crack dataset semantic/train/road_1010_5_jpg.rf.56bb33d1d43877c6eea00bd92270ad23_mask.png,road_1010,test,640,640,True,False
road_crack,road crack dataset semantic/train/road_1010_1_jpg.rf.42c90f4b626507889209caf032c28411.jpg,road crack dataset semantic/train/road_1010_1_jpg.rf.42c90f4b626507889209caf032c28411_mask.png,road_1010,test,640,640,True,False
road_crack,road crack dataset semantic/train/road_1028_5_jpg.rf.8de1e51cb49732471fe86df16a4cd2be.jpg,road crack dataset semantic/train/road_1028_5_jpg.rf.8de1e51cb49732471fe86df16a4cd2be_mask.png,road_1028,train,640,640,True,False
road_crack,road crack dataset semantic/train/road_1028_5_jpg.rf.ffe43a279826995f2687e897faa53a79.jpg,road crack dataset semantic/train/road_1028_5_jpg.rf.ffe43a279826995f2687e897faa53a79_mask.png,road_1028,train,640,640,True,False
road_crack,road crack dataset semantic/train/road_1028_5_jpg.rf.fd5da3228b700f3d63e43f40df6cea62.jpg,road crack dataset semantic/train/road_1028_5_jpg.rf.fd5da3228b700f3d63e43f40df6cea62_mask.png,road_1028,train,640,640,True,False
road_crack,road crack dataset semantic/train/road_1028_5_jpg.rf.f134144b273500a8d0cd8f4b1f6e279b.jpg,road crack dataset semantic/train/road_1028_5_jpg.rf.f134144b273500a8d0cd8f4b1f6e279b_mask.png,road_1028,train,640,640,True,False
road_crack,road crack dataset semantic/train/road_1028_5_jpg.rf.a303d03878b0d88aa6d44302cf92ef2b.jpg,road crack dataset semantic/train/road_1028_5_jpg.rf.a303d03878b0d88aa6d44302cf92ef2b_mask.png,road_1028,train,640,640,True,False
road_crack,road crack dataset semantic/train/road_1028_5_jpg.rf.27a891c99ebcc2cfee71b18e1b0e20fa.jpg,road crack dataset semantic/train/road_1028_5_jpg.rf.27a891c99ebcc2cfee71b18e1b0e20fa_mask.png,road_1028,train,640,640,True,False
road_crack,road crack dataset semantic/train/road_1028_5_jpg.rf.5f0c9a70f01cd6964298bc3608380127.jpg,road crack dataset semantic/train/road_1028_5_jpg.rf.5f0c9a70f01cd6964298bc3608380127_mask.png,road_1028,train,640,640,True,False
road_crack,road crack dataset semantic/train/road_1028_5_jpg.rf.15246f3093599d9664615ce00f94e958.jpg,road crack dataset semantic/train/road_1028_5_jpg.rf.15246f3093599d9664615ce00f94e958_mask.png,road_1028,train,640,640,True,False
road_crack,road crack dataset semantic/train/road_1028_5_jpg.rf.c4fbf6654004371285acb5c5ae1c8b4a.jpg,road crack dataset semantic/train/road_1028_5_jpg.rf.c4fbf6654004371285acb5c5ae1c8b4a_mask.png,road_1028,train,640,640,True,False
road_crack,road crack dataset semantic/train/road_1006_5_jpg.rf.004c9e5e012ecca0c197fc4e59746550.jpg,road crack dataset semantic/train/road_1006_5_jpg.rf.004c9e5e012ecca0c197fc4e59746550_mask.png,road_1006,val,640,640,True,False
road_crack,road crack dataset semantic/train/road_1006_1_jpg.rf.23b4f5c5e965f88e5d7da5d9e49230e0.jpg,road crack dataset semantic/train/road_1006_1_jpg.rf.23b4f5c5e965f88e5d7da5d9e49230e0_mask.png,road_1006,val,640,640,True,False
road_crack,road crack dataset semantic/train/road_1006_2_jpg.rf.0446f6b90c626eb235b9d1b96a443f9e.jpg,road crack dataset semantic/train/road_1006_2_jpg.rf.0446f6b90c626eb235b9d1b96a443f9e_mask.png,road_1006,val,640,640,True,False
road_crack,road crack dataset semantic/train/road_1006_2_jpg.rf.3778ddc160175ebe3c8cd074d4298ae6.jpg,road crack dataset semantic/train/road_1006_2_jpg.rf.3778ddc160175ebe3c8cd074d4298ae6_mask.png,road_1006,val,640,640,True,False
road_crack,road crack dataset semantic/train/road_1006_2_jpg.rf.7671a53bd1a762b1ffb7d0d8df1dbf71.jpg,road crack dataset semantic/train/road_1006_2_jpg.rf.7671a53bd1a762b1ffb7d0d8df1dbf71_mask.png,road_1006,val,640,640,True,False
road_crack,road crack dataset semantic/train/road_1006_0_jpg.rf.d40101d0747c1a55c25de0ead7cf8540.jpg,road crack dataset semantic/train/road_1006_0_jpg.rf.d40101d0747c1a55c25de0ead7cf8540_mask.png,road_1006,val,640,640,True,False
road_crack,road crack dataset semantic/train/road_1006_0_jpg.rf.1c824735722398e96ba13bf1bfc58286.jpg,road crack dataset semantic/train/road_1006_0_jpg.rf.1c824735722398e96ba13bf1bfc58286_mask.png,road_1006,val,640,640,True,False
road_crack,road crack dataset semantic/train/road_1006_0_jpg.rf.2bc37d8f241bb654a38f2133b729f5f2.jpg,road crack dataset semantic/train/road_1006_0_jpg.rf.2bc37d8f241bb654a38f2133b729f5f2_mask.png,road_1006,val,640,640,True,False
road_crack,road crack dataset semantic/train/road_1006_0_jpg.rf.927cf463f7eecb22de6213f73c01d168.jpg,road crack dataset semantic/train/road_1006_0_jpg.rf.927cf463f7eecb22de6213f73c01d168_mask.png,road_1006,val,640,640,True,False
road_crack,road crack dataset semantic/train/road_1006_5_jpg.rf.f2948163aa88c903dd4c68a298f3e0a4.jpg,road crack dataset semantic/train/road_1006_5_jpg.rf.f2948163aa88c903dd4c68a298f3e0a4_mask.png,road_1006,val,640,640,True,False
road_crack,road crack dataset semantic/train/road_1006_0_jpg.rf.3a123e60883f4b34d2c6885d0659f09a.jpg,road crack dataset semantic/train/road_1006_0_jpg.rf.3a123e60883f4b34d2c6885d0659f09a_mask.png,road_1006,val,640,640,True,False
road_crack,road crack dataset semantic/train/road_1006_0_jpg.rf.851ed3a51f5b0c3f302e9bab60199662.jpg,road crack dataset semantic/train/road_1006_0_jpg.rf.851ed3a51f5b0c3f302e9bab60199662_mask.png,road_1006,val,640,640,True,False
road_crack,road crack dataset semantic/train/road_1006_1_jpg.rf.5ddb58403fc3929b967e81e1e6e354b1.jpg,road crack dataset semantic/train/road_1006_1_jpg.rf.5ddb58403fc3929b967e81e1e6e354b1_mask.png,road_1006,val,640,640,True,False
road_crack,road crack dataset semantic/train/road_1006_2_jpg.rf.b7e0cd1fabfd54f80317ab1dedb20542.jpg,road crack dataset semantic/train/road_1006_2_jpg.rf.b7e0cd1fabfd54f80317ab1dedb20542_mask.png,road_1006,val,640,640,True,False
road_crack,road crack dataset semantic/train/road_1006_2_jpg.rf.abbdf5e4ad20527335b85503645bab28.jpg,road crack dataset semantic/train/road_1006_2_jpg.rf.abbdf5e4ad20527335b85503645bab28_mask.png,road_1006,val,640,640,True,False
road_crack,road crack dataset semantic/train/road_1006_0_jpg.rf.6e413956a33f6ef76c910a6c81352dc6.jpg,road crack dataset semantic/train/road_1006_0_jpg.rf.6e413956a33f6ef76c910a6c81352dc6_mask.png,road_1006,val,640,640,True,False
road_crack,road crack dataset semantic/train/road_1006_2_jpg.rf.8780c167054fdb1ee44d908dd9ddc5e9.jpg,road crack dataset semantic/train/road_1006_2_jpg.rf.8780c167054fdb1ee44d908dd9ddc5e9_mask.png,road_1006,val,640,640,True,False
road_crack,road crack dataset semantic/train/road_1006_2_jpg.rf.1cf2c7fe1298430e82b46ff611173f5f.jpg,road crack dataset semantic/train/road_1006_2_jpg.rf.1cf2c7fe1298430e82b46ff611173f5f_mask.png,road_1006,val,640,640,True,False
road_crack,road crack dataset semantic/train/road_1006_0_jpg.rf.c2e268bb6b9eb8c96b25a1e5a1b70010.jpg,road crack dataset semantic/train/road_1006_0_jpg.rf.c2e268bb6b9eb8c96b25a1e5a1b70010_mask.png,road_1006,val,640,640,True,False
road_crack,road crack dataset semantic/train/road_1006_2_jpg.rf.3e8be3280fa7cf3ac2a06290455f19d2.jpg,road crack dataset semantic/train/road_1006_2_jpg.rf.3e8be3280fa7cf3ac2a06290455f19d2_mask.png,road_1006,val,640,640,True,False
road_crack,road crack dataset semantic/train/road_1006_5_jpg.rf.1c1b17954799c3d3e6167d13622f7389.jpg,road crack dataset semantic/train/road_1006_5_jpg.rf.1c1b17954799c3d3e6167d13622f7389_mask.png,road_1006,val,640,640,True,False
road_crack,road crack dataset semantic/train/road_1006_0_jpg.rf.e0d6c24641071b901c93cb94ff238eb0.jpg,road crack dataset semantic/train/road_1006_0_jpg.rf.e0d6c24641071b901c93cb94ff238eb0_mask.png,road_1006,val,640,640,True,False
road_crack,road crack dataset semantic/train/road_1032_1_jpg.rf.7d96ef7c2b24c0ad0551e67f8538fbc7.jpg,road crack dataset semantic/train/road_1032_1_jpg.rf.7d96ef7c2b24c0ad0551e67f8538fbc7_mask.png,road_1032,train,640,640,True,False
road_crack,road crack dataset semantic/train/road_1032_1_jpg.rf.ad70d68facc82064adc3b154868207e6.jpg,road crack dataset semantic/train/road_1032_1_jpg.rf.ad70d68facc82064adc3b154868207e6_mask.png,road_1032,train,640,640,True,False
road_crack,road crack dataset semantic/train/road_1032_1_jpg.rf.3403242eb60b50778b6b39b82539fff3.jpg,road crack dataset semantic/train/road_1032_1_jpg.rf.3403242eb60b50778b6b39b82539fff3_mask.png,road_1032,train,640,640,True,False
road_crack,road crack dataset semantic/train/road_1032_1_jpg.rf.3cd83ee5e8a4a412523c11a14fc97726.jpg,road crack dataset semantic/train/road_1032_1_jpg.rf.3cd83ee5e8a4a412523c11a14fc97726_mask.png,road_1032,train,640,640,True,False
road_crack,road crack dataset semantic/train/road_1032_1_jpg.rf.ed5b7ffa0887db8d177b9b9be1a957e7.jpg,road crack dataset semantic/train/road_1032_1_jpg.rf.ed5b7ffa0887db8d177b9b9be1a957e7_mask.png,road_1032,train,640,640,True,False
road_crack,road crack dataset semantic/train/road_1032_1_jpg.rf.7e1f384d22572999c37de3f86cc6bba1.jpg,road crack dataset semantic/train/road_1032_1_jpg.rf.7e1f384d22572999c37de3f86cc6bba1_mask.png,road_1032,train,640,640,True,False
road_crack,road crack dataset semantic/train/road_1032_1_jpg.rf.19659c72f0a25016b6e3708731aebb1a.jpg,road crack dataset semantic/train/road_1032_1_jpg.rf.19659c72f0a25016b6e3708731aebb1a_mask.png,road_1032,train,640,640,True,False
road_crack,road crack dataset semantic/train/road_1032_1_jpg.rf.e87148c24a3d7040371c0cb4c15b05a6.jpg,road crack dataset semantic/train/road_1032_1_jpg.rf.e87148c24a3d7040371c0cb4c15b05a6_mask.png,road_1032,train,640,640,True,False
road_crack,road crack dataset semantic/train/road_1032_1_jpg.rf.0220a7ca9cfa32e94d2cd576f14c698f.jpg,road crack dataset semantic/train/road_1032_1_jpg.rf.0220a7ca9cfa32e94d2cd576f14c698f_mask.png,road_1032,train,640,640,True,False
road_crack,road crack dataset semantic/train/road_1008_4_jpg.rf.bbcb2f774c0a65b99092c1c82a3a323b.jpg,road crack dataset semantic/train/road_1008_4_jpg.rf.bbcb2f774c0a65b99092c1c82a3a323b_mask.png,road_1008,train,640,640,True,False
road_crack,road crack dataset semantic/train/road_1008_2_jpg.rf.db985600fcf9d5c23e4e613840c7dae9.jpg,road crack dataset semantic/train/road_1008_2_jpg.rf.db985600fcf9d5c23e4e613840c7dae9_mask.png,road_1008,train,640,640,True,False
road_crack,road crack dataset semantic/train/road_1008_2_jpg.rf.a0b78f59c734a934b19eb10055731523.jpg,road crack dataset semantic/train/road_1008_2_jpg.rf.a0b78f59c734a934b19eb10055731523_mask.png,road_1008,train,640,640,True,False
road_crack,road crack dataset semantic/train/road_1008_1_jpg.rf.8f338895ab1cc3ebc0c9ee3a345f56c7.jpg,road crack dataset semantic/train/road_1008_1_jpg.rf.8f338895ab1cc3ebc0c9ee3a345f56c7_mask.png,road_1008,train,640,640,True,False
road_crack,road crack dataset semantic/train/road_1008_2_jpg.rf.1165143cdd0213f407d33bad65ed624f.jpg,road crack dataset semantic/train/road_1008_2_jpg.rf.1165143cdd0213f407d33bad65ed624f_mask.png,road_1008,train,640,640,True,False
road_crack,road crack dataset semantic/train/road_1008_4_jpg.rf.1d8bfe5b4bae2f998916eeb808bff796.jpg,road crack dataset semantic/train/road_1008_4_jpg.rf.1d8bfe5b4bae2f998916eeb808bff796_mask.png,road_1008,train,640,640,True,False
road_crack,road crack dataset semantic/train/road_1008_2_jpg.rf.38bf320f0db9c4b9791787f2bf38d776.jpg,road crack dataset semantic/train/road_1008_2_jpg.rf.38bf320f0db9c4b9791787f2bf38d776_mask.png,road_1008,train,640,640,True,False
road_crack,road crack dataset semantic/train/road_1008_5_jpg.rf.d716950ba024c9194aaba287367fa760.jpg,road crack dataset semantic/train/road_1008_5_jpg.rf.d716950ba024c9194aaba287367fa760_mask.png,road_1008,train,640,640,True,False
road_crack,road crack dataset semantic/train/road_1008_1_jpg.rf.8dc8ca2cf8e07283d132df122835b282.jpg,road crack dataset semantic/train/road_1008_1_jpg.rf.8dc8ca2cf8e07283d132df122835b282_mask.png,road_1008,train,640,640,True,False
road_crack,road crack dataset semantic/train/road_1008_5_jpg.rf.b1474607c617a29ebff898284e451f96.jpg,road crack dataset semantic/train/road_1008_5_jpg.rf.b1474607c617a29ebff898284e451f96_mask.png,road_1008,train,640,640,True,False
road_crack,road crack dataset semantic/train/road_1008_2_jpg.rf.8394d92246ad04583ca6d15cd1007caa.jpg,road crack dataset semantic/train/road_1008_2_jpg.rf.8394d92246ad04583ca6d15cd1007caa_mask.png,road_1008,train,640,640,True,False
road_crack,road crack dataset semantic/train/road_1008_5_jpg.rf.35ffab85402c7ec4a53d61549c73315a.jpg,road crack dataset semantic/train/road_1008_5_jpg.rf.35ffab85402c7ec4a53d61549c73315a_mask.png,road_1008,train,640,640,True,False
road_crack,road crack dataset semantic/train/road_1008_4_jpg.rf.c51843bcc830ea57ae4f1dd5334299a0.jpg,road crack dataset semantic/train/road_1008_4_jpg.rf.c51843bcc830ea57ae4f1dd5334299a0_mask.png,road_1008,train,640,640,True,False
road_crack,road crack dataset semantic/train/road_1008_4_jpg.rf.6cd83d98f0cc177714ffccfd67d502cd.jpg,road crack dataset semantic/train/road_1008_4_jpg.rf.6cd83d98f0cc177714ffccfd67d502cd_mask.png,road_1008,train,640,640,True,False
road_crack,road crack dataset semantic/train/road_1008_1_jpg.rf.a9e4089d08cb071a07fb7d4f3b692574.jpg,road crack dataset semantic/train/road_1008_1_jpg.rf.a9e4089d08cb071a07fb7d4f3b692574_mask.png,road_1008,train,640,640,True,False
road_crack,road crack dataset semantic/train/road_1008_2_jpg.rf.7957f703fb9a34a40077ecf3c423d28d.jpg,road crack dataset semantic/train/road_1008_2_jpg.rf.7957f703fb9a34a40077ecf3c423d28d_mask.png,road_1008,train,640,640,True,False
road_crack,road crack dataset semantic/train/road_1008_4_jpg.rf.080305df4fbf0caffffb0a984293ba7c.jpg,road crack dataset semantic/train/road_1008_4_jpg.rf.080305df4fbf0caffffb0a984293ba7c_mask.png,road_1008,train,640,640,True,False
road_crack,road crack dataset semantic/train/road_1008_2_jpg.rf.167de7a2da58e63c84adbdae981dfc6f.jpg,road crack dataset semantic/train/road_1008_2_jpg.rf.167de7a2da58e63c84adbdae981dfc6f_mask.png,road_1008,train,640,640,True,False
road_crack,road crack dataset semantic/train/road_1008_5_jpg.rf.24b78975248b67f7b0a485b5956efe48.jpg,road crack dataset semantic/train/road_1008_5_jpg.rf.24b78975248b67f7b0a485b5956efe48_mask.png,road_1008,train,640,640,True,False
road_crack,road crack dataset semantic/train/road_1008_5_jpg.rf.9d0d13b3f10a707133eb407a087ea005.jpg,road crack dataset semantic/train/road_1008_5_jpg.rf.9d0d13b3f10a707133eb407a087ea005_mask.png,road_1008,train,640,640,True,False
road_crack,road crack dataset semantic/train/road_1008_4_jpg.rf.fb4b45e064be6ad474e9fcaa85befa07.jpg,road crack dataset semantic/train/road_1008_4_jpg.rf.fb4b45e064be6ad474e9fcaa85befa07_mask.png,road_1008,train,640,640,True,False
road_crack,road crack dataset semantic/train/road_1008_2_jpg.rf.8a77fe2c3a2e874bd15f22a4c7dacbf4.jpg,road crack dataset semantic/train/road_1008_2_jpg.rf.8a77fe2c3a2e874bd15f22a4c7dacbf4_mask.png,road_1008,train,640,640,True,False
road_crack,road crack dataset semantic/train/road_1008_4_jpg.rf.f26b5cabb0e76c7d31483991ab734b6f.jpg,road crack dataset semantic/train/road_1008_4_jpg.rf.f26b5cabb0e76c7d31483991ab734b6f_mask.png,road_1008,train,640,640,True,False
road_crack,road crack dataset semantic/train/road_1008_4_jpg.rf.3f1bf28fce856d7db1208bf243f94244.jpg,road crack dataset semantic/train/road_1008_4_jpg.rf.3f1bf28fce856d7db1208bf243f94244_mask.png,road_1008,train,640,640,True,False
road_crack,road crack dataset semantic/train/road_1008_5_jpg.rf.8cde432fab70265cc2aed82df877a84b.jpg,road crack dataset semantic/train/road_1008_5_jpg.rf.8cde432fab70265cc2aed82df877a84b_mask.png,road_1008,train,640,640,True,False
road_crack,road crack dataset semantic/train/road_1008_2_jpg.rf.c6badef406e425ba419a1d1531c3a836.jpg,road crack dataset semantic/train/road_1008_2_jpg.rf.c6badef406e425ba419a1d1531c3a836_mask.png,road_1008,train,640,640,True,False
road_crack,road crack dataset semantic/train/road_1024_5_jpg.rf.2f3cf6d92b6bc3548a32abe960f18828.jpg,road crack dataset semantic/train/road_1024_5_jpg.rf.2f3cf6d92b6bc3548a32abe960f18828_mask.png,road_1024,train,640,640,True,False
road_crack,road crack dataset semantic/train/road_1024_5_jpg.rf.25faabf2faac85deda919e4ccbb0356d.jpg,road crack dataset semantic/train/road_1024_5_jpg.rf.25faabf2faac85deda919e4ccbb0356d_mask.png,road_1024,train,640,640,True,False
road_crack,road crack dataset semantic/train/road_1024_5_jpg.rf.f428514ac363ae392a1ed61ec7c7324f.jpg,road crack dataset semantic/train/road_1024_5_jpg.rf.f428514ac363ae392a1ed61ec7c7324f_mask.png,road_1024,train,640,640,True,False
road_crack,road crack dataset semantic/train/road_1024_5_jpg.rf.497ab0583c33d2b0643c35c22f4fcebd.jpg,road crack dataset semantic/train/road_1024_5_jpg.rf.497ab0583c33d2b0643c35c22f4fcebd_mask.png,road_1024,train,640,640,True,False
road_crack,road crack dataset semantic/train/road_1024_5_jpg.rf.a945f231cf922cd9377ea3d52b5220f0.jpg,road crack dataset semantic/train/road_1024_5_jpg.rf.a945f231cf922cd9377ea3d52b5220f0_mask.png,road_1024,train,640,640,True,False
road_crack,road crack dataset semantic/train/road_1024_5_jpg.rf.c5537a7fe302484090e40bc4d0c4c2af.jpg,road crack dataset semantic/train/road_1024_5_jpg.rf.c5537a7fe302484090e40bc4d0c4c2af_mask.png,road_1024,train,640,640,True,False
road_crack,road crack dataset semantic/train/road_1024_5_jpg.rf.f506a651aba4bda5e9c8e208d0d8354b.jpg,road crack dataset semantic/train/road_1024_5_jpg.rf.f506a651aba4bda5e9c8e208d0d8354b_mask.png,road_1024,train,640,640,True,False
road_crack,road crack dataset semantic/train/road_1036_2_jpg.rf.a459d312b6137d1d49c06ac394b25fea.jpg,road crack dataset semantic/train/road_1036_2_jpg.rf.a459d312b6137d1d49c06ac394b25fea_mask.png,road_1036,train,640,640,True,False
road_crack,road crack dataset semantic/train/road_1036_2_jpg.rf.ccb21e835d4ec124533e44629d854e22.jpg,road crack dataset semantic/train/road_1036_2_jpg.rf.ccb21e835d4ec124533e44629d854e22_mask.png,road_1036,train,640,640,True,False
road_crack,road crack dataset semantic/train/road_1036_2_jpg.rf.f7fa3f60222bd646890c4ca06d6ba027.jpg,road crack dataset semantic/train/road_1036_2_jpg.rf.f7fa3f60222bd646890c4ca06d6ba027_mask.png,road_1036,train,640,640,True,False
road_crack,road crack dataset semantic/train/road_1036_2_jpg.rf.a1576856427ac0ffbe2b88dce3da967c.jpg,road crack dataset semantic/train/road_1036_2_jpg.rf.a1576856427ac0ffbe2b88dce3da967c_mask.png,road_1036,train,640,640,True,False
road_crack,road crack dataset semantic/train/road_1036_2_jpg.rf.9ca56920998597f61d737eb708ae9e24.jpg,road crack dataset semantic/train/road_1036_2_jpg.rf.9ca56920998597f61d737eb708ae9e24_mask.png,road_1036,train,640,640,True,False
road_crack,road crack dataset semantic/train/road_1036_2_jpg.rf.10ad4efc719df8e3e7ba18b21676c76d.jpg,road crack dataset semantic/train/road_1036_2_jpg.rf.10ad4efc719df8e3e7ba18b21676c76d_mask.png,road_1036,train,640,640,True,False
road_crack,road crack dataset semantic/train/road_1036_2_jpg.rf.57919f14d3d47f81c0047f8fe8d78870.jpg,road crack dataset semantic/train/road_1036_2_jpg.rf.57919f14d3d47f81c0047f8fe8d78870_mask.png,road_1036,train,640,640,True,False
road_crack,road crack dataset semantic/train/road_1036_2_jpg.rf.8c1dd91d22d8b7a6cf7e41e592829bdd.jpg,road crack dataset semantic/train/road_1036_2_jpg.rf.8c1dd91d22d8b7a6cf7e41e592829bdd_mask.png,road_1036,train,640,640,True,False
crack500,CRACK500/JPEGImages/images/20160222_165402.jpg,CRACK500/Annotations/masks/20160222_165402_mask.png,20160222_165402,train,2560,1440,True,False
crack500,CRACK500/JPEGImages/images/20160329_101342.jpg,CRACK500/Annotations/masks/20160329_101342_mask.png,20160329_101342,train,1440,2560,True,False
crack500,CRACK500/JPEGImages/images/20160407_163257.jpg,CRACK500/Annotations/masks/20160407_163257_mask.png,20160407_163257,train,1440,2560,True,False
crack500,CRACK500/JPEGImages/images/20160316_143445.jpg,CRACK500/Annotations/masks/20160316_143445_mask.png,20160316_143445,train,2560,1440,True,False
crack500,CRACK500/JPEGImages/images/20160307_162438.jpg,CRACK500/Annotations/masks/20160307_162438_mask.png,20160307_162438,train,1440,2560,True,False
crack500,CRACK500/JPEGImages/images/20160328_151504.jpg,CRACK500/Annotations/masks/20160328_151504_mask.png,20160328_151504,train,1440,2560,True,False
crack500,CRACK500/JPEGImages/images/20160328_153533.jpg,CRACK500/Annotations/masks/20160328_153533_mask.png,20160328_153533,train,1440,2560,True,False
crack500,CRACK500/JPEGImages/images/20160326_150319.jpg,CRACK500/Annotations/masks/20160326_150319_mask.png,20160326_150319,train,1440,2560,True,False
crack500,CRACK500/JPEGImages/images/20160329_103807.jpg,CRACK500/Annotations/masks/20160329_103807_mask.png,20160329_103807,train,1440,2560,True,False
crack500,CRACK500/JPEGImages/images/20160328_151151.jpg,CRACK500/Annotations/masks/20160328_151151_mask.png,20160328_151151,train,2560,1440,True,False
crack500,CRACK500/JPEGImages/images/IMG_5749.jpg,CRACK500/Annotations/masks/IMG_5749_mask.png,IMG_5749,train,3264,2448,True,False
crack500,CRACK500/JPEGImages/images/20160321_183951.jpg,CRACK500/Annotations/masks/20160321_183951_mask.png,20160321_183951,train,1440,2560,True,False
crack500,CRACK500/JPEGImages/images/IMG_5765.jpg,CRACK500/Annotations/masks/IMG_5765_mask.png,IMG_5765,train,2448,3264,True,False
crack500,CRACK500/JPEGImages/images/20160302_160033.jpg,CRACK500/Annotations/masks/20160302_160033_mask.png,20160302_160033,train,1440,2560,True,False
crack500,CRACK500/JPEGImages/images/IMG_5774.jpg,CRACK500/Annotations/masks/IMG_5774_mask.png,IMG_5774,train,2448,3264,True,False
crack500,CRACK500/JPEGImages/images/20160321_185557.jpg,CRACK500/Annotations/masks/20160321_185557_mask.png,20160321_185557,train,2560,1440,True,False
crack500,CRACK500/JPEGImages/images/20160330_170428.jpg,CRACK500/Annotations/masks/20160330_170428_mask.png,20160330_170428,train,1440,2560,True,False
crack500,CRACK500/JPEGImages/images/20160329_094055.jpg,CRACK500/Annotations/masks/20160329_094055_mask.png,20160329_094055,train,2560,1440,True,False
crack500,CRACK500/JPEGImages/images/IMG_2917.jpg,CRACK500/Annotations/masks/IMG_2917_mask.png,IMG_2917,train,1936,2592,True,False
crack500,CRACK500/JPEGImages/images/20160306_103816.jpg,CRACK500/Annotations/masks/20160306_103816_mask.png,20160306_103816,train,2560,1440,True,False
crack500,CRACK500/JPEGImages/images/20160222_115833.jpg,CRACK500/Annotations/masks/20160222_115833_mask.png,20160222_115833,train,1440,2560,True,False
crack500,CRACK500/JPEGImages/images/20160328_153829.jpg,CRACK500/Annotations/masks/20160328_153829_mask.png,20160328_153829,train,2560,1440,True,False
crack500,CRACK500/JPEGImages/images/20160330_170507.jpg,CRACK500/Annotations/masks/20160330_170507_mask.png,20160330_170507,train,1440,2560,True,False
crack500,CRACK500/JPEGImages/images/20160324_170408.jpg,CRACK500/Annotations/masks/20160324_170408_mask.png,20160324_170408,train,2560,1440,True,False
crack500,CRACK500/JPEGImages/images/20160307_162704.jpg,CRACK500/Annotations/masks/20160307_162704_mask.png,20160307_162704,train,2560,1440,True,False
crack500,CRACK500/JPEGImages/images/20160316_142539.jpg,CRACK500/Annotations/masks/20160316_142539_mask.png,20160316_142539,train,1440,2560,True,False
crack500,CRACK500/JPEGImages/images/20160316_143624.jpg,CRACK500/Annotations/masks/20160316_143624_mask.png,20160316_143624,train,1440,2560,True,False
crack500,CRACK500/JPEGImages/images/20160316_142031.jpg,CRACK500/Annotations/masks/20160316_142031_mask.png,20160316_142031,train,1440,2560,True,False
crack500,CRACK500/JPEGImages/images/20160330_165644.jpg,CRACK500/Annotations/masks/20160330_165644_mask.png,20160330_165644,train,1440,2560,True,False
crack500,CRACK500/JPEGImages/images/20160328_153553.jpg,CRACK500/Annotations/masks/20160328_153553_mask.png,20160328_153553,train,1440,2560,True,False
crack500,CRACK500/JPEGImages/images/20160307_164517.jpg,CRACK500/Annotations/masks/20160307_164517_mask.png,20160307_164517,train,2560,1440,True,False
crack500,CRACK500/JPEGImages/images/20160316_144230.jpg,CRACK500/Annotations/masks/20160316_144230_mask.png,20160316_144230,train,1440,2560,True,False
crack500,CRACK500/JPEGImages/images/20160316_142027.jpg,CRACK500/Annotations/masks/20160316_142027_mask.png,20160316_142027,train,1440,2560,True,False
crack500,CRACK500/JPEGImages/images/20160316_142223.jpg,CRACK500/Annotations/masks/20160316_142223_mask.png,20160316_142223,train,1440,2560,True,False
crack500,CRACK500/JPEGImages/images/IMG_2936.jpg,CRACK500/Annotations/masks/IMG_2936_mask.png,IMG_2936,train,2592,1936,True,False
crack500,CRACK500/JPEGImages/images/20160307_145059.jpg,CRACK500/Annotations/masks/20160307_145059_mask.png,20160307_145059,train,2560,1440,True,False
crack500,CRACK500/JPEGImages/images/20160328_153540.jpg,CRACK500/Annotations/masks/20160328_153540_mask.png,20160328_153540,train,1440,2560,True,False
crack500,CRACK500/JPEGImages/images/20160328_151241.jpg,CRACK500/Annotations/masks/20160328_151241_mask.png,20160328_151241,train,2560,1440,True,False
crack500,CRACK500/JPEGImages/images/20160307_145259.jpg,CRACK500/Annotations/masks/20160307_145259_mask.png,20160307_145259,train,1440,2560,True,False
crack500,CRACK500/JPEGImages/images/20160308_074134.jpg,CRACK500/Annotations/masks/20160308_074134_mask.png,20160308_074134,train,2560,1440,True,False
crack500,CRACK500/JPEGImages/images/20160225_114535.jpg,CRACK500/Annotations/masks/20160225_114535_mask.png,20160225_114535,train,1440,2560,True,False
crack500,CRACK500/JPEGImages/images/20160329_094010.jpg,CRACK500/Annotations/masks/20160329_094010_mask.png,20160329_094010,train,2560,1440,True,False
crack500,CRACK500/JPEGImages/images/20160308_074330.jpg,CRACK500/Annotations/masks/20160308_074330_mask.png,20160308_074330,train,2560,1440,True,False
crack500,CRACK500/JPEGImages/images/20160222_165037.jpg,CRACK500/Annotations/masks/20160222_165037_mask.png,20160222_165037,train,1440,2560,True,False
crack500,CRACK500/JPEGImages/images/20160321_183947.jpg,CRACK500/Annotations/masks/20160321_183947_mask.png,20160321_183947,train,1440,2560,True,False
crack500,CRACK500/JPEGImages/images/20160222_081011.jpg,CRACK500/Annotations/masks/20160222_081011_mask.png,20160222_081011,train,2560,1440,True,False
crack500,CRACK500/JPEGImages/images/20160326_142354.jpg,CRACK500/Annotations/masks/20160326_142354_mask.png,20160326_142354,train,2560,1440,True,False
crack500,CRACK500/JPEGImages/images/IMG_5747.jpg,CRACK500/Annotations/masks/IMG_5747_mask.png,IMG_5747,train,2448,3264,True,False
crack500,CRACK500/JPEGImages/images/IMG_2908.jpg,CRACK500/Annotations/masks/IMG_2908_mask.png,IMG_2908,train,1936,2592,True,False
crack500,CRACK500/JPEGImages/images/20160222_081111.jpg,CRACK500/Annotations/masks/20160222_081111_mask.png,20160222_081111,train,2560,1440,True,False
crack500,CRACK500/JPEGImages/images/20160222_082414.jpg,CRACK500/Annotations/masks/20160222_082414_mask.png,20160222_082414,train,2560,1440,True,False
crack500,CRACK500/JPEGImages/images/20160402_150110.jpg,CRACK500/Annotations/masks/20160402_150110_mask.png,20160402_150110,train,1440,2560,True,False
crack500,CRACK500/JPEGImages/images/20160328_153714.jpg,CRACK500/Annotations/masks/20160328_153714_mask.png,20160328_153714,train,2560,1440,True,False
crack500,CRACK500/JPEGImages/images/20160316_143603.jpg,CRACK500/Annotations/masks/20160316_143603_mask.png,20160316_143603,train,1440,2560,True,False
crack500,CRACK500/JPEGImages/images/20160222_165919.jpg,CRACK500/Annotations/masks/20160222_165919_mask.png,20160222_165919,train,2560,1440,True,False
crack500,CRACK500/JPEGImages/images/20160310_114429.jpg,CRACK500/Annotations/masks/20160310_114429_mask.png,20160310_114429,train,2560,1440,True,False
crack500,CRACK500/JPEGImages/images/20160402_150304.jpg,CRACK500/Annotations/masks/20160402_150304_mask.png,20160402_150304,train,1440,2560,True,False
crack500,CRACK500/JPEGImages/images/20160328_154017.jpg,CRACK500/Annotations/masks/20160328_154017_mask.png,20160328_154017,train,2560,1440,True,False
crack500,CRACK500/JPEGImages/images/20160328_154339.jpg,CRACK500/Annotations/masks/20160328_154339_mask.png,20160328_154339,train,2560,1440,True,False
crack500,CRACK500/JPEGImages/images/20160326_162538.jpg,CRACK500/Annotations/masks/20160326_162538_mask.png,20160326_162538,train,1440,2560,True,False
crack500,CRACK500/JPEGImages/images/20160326_162532.jpg,CRACK500/Annotations/masks/20160326_162532_mask.png,20160326_162532,train,1440,2560,True,False
crack500,CRACK500/JPEGImages/images/20160329_094459.jpg,CRACK500/Annotations/masks/20160329_094459_mask.png,20160329_094459,train,2560,1440,True,False
crack500,CRACK500/JPEGImages/images/20160329_094507.jpg,CRACK500/Annotations/masks/20160329_094507_mask.png,20160329_094507,train,2560,1440,True,False
crack500,CRACK500/JPEGImages/images/20160316_144241.jpg,CRACK500/Annotations/masks/20160316_144241_mask.png,20160316_144241,train,1440,2560,True,False
crack500,CRACK500/JPEGImages/images/20160328_150827.jpg,CRACK500/Annotations/masks/20160328_150827_mask.png,20160328_150827,train,2560,1440,True,False
crack500,CRACK500/JPEGImages/images/20160328_152747.jpg,CRACK500/Annotations/masks/20160328_152747_mask.png,20160328_152747,train,1440,2560,True,False
crack500,CRACK500/JPEGImages/images/20160415_191330.jpg,CRACK500/Annotations/masks/20160415_191330_mask.png,20160415_191330,train,1440,2560,True,False
crack500,CRACK500/JPEGImages/images/20160329_111111.jpg,CRACK500/Annotations/masks/20160329_111111_mask.png,20160329_111111,train,1440,2560,True,False
crack500,CRACK500/JPEGImages/images/20160222_115224.jpg,CRACK500/Annotations/masks/20160222_115224_mask.png,20160222_115224,train,2560,1440,True,False
crack500,CRACK500/JPEGImages/images/20160222_081839.jpg,CRACK500/Annotations/masks/20160222_081839_mask.png,20160222_081839,train,2560,1440,True,False
crack500,CRACK500/JPEGImages/images/20160329_104031.jpg,CRACK500/Annotations/masks/20160329_104031_mask.png,20160329_104031,train,1440,2560,True,False
crack500,CRACK500/JPEGImages/images/20160328_151027.jpg,CRACK500/Annotations/masks/20160328_151027_mask.png,20160328_151027,train,2560,1440,True,False
crack500,CRACK500/JPEGImages/images/20160308_155537.jpg,CRACK500/Annotations/masks/20160308_155537_mask.png,20160308_155537,train,2560,1440,True,False
crack500,CRACK500/JPEGImages/images/20160330_170922.jpg,CRACK500/Annotations/masks/20160330_170922_mask.png,20160330_170922,train,2560,1440,True,False
crack500,CRACK500/JPEGImages/images/20160306_103903.jpg,CRACK500/Annotations/masks/20160306_103903_mask.png,20160306_103903,train,1440,2560,True,False
crack500,CRACK500/JPEGImages/images/20160328_153845.jpg,CRACK500/Annotations/masks/20160328_153845_mask.png,20160328_153845,train,2560,1440,True,False
crack500,CRACK500/JPEGImages/images/20160222_163930.jpg,CRACK500/Annotations/masks/20160222_163930_mask.png,20160222_163930,train,2560,1440,True,False
crack500,CRACK500/JPEGImages/images/20160306_104456.jpg,CRACK500/Annotations/masks/20160306_104456_mask.png,20160306_104456,train,1440,2560,True,False
crack500,CRACK500/JPEGImages/images/20160307_163627.jpg,CRACK500/Annotations/masks/20160307_163627_mask.png,20160307_163627,train,2560,1440,True,False
crack500,CRACK500/JPEGImages/images/20160222_164936.jpg,CRACK500/Annotations/masks/20160222_164936_mask.png,20160222_164936,train,1440,2560,True,False
crack500,CRACK500/JPEGImages/images/20160324_170309.jpg,CRACK500/Annotations/masks/20160324_170309_mask.png,20160324_170309,train,2560,1440,True,False
crack500,CRACK500/JPEGImages/images/20160307_145107.jpg,CRACK500/Annotations/masks/20160307_145107_mask.png,20160307_145107,train,2560,1440,True,False
crack500,CRACK500/JPEGImages/images/20160328_154452.jpg,CRACK500/Annotations/masks/20160328_154452_mask.png,20160328_154452,train,2560,1440,True,False
crack500,CRACK500/JPEGImages/images/20160310_114441.jpg,CRACK500/Annotations/masks/20160310_114441_mask.png,20160310_114441,train,2560,1440,True,False
crack500,CRACK500/JPEGImages/images/20160307_164319.jpg,CRACK500/Annotations/masks/20160307_164319_mask.png,20160307_164319,train,1440,2560,True,False
crack500,CRACK500/JPEGImages/images/20160308_160053.jpg,CRACK500/Annotations/masks/20160308_160053_mask.png,20160308_160053,train,1440,2560,True,False
crack500,CRACK500/JPEGImages/images/20160326_150337.jpg,CRACK500/Annotations/masks/20160326_150337_mask.png,20160326_150337,train,2560,1440,True,False
crack500,CRACK500/JPEGImages/images/20160328_151506.jpg,CRACK500/Annotations/masks/20160328_151506_mask.png,20160328_151506,train,1440,2560,True,False
crack500,CRACK500/JPEGImages/images/20160307_163342.jpg,CRACK500/Annotations/masks/20160307_163342_mask.png,20160307_163342,train,1440,2560,True,False
crack500,CRACK500/JPEGImages/images/20160329_103530.jpg,CRACK500/Annotations/masks/20160329_103530_mask.png,20160329_103530,train,1440,2560,True,False
crack500,CRACK500/JPEGImages/images/20160328_154540.jpg,CRACK500/Annotations/masks/20160328_154540_mask.png,20160328_154540,train,2560,1440,True,False
crack500,CRACK500/JPEGImages/images/20160328_153327.jpg,CRACK500/Annotations/masks/20160328_153327_mask.png,20160328_153327,train,1440,2560,True,False
crack500,CRACK500/JPEGImages/images/20160321_185518.jpg,CRACK500/Annotations/masks/20160321_185518_mask.png,20160321_185518,train,1440,2560,True,False
crack500,CRACK500/JPEGImages/images/20160330_170504.jpg,CRACK500/Annotations/masks/20160330_170504_mask.png,20160330_170504,train,1440,2560,True,False
crack500,CRACK500/JPEGImages/images/20160328_154011.jpg,CRACK500/Annotations/masks/20160328_154011_mask.png,20160328_154011,train,2560,1440,True,False
crack500,CRACK500/JPEGImages/images/20160328_151014.jpg,CRACK500/Annotations/masks/20160328_151014_mask.png,20160328_151014,train,1440,2560,True,False
crack500,CRACK500/JPEGImages/images/20160328_150820.jpg,CRACK500/Annotations/masks/20160328_150820_mask.png,20160328_150820,train,2560,1440,True,False
crack500,CRACK500/JPEGImages/images/20160303_093537.jpg,CRACK500/Annotations/masks/20160303_093537_mask.png,20160303_093537,train,2560,1440,True,False
crack500,CRACK500/JPEGImages/images/20160328_152322.jpg,CRACK500/Annotations/masks/20160328_152322_mask.png,20160328_152322,train,1440,2560,True,False
crack500,CRACK500/JPEGImages/images/20160308_155720.jpg,CRACK500/Annotations/masks/20160308_155720_mask.png,20160308_155720,train,1440,2560,True,False
crack500,CRACK500/JPEGImages/images/20160402_150105.jpg,CRACK500/Annotations/masks/20160402_150105_mask.png,20160402_150105,train,1440,2560,True,False
crack500,CRACK500/JPEGImages/images/20160329_101520.jpg,CRACK500/Annotations/masks/20160329_101520_mask.png,20160329_101520,train,1440,2560,True,False
crack500,CRACK500/JPEGImages/images/20160222_164822.jpg,CRACK500/Annotations/masks/20160222_164822_mask.png,20160222_164822,train,2560,1440,True,False
crack500,CRACK500/JPEGImages/images/20160328_151728.jpg,CRACK500/Annotations/masks/20160328_151728_mask.png,20160328_151728,train,1440,2560,True,False
crack500,CRACK500/JPEGImages/images/IMG_5782.jpg,CRACK500/Annotations/masks/IMG_5782_mask.png,IMG_5782,train,2448,3264,True,False
crack500,CRACK500/JPEGImages/images/20160328_151945.jpg,CRACK500/Annotations/masks/20160328_151945_mask.png,20160328_151945,train,2560,1440,True,False
crack500,CRACK500/JPEGImages/images/IMG_5766.jpg,CRACK500/Annotations/masks/IMG_5766_mask.png,IMG_5766,train,3264,2448,True,False
crack500,CRACK500/JPEGImages/images/20160330_170848.jpg,CRACK500/Annotations/masks/20160330_170848_mask.png,20160330_170848,train,1440,2560,True,False
crack500,CRACK500/JPEGImages/images/20160326_142327.jpg,CRACK500/Annotations/masks/20160326_142327_mask.png,20160326_142327,train,2560,1440,True,False
crack500,CRACK500/JPEGImages/images/20160303_093527.jpg,CRACK500/Annotations/masks/20160303_093527_mask.png,20160303_093527,train,2560,1440,True,False
crack500,CRACK500/JPEGImages/images/20160330_164743.jpg,CRACK500/Annotations/masks/20160330_164743_mask.png,20160330_164743,train,2560,1440,True,False
crack500,CRACK500/JPEGImages/images/20160330_170256.jpg,CRACK500/Annotations/masks/20160330_170256_mask.png,20160330_170256,train,1440,2560,True,False
crack500,CRACK500/JPEGImages/images/20160306_103638.jpg,CRACK500/Annotations/masks/20160306_103638_mask.png,20160306_103638,train,1440,2560,True,False
crack500,CRACK500/JPEGImages/images/IMG_2930.jpg,CRACK500/Annotations/masks/IMG_2930_mask.png,IMG_2930,train,2592,1936,True,False
crack500,CRACK500/JPEGImages/images/20160308_073245.jpg,CRACK500/Annotations/masks/20160308_073245_mask.png,20160308_073245,train,2560,1440,True,False
crack500,CRACK500/JPEGImages/images/20160405_172849.jpg,CRACK500/Annotations/masks/20160405_172849_mask.png,20160405_172849,train,1440,2560,True,False
crack500,CRACK500/JPEGImages/images/20160328_153732.jpg,CRACK500/Annotations/masks/20160328_153732_mask.png,20160328_153732,train,2560,1440,True,False
crack500,CRACK500/JPEGImages/images/20160307_163352.jpg,CRACK500/Annotations/masks/20160307_163352_mask.png,20160307_163352,train,1440,2560,True,False
crack500,CRACK500/JPEGImages/images/20160402_151049.jpg,CRACK500/Annotations/masks/20160402_151049_mask.png,20160402_151049,train,1440,2560,True,False
crack500,CRACK500/JPEGImages/images/20160310_114446.jpg,CRACK500/Annotations/masks/20160310_114446_mask.png,20160310_114446,train,2560,1440,True,False
crack500,CRACK500/JPEGImages/images/20160329_094025.jpg,CRACK500/Annotations/masks/20160329_094025_mask.png,20160329_094025,train,2560,1440,True,False
crack500,CRACK500/JPEGImages/images/20160222_165218.jpg,CRACK500/Annotations/masks/20160222_165218_mask.png,20160222_165218,train,2560,1440,True,False
crack500,CRACK500/JPEGImages/images/20160330_160957.jpg,CRACK500/Annotations/masks/20160330_160957_mask.png,20160330_160957,train,1440,2560,True,False
crack500,CRACK500/JPEGImages/images/20160307_144924.jpg,CRACK500/Annotations/masks/20160307_144924_mask.png,20160307_144924,train,2560,1440,True,False
crack500,CRACK500/JPEGImages/images/IMG_2934.jpg,CRACK500/Annotations/masks/IMG_2934_mask.png,IMG_2934,train,2592,1936,True,False
crack500,CRACK500/JPEGImages/images/20160225_114503.jpg,CRACK500/Annotations/masks/20160225_114503_mask.png,20160225_114503,train,1440,2560,True,False
crack500,CRACK500/JPEGImages/images/IMG_2944.jpg,CRACK500/Annotations/masks/IMG_2944_mask.png,IMG_2944,train,2592,1936,True,False
crack500,CRACK500/JPEGImages/images/20160328_154159.jpg,CRACK500/Annotations/masks/20160328_154159_mask.png,20160328_154159,train,2560,1440,True,False
crack500,CRACK500/JPEGImages/images/20160330_170501.jpg,CRACK500/Annotations/masks/20160330_170501_mask.png,20160330_170501,train,1440,2560,True,False
crack500,CRACK500/JPEGImages/images/IMG_2913.jpg,CRACK500/Annotations/masks/IMG_2913_mask.png,IMG_2913,train,2592,1936,True,False
crack500,CRACK500/JPEGImages/images/20160303_093353.jpg,CRACK500/Annotations/masks/20160303_093353_mask.png,20160303_093353,train,1440,2560,True,False
crack500,CRACK500/JPEGImages/images/20160407_163515.jpg,CRACK500/Annotations/masks/20160407_163515_mask.png,20160407_163515,train,1440,2560,True,False
crack500,CRACK500/JPEGImages/images/20160402_150938.jpg,CRACK500/Annotations/masks/20160402_150938_mask.png,20160402_150938,train,1440,2560,True,False
crack500,CRACK500/JPEGImages/images/20160316_143547.jpg,CRACK500/Annotations/masks/20160316_143547_mask.png,20160316_143547,train,1440,2560,True,False
crack500,CRACK500/JPEGImages/images/20160222_115219.jpg,CRACK500/Annotations/masks/20160222_115219_mask.png,20160222_115219,train,2560,1440,True,False
crack500,CRACK500/JPEGImages/images/20160324_170323.jpg,CRACK500/Annotations/masks/20160324_170323_mask.png,20160324_170323,train,2560,1440,True,False
crack500,CRACK500/JPEGImages/images/20160222_164141.jpg,CRACK500/Annotations/masks/20160222_164141_mask.png,20160222_164141,train,2560,1440,True,False
crack500,CRACK500/JPEGImages/images/IMG_5788.jpg,CRACK500/Annotations/masks/IMG_5788_mask.png,IMG_5788,train,2448,3264,True,False
crack500,CRACK500/JPEGImages/images/20160321_183909.jpg,CRACK500/Annotations/masks/20160321_183909_mask.png,20160321_183909,train,2560,1440,True,False
crack500,CRACK500/JPEGImages/images/20160328_151243.jpg,CRACK500/Annotations/masks/20160328_151243_mask.png,20160328_151243,train,2560,1440,True,False
crack500,CRACK500/JPEGImages/images/20160328_151804.jpg,CRACK500/Annotations/masks/20160328_151804_mask.png,20160328_151804,train,2560,1440,True,False
crack500,CRACK500/JPEGImages/images/IMG_2912.jpg,CRACK500/Annotations/masks/IMG_2912_mask.png,IMG_2912,train,1936,2592,True,False
crack500,CRACK500/JPEGImages/images/20160222_115828.jpg,CRACK500/Annotations/masks/20160222_115828_mask.png,20160222_115828,train,1440,2560,True,False
crack500,CRACK500/JPEGImages/images/20160308_074702.jpg,CRACK500/Annotations/masks/20160308_074702_mask.png,20160308_074702,train,1440,2560,True,False
crack500,CRACK500/JPEGImages/images/20160316_142009.jpg,CRACK500/Annotations/masks/20160316_142009_mask.png,20160316_142009,train,2560,1440,True,False
crack500,CRACK500/JPEGImages/images/20160328_153654.jpg,CRACK500/Annotations/masks/20160328_153654_mask.png,20160328_153654,train,2560,1440,True,False
crack500,CRACK500/JPEGImages/images/20160328_153556.jpg,CRACK500/Annotations/masks/20160328_153556_mask.png,20160328_153556,train,1440,2560,True,False
crack500,CRACK500/JPEGImages/images/20160329_094016.jpg,CRACK500/Annotations/masks/20160329_094016_mask.png,20160329_094016,train,2560,1440,True,False
crack500,CRACK500/JPEGImages/images/20160328_153706.jpg,CRACK500/Annotations/masks/20160328_153706_mask.png,20160328_153706,train,2560,1440,True,False
crack500,CRACK500/JPEGImages/images/20160316_141721.jpg,CRACK500/Annotations/masks/20160316_141721_mask.png,20160316_141721,train,1440,2560,True,False
crack500,CRACK500/JPEGImages/images/IMG_2909.jpg,CRACK500/Annotations/masks/IMG_2909_mask.png,IMG_2909,train,1936,2592,True,False
crack500,CRACK500/JPEGImages/images/20160316_142226.jpg,CRACK500/Annotations/masks/20160316_142226_mask.png,20160316_142226,train,1440,2560,True,False
crack500,CRACK500/JPEGImages/images/20160328_154429.jpg,CRACK500/Annotations/masks/20160328_154429_mask.png,20160328_154429,train,2560,1440,True,False
crack500,CRACK500/JPEGImages/images/20160328_151409.jpg,CRACK500/Annotations/masks/20160328_151409_mask.png,20160328_151409,train,2560,1440,True,False
crack500,CRACK500/JPEGImages/images/20160328_152022.jpg,CRACK500/Annotations/masks/20160328_152022_mask.png,20160328_152022,train,2560,1440,True,False
crack500,CRACK500/JPEGImages/images/20160405_171716.jpg,CRACK500/Annotations/masks/20160405_171716_mask.png,20160405_171716,train,1440,2560,True,False
crack500,CRACK500/JPEGImages/images/20160222_115324.jpg,CRACK500/Annotations/masks/20160222_115324_mask.png,20160222_115324,train,2560,1440,True,False
crack500,CRACK500/JPEGImages/images/20160302_155857.jpg,CRACK500/Annotations/masks/20160302_155857_mask.png,20160302_155857,train,2560,1440,True,False
crack500,CRACK500/JPEGImages/images/20160306_103830.jpg,CRACK500/Annotations/masks/20160306_103830_mask.png,20160306_103830,train,1440,2560,True,False
crack500,CRACK500/JPEGImages/images/20160326_141808.jpg,CRACK500/Annotations/masks/20160326_141808_mask.png,20160326_141808,train,1440,2560,True,False
crack500,CRACK500/JPEGImages/images/20160222_165225.jpg,CRACK500/Annotations/masks/20160222_165225_mask.png,20160222_165225,train,2560,1440,True,False
crack500,CRACK500/JPEGImages/images/20160318_181627.jpg,CRACK500/Annotations/masks/20160318_181627_mask.png,20160318_181627,train,1440,2560,True,False
crack500,CRACK500/JPEGImages/images/IMG_2937.jpg,CRACK500/Annotations/masks/IMG_2937_mask.png,IMG_2937,train,2592,1936,True,False
crack500,CRACK500/JPEGImages/images/20160324_170655.jpg,CRACK500/Annotations/masks/20160324_170655_mask.png,20160324_170655,train,2560,1440,True,False
crack500,CRACK500/JPEGImages/images/20160402_150317.jpg,CRACK500/Annotations/masks/20160402_150317_mask.png,20160402_150317,train,1440,2560,True,False
crack500,CRACK500/JPEGImages/images/20160405_171723.jpg,CRACK500/Annotations/masks/20160405_171723_mask.png,20160405_171723,train,1440,2560,True,False
crack500,CRACK500/JPEGImages/images/20160303_093400.jpg,CRACK500/Annotations/masks/20160303_093400_mask.png,20160303_093400,train,1440,2560,True,False
crack500,CRACK500/JPEGImages/images/20160307_163613.jpg,CRACK500/Annotations/masks/20160307_163613_mask.png,20160307_163613,train,2560,1440,True,False
crack500,CRACK500/JPEGImages/images/20160329_104100.jpg,CRACK500/Annotations/masks/20160329_104100_mask.png,20160329_104100,train,2560,1440,True,False
crack500,CRACK500/JPEGImages/images/20160307_163537.jpg,CRACK500/Annotations/masks/20160307_163537_mask.png,20160307_163537,train,2560,1440,True,False
crack500,CRACK500/JPEGImages/images/20160318_181712.jpg,CRACK500/Annotations/masks/20160318_181712_mask.png,20160318_181712,train,2560,1440,True,False
crack500,CRACK500/JPEGImages/images/20160326_142521.jpg,CRACK500/Annotations/masks/20160326_142521_mask.png,20160326_142521,train,1440,2560,True,False
crack500,CRACK500/JPEGImages/images/20160328_153544.jpg,CRACK500/Annotations/masks/20160328_153544_mask.png,20160328_153544,train,1440,2560,True,False
crack500,CRACK500/JPEGImages/images/20160328_151752.jpg,CRACK500/Annotations/masks/20160328_151752_mask.png,20160328_151752,train,1440,2560,True,False
crack500,CRACK500/JPEGImages/images/20160328_153657.jpg,CRACK500/Annotations/masks/20160328_153657_mask.png,20160328_153657,train,2560,1440,True,False
crack500,CRACK500/JPEGImages/images/IMG_5779.jpg,CRACK500/Annotations/masks/IMG_5779_mask.png,IMG_5779,train,2448,3264,True,False
crack500,CRACK500/JPEGImages/images/20160329_115529.jpg,CRACK500/Annotations/masks/20160329_115529_mask.png,20160329_115529,train,1440,2560,True,False
crack500,CRACK500/JPEGImages/images/20160222_165625.jpg,CRACK500/Annotations/masks/20160222_165625_mask.png,20160222_165625,train,2560,1440,True,False
crack500,CRACK500/JPEGImages/images/IMG_1730.jpg,CRACK500/Annotations/masks/IMG_1730_mask.png,IMG_1730,train,2448,3180,True,False
crack500,CRACK500/JPEGImages/images/20160405_172854.jpg,CRACK500/Annotations/masks/20160405_172854_mask.png,20160405_172854,train,1440,2560,True,False
crack500,CRACK500/JPEGImages/images/IMG_2938.jpg,CRACK500/Annotations/masks/IMG_2938_mask.png,IMG_2938,train,2592,1936,True,False
crack500,CRACK500/JPEGImages/images/20160328_151247.jpg,CRACK500/Annotations/masks/20160328_151247_mask.png,20160328_151247,train,2560,1440,True,False
crack500,CRACK500/JPEGImages/images/20160407_163130.jpg,CRACK500/Annotations/masks/20160407_163130_mask.png,20160407_163130,train,1440,2560,True,False
crack500,CRACK500/JPEGImages/images/IMG_6184.jpg,CRACK500/Annotations/masks/IMG_6184_mask.png,IMG_6184,train,2448,3264,True,False
crack500,CRACK500/JPEGImages/images/20160328_153536.jpg,CRACK500/Annotations/masks/20160328_153536_mask.png,20160328_153536,train,1440,2560,True,False
crack500,CRACK500/JPEGImages/images/IMG_6182.jpg,CRACK500/Annotations/masks/IMG_6182_mask.png,IMG_6182,train,2448,3264,True,False
crack500,CRACK500/JPEGImages/images/20160308_072921.jpg,CRACK500/Annotations/masks/20160308_072921_mask.png,20160308_072921,train,2560,1440,True,False
crack500,CRACK500/JPEGImages/images/20160222_115805.jpg,CRACK500/Annotations/masks/20160222_115805_mask.png,20160222_115805,train,2560,1440,True,False
crack500,CRACK500/JPEGImages/images/20160326_142309.jpg,CRACK500/Annotations/masks/20160326_142309_mask.png,20160326_142309,train,1440,2560,True,False
crack500,CRACK500/JPEGImages/images/20160308_073014.jpg,CRACK500/Annotations/masks/20160308_073014_mask.png,20160308_073014,train,2560,1440,True,False
crack500,CRACK500/JPEGImages/images/20160329_104152.jpg,CRACK500/Annotations/masks/20160329_104152_mask.png,20160329_104152,train,2560,1440,True,False
crack500,CRACK500/JPEGImages/images/20160330_170348.jpg,CRACK500/Annotations/masks/20160330_170348_mask.png,20160330_170348,train,1440,2560,True,False
crack500,CRACK500/JPEGImages/images/20160326_174634.jpg,CRACK500/Annotations/masks/20160326_174634_mask.png,20160326_174634,train,2560,1440,True,False
crack500,CRACK500/JPEGImages/images/IMG_2907.jpg,CRACK500/Annotations/masks/IMG_2907_mask.png,IMG_2907,train,2592,1936,True,False
crack500,CRACK500/JPEGImages/images/IMG_6180.jpg,CRACK500/Annotations/masks/IMG_6180_mask.png,IMG_6180,train,2448,3264,True,False
crack500,CRACK500/JPEGImages/images/20160330_163941.jpg,CRACK500/Annotations/masks/20160330_163941_mask.png,20160330_163941,train,1440,2560,True,False
crack500,CRACK500/JPEGImages/images/20160328_150933.jpg,CRACK500/Annotations/masks/20160328_150933_mask.png,20160328_150933,train,2560,1440,True,False
crack500,CRACK500/JPEGImages/images/IMG_2910.jpg,CRACK500/Annotations/masks/IMG_2910_mask.png,IMG_2910,train,1936,2592,True,False
crack500,CRACK500/JPEGImages/images/IMG_1725.jpg,CRACK500/Annotations/masks/IMG_1725_mask.png,IMG_1725,train,2448,3264,True,False
crack500,CRACK500/JPEGImages/images/20160222_163940.jpg,CRACK500/Annotations/masks/20160222_163940_mask.png,20160222_163940,train,1440,2560,True,False
crack500,CRACK500/JPEGImages/images/20160307_144931.jpg,CRACK500/Annotations/masks/20160307_144931_mask.png,20160307_144931,train,1440,2560,True,False
crack500,CRACK500/JPEGImages/images/20160326_162529.jpg,CRACK500/Annotations/masks/20160326_162529_mask.png,20160326_162529,train,1440,2560,True,False
crack500,CRACK500/JPEGImages/images/20160307_164214.jpg,CRACK500/Annotations/masks/20160307_164214_mask.png,20160307_164214,train,1440,2560,True,False
crack500,CRACK500/JPEGImages/images/20160328_151814.jpg,CRACK500/Annotations/masks/20160328_151814_mask.png,20160328_151814,train,2560,1440,True,False
crack500,CRACK500/JPEGImages/images/20160222_115858.jpg,CRACK500/Annotations/masks/20160222_115858_mask.png,20160222_115858,train,2560,1440,True,False
crack500,CRACK500/JPEGImages/images/20160328_153813.jpg,CRACK500/Annotations/masks/20160328_153813_mask.png,20160328_153813,train,2560,1440,True,False
crack500,CRACK500/JPEGImages/images/20160316_144203.jpg,CRACK500/Annotations/masks/20160316_144203_mask.png,20160316_144203,train,2560,1440,True,False
crack500,CRACK500/JPEGImages/images/IMG_2915.jpg,CRACK500/Annotations/masks/IMG_2915_mask.png,IMG_2915,train,1936,2592,True,False
crack500,CRACK500/JPEGImages/images/IMG_5764.jpg,CRACK500/Annotations/masks/IMG_5764_mask.png,IMG_5764,train,2448,3264,True,False
crack500,CRACK500/JPEGImages/images/20160402_151837.jpg,CRACK500/Annotations/masks/20160402_151837_mask.png,20160402_151837,train,1440,2560,True,False
crack500,CRACK500/JPEGImages/images/20160405_171456.jpg,CRACK500/Annotations/masks/20160405_171456_mask.png,20160405_171456,train,2560,1440,True,False
crack500,CRACK500/JPEGImages/images/20160307_164301.jpg,CRACK500/Annotations/masks/20160307_164301_mask.png,20160307_164301,train,1440,2560,True,False
crack500,CRACK500/JPEGImages/images/20160328_153548.jpg,CRACK500/Annotations/masks/20160328_153548_mask.png,20160328_153548,train,1440,2560,True,False
crack500,CRACK500/JPEGImages/images/20160307_145113.jpg,CRACK500/Annotations/masks/20160307_145113_mask.png,20160307_145113,train,2560,1440,True,False
crack500,CRACK500/JPEGImages/images/IMG_2927.jpg,CRACK500/Annotations/masks/IMG_2927_mask.png,IMG_2927,train,1936,2592,True,False
crack500,CRACK500/JPEGImages/images/20160316_144212.jpg,CRACK500/Annotations/masks/20160316_144212_mask.png,20160316_144212,train,2560,1440,True,False
crack500,CRACK500/JPEGImages/images/20160328_150932.jpg,CRACK500/Annotations/masks/20160328_150932_mask.png,20160328_150932,train,2560,1440,True,False
crack500,CRACK500/JPEGImages/images/20160329_101511.jpg,CRACK500/Annotations/masks/20160329_101511_mask.png,20160329_101511,train,1440,2560,True,False
crack500,CRACK500/JPEGImages/images/20160222_165947.jpg,CRACK500/Annotations/masks/20160222_165947_mask.png,20160222_165947,train,2560,1440,True,False
crack500,CRACK500/JPEGImages/images/20160307_164226.jpg,CRACK500/Annotations/masks/20160307_164226_mask.png,20160307_164226,train,2560,1440,True,False
crack500,CRACK500/JPEGImages/images/20160326_150104.jpg,CRACK500/Annotations/masks/20160326_150104_mask.png,20160326_150104,train,1440,2560,True,False
crack500,CRACK500/JPEGImages/images/20160328_153524.jpg,CRACK500/Annotations/masks/20160328_153524_mask.png,20160328_153524,train,1440,2560,True,False
crack500,CRACK500/JPEGImages/images/20160326_142349.jpg,CRACK500/Annotations/masks/20160326_142349_mask.png,20160326_142349,train,2560,1440,True,False
crack500,CRACK500/JPEGImages/images/20160303_091837.jpg,CRACK500/Annotations/masks/20160303_091837_mask.png,20160303_091837,train,1440,2560,True,False
crack500,CRACK500/JPEGImages/images/20160308_073310.jpg,CRACK500/Annotations/masks/20160308_073310_mask.png,20160308_073310,train,2560,1440,True,False
crack500,CRACK500/JPEGImages/images/20160310_114505.jpg,CRACK500/Annotations/masks/20160310_114505_mask.png,20160310_114505,train,2560,1440,True,False
crack500,CRACK500/JPEGImages/images/20160310_114459.jpg,CRACK500/Annotations/masks/20160310_114459_mask.png,20160310_114459,train,1440,2560,True,False
crack500,CRACK500/JPEGImages/images/20160328_151057.jpg,CRACK500/Annotations/masks/20160328_151057_mask.png,20160328_151057,train,2560,1440,True,False
crack500,CRACK500/JPEGImages/images/20160407_165210.jpg,CRACK500/Annotations/masks/20160407_165210_mask.png,20160407_165210,train,1440,2560,True,False
crack500,CRACK500/JPEGImages/images/20160330_163855.jpg,CRACK500/Annotations/masks/20160330_163855_mask.png,20160330_163855,train,1440,2560,True,False
crack500,CRACK500/JPEGImages/images/IMG_5758.jpg,CRACK500/Annotations/masks/IMG_5758_mask.png,IMG_5758,train,2448,3264,True,False
crack500,CRACK500/JPEGImages/images/20160328_154318.jpg,CRACK500/Annotations/masks/20160328_154318_mask.png,20160328_154318,train,2560,1440,True,False
crack500,CRACK500/JPEGImages/images/20160308_073532.jpg,CRACK500/Annotations/masks/20160308_073532_mask.png,20160308_073532,train,2560,1440,True,False
crack500,CRACK500/JPEGImages/images/20160316_144431.jpg,CRACK500/Annotations/masks/20160316_144431_mask.png,20160316_144431,train,2560,1440,True,False
crack500,CRACK500/JPEGImages/images/20160329_104111.jpg,CRACK500/Annotations/masks/20160329_104111_mask.png,20160329_104111,train,2560,1440,True,False
crack500,CRACK500/JPEGImages/images/20160303_091825.jpg,CRACK500/Annotations/masks/20160303_091825_mask.png,20160303_091825,train,1440,2560,True,False
crack500,CRACK500/JPEGImages/images/20160308_155516.jpg,CRACK500/Annotations/masks/20160308_155516_mask.png,20160308_155516,train,2560,1440,True,False
crack500,CRACK500/JPEGImages/images/20160328_152305.jpg,CRACK500/Annotations/masks/20160328_152305_mask.png,20160328_152305,train,1440,2560,True,False
crack500,CRACK500/JPEGImages/images/20160328_153559.jpg,CRACK500/Annotations/masks/20160328_153559_mask.png,20160328_153559,train,1440,2560,True,False
crack500,CRACK500/JPEGImages/images/20160328_151013.jpg,CRACK500/Annotations/masks/20160328_151013_mask.png,20160328_151013,train,1440,2560,True,False
crack500,CRACK500/JPEGImages/images/20160222_114759.jpg,CRACK500/Annotations/masks/20160222_114759_mask.png,20160222_114759,train,2560,1440,True,False
crack500,CRACK500/JPEGImages/images/20160329_104201.jpg,CRACK500/Annotations/masks/20160329_104201_mask.png,20160329_104201,train,1440,2560,True,False
crack500,CRACK500/JPEGImages/images/20160222_115714.jpg,CRACK500/Annotations/masks/20160222_115714_mask.png,20160222_115714,train,2560,1440,True,False
crack500,CRACK500/JPEGImages/images/20160328_152336.jpg,CRACK500/Annotations/masks/20160328_152336_mask.png,20160328_152336,train,2560,1440,True,False
crack500,CRACK500/JPEGImages/images/IMG_5776.jpg,CRACK500/Annotations/masks/IMG_5776_mask.png,IMG_5776,train,2448,3264,True,False
crack500,CRACK500/JPEGImages/images/20160330_170114.jpg,CRACK500/Annotations/masks/20160330_170114_mask.png,20160330_170114,train,1440,2560,True,False
crack500,CRACK500/JPEGImages/images/20160402_150942.jpg,CRACK500/Annotations/masks/20160402_150942_mask.png,20160402_150942,train,1440,2560,True,False
crack500,CRACK500/JPEGImages/images/20160222_115738.jpg,CRACK500/Annotations/masks/20160222_115738_mask.png,20160222_115738,train,2560,1440,True,False
crack500,CRACK500/JPEGImages/images/IMG_2942.jpg,CRACK500/Annotations/masks/IMG_2942_mask.png,IMG_2942,train,2592,1936,True,False
crack500,CRACK500/JPEGImages/images/IMG_1731.jpg,CRACK500/Annotations/masks/IMG_1731_mask.png,IMG_1731,train,2448,3168,True,False
crack500,CRACK500/JPEGImages/images/20160328_152514.jpg,CRACK500/Annotations/masks/20160328_152514_mask.png,20160328_152514,train,1440,2560,True,False
crack500,CRACK500/JPEGImages/images/20160329_094003.jpg,CRACK500/Annotations/masks/20160329_094003_mask.png,20160329_094003,train,2560,1440,True,False
crack500,CRACK500/JPEGImages/images/20160310_114418.jpg,CRACK500/Annotations/masks/20160310_114418_mask.png,20160310_114418,train,2560,1440,True,False
crack500,CRACK500/JPEGImages/images/20160407_164918.jpg,CRACK500/Annotations/masks/20160407_164918_mask.png,20160407_164918,train,2560,1440,True,False
crack500,CRACK500/JPEGImages/images/20160330_172309.jpg,CRACK500/Annotations/masks/20160330_172309_mask.png,20160330_172309,train,1440,2560,True,False
crack500,CRACK500/JPEGImages/images/20160318_084343.jpg,CRACK500/Annotations/masks/20160318_084343_mask.png,20160318_084343,train,1440,2560,True,False
crack500,CRACK500/JPEGImages/images/20160329_094512.jpg,CRACK500/Annotations/masks/20160329_094512_mask.png,20160329_094512,train,1440,2560,True,False
crack500,CRACK500/JPEGImages/images/20160308_072935.jpg,CRACK500/Annotations/masks/20160308_072935_mask.png,20160308_072935,train,1440,2560,True,False
crack500,CRACK500/JPEGImages/images/20160329_104107.jpg,CRACK500/Annotations/masks/20160329_104107_mask.png,20160329_104107,train,2560,1440,True,False
crack500,CRACK500/JPEGImages/images/20160303_091830.jpg,CRACK500/Annotations/masks/20160303_091830_mask.png,20160303_091830,train,1440,2560,True,False
crack500,CRACK500/JPEGImages/images/20160328_151252.jpg,CRACK500/Annotations/masks/20160328_151252_mask.png,20160328_151252,train,2560,1440,True,False
crack500,CRACK500/JPEGImages/images/20160328_151056.jpg,CRACK500/Annotations/masks/20160328_151056_mask.png,20160328_151056,train,2560,1440,True,False
crack500,CRACK500/JPEGImages/images/20160328_153918.jpg,CRACK500/Annotations/masks/20160328_153918_mask.png,20160328_153918,train,2560,1440,True,False
crack500,CRACK500/JPEGImages/images/20160329_103800.jpg,CRACK500/Annotations/masks/20160329_103800_mask.png,20160329_103800,train,1440,2560,True,False
crack500,CRACK500/JPEGImages/images/20160316_143433.jpg,CRACK500/Annotations/masks/20160316_143433_mask.png,20160316_143433,train,2560,1440,True,False
crack500,CRACK500/JPEGImages/images/20160307_164143.jpg,CRACK500/Annotations/masks/20160307_164143_mask.png,20160307_164143,train,1440,2560,True,False
crack500,CRACK500/JPEGImages/images/IMG_5791.jpg,CRACK500/Annotations/masks/IMG_5791_mask.png,IMG_5791,train,2448,3264,True,False
crack500,CRACK500/JPEGImages/images/20160329_101347.jpg,CRACK500/Annotations/masks/20160329_101347_mask.png,20160329_101347,train,1440,2560,True,False
crack500,CRACK500/JPEGImages/images/20160329_104117.jpg,CRACK500/Annotations/masks/20160329_104117_mask.png,20160329_104117,train,2560,1440,True,False
crack500,CRACK500/JPEGImages/images/20160307_144916.jpg,CRACK500/Annotations/masks/20160307_144916_mask.png,20160307_144916,train,2560,1440,True,False
crack500,CRACK500/JPEGImages/images/20160328_151808.jpg,CRACK500/Annotations/masks/20160328_151808_mask.png,20160328_151808,train,2560,1440,True,False
crack500,CRACK500/JPEGImages/images/20160303_092839.jpg,CRACK500/Annotations/masks/20160303_092839_mask.png,20160303_092839,train,1440,2560,True,False
crack500,CRACK500/JPEGImages/images/20160303_092806.jpg,CRACK500/Annotations/masks/20160303_092806_mask.png,20160303_092806,train,1440,2560,True,False
crack500,CRACK500/JPEGImages/images/20160328_153616.jpg,CRACK500/Annotations/masks/20160328_153616_mask.png,20160328_153616,train,2560,1440,True,False
crack500,CRACK500/JPEGImages/images/20160407_163125.jpg,CRACK500/Annotations/masks/20160407_163125_mask.png,20160407_163125,train,1440,2560,True,False
crack500,CRACK500/JPEGImages/images/20160328_152308.jpg,CRACK500/Annotations/masks/20160328_152308_mask.png,20160328_152308,train,1440,2560,True,False
crack500,CRACK500/JPEGImages/images/20160222_165715.jpg,CRACK500/Annotations/masks/20160222_165715_mask.png,20160222_165715,train,2560,1440,True,False
crack500,CRACK500/JPEGImages/images/20160405_171712.jpg,CRACK500/Annotations/masks/20160405_171712_mask.png,20160405_171712,train,1440,2560,True,False
crack500,CRACK500/JPEGImages/images/20160308_073406.jpg,CRACK500/Annotations/masks/20160308_073406_mask.png,20160308_073406,train,2560,1440,True,False
crack500,CRACK500/JPEGImages/images/20160222_164021.jpg,CRACK500/Annotations/masks/20160222_164021_mask.png,20160222_164021,train,1440,2560,True,False
crack500,CRACK500/JPEGImages/images/20160308_073356.jpg,CRACK500/Annotations/masks/20160308_073356_mask.png,20160308_073356,train,1440,2560,True,False
crack500,CRACK500/JPEGImages/images/20160316_142449.jpg,CRACK500/Annotations/masks/20160316_142449_mask.png,20160316_142449,train,1440,2560,True,False
crack500,CRACK500/JPEGImages/images/IMG_5752.jpg,CRACK500/Annotations/masks/IMG_5752_mask.png,IMG_5752,train,2448,3264,True,False
crack500,CRACK500/JPEGImages/images/20160328_154535.jpg,CRACK500/Annotations/masks/20160328_154535_mask.png,20160328_154535,train,2560,1440,True,False
crack500,CRACK500/JPEGImages/images/20160222_114806.jpg,CRACK500/Annotations/masks/20160222_114806_mask.png,20160222_114806,train,2560,1440,True,False
crack500,CRACK500/JPEGImages/images/20160328_152328.jpg,CRACK500/Annotations/masks/20160328_152328_mask.png,20160328_152328,train,1440,2560,True,False
crack500,CRACK500/JPEGImages/images/20160316_143629.jpg,CRACK500/Annotations/masks/20160316_143629_mask.png,20160316_143629,train,1440,2560,True,False
crack500,CRACK500/JPEGImages/images/20160222_080850.jpg,CRACK500/Annotations/masks/20160222_080850_mask.png,20160222_080850,train,1440,2560,True,False
crack500,CRACK500/JPEGImages/images/20160328_153612.jpg,CRACK500/Annotations/masks/20160328_153612_mask.png,20160328_153612,train,2560,1440,True,False
crack500,CRACK500/JPEGImages/images/20160328_153645.jpg,CRACK500/Annotations/masks/20160328_153645_mask.png,20160328_153645,train,2560,1440,True,False
crack500,CRACK500/JPEGImages/images/20160307_144252.jpg,CRACK500/Annotations/masks/20160307_144252_mask.png,20160307_144252,train,2560,1440,True,False
crack500,CRACK500/JPEGImages/images/20160324_170542.jpg,CRACK500/Annotations/masks/20160324_170542_mask.png,20160324_170542,train,2560,1440,True,False
crack500,CRACK500/JPEGImages/images/20160329_101503.jpg,CRACK500/Annotations/masks/20160329_101503_mask.png,20160329_101503,train,1440,2560,True,False
crack500,CRACK500/JPEGImages/images/IMG_5759.jpg,CRACK500/Annotations/masks/IMG_5759_mask.png,IMG_5759,train,2448,3264,True,False
crack500,CRACK500/JPEGImages/images/20160328_154321.jpg,CRACK500/Annotations/masks/20160328_154321_mask.png,20160328_154321,train,2560,1440,True,False
crack500,CRACK500/JPEGImages/images/20160316_142014.jpg,CRACK500/Annotations/masks/20160316_142014_mask.png,20160316_142014,train,2560,1440,True,False
crack500,CRACK500/JPEGImages/images/20160302_155848.jpg,CRACK500/Annotations/masks/20160302_155848_mask.png,20160302_155848,train,1440,2560,True,False
crack500,CRACK500/JPEGImages/images/20160328_153404.jpg,CRACK500/Annotations/masks/20160328_153404_mask.png,20160328_153404,train,2560,1440,True,False
crack500,CRACK500/JPEGImages/images/20160307_145255.jpg,CRACK500/Annotations/masks/20160307_145255_mask.png,20160307_145255,train,1440,2560,True,False
crack500,CRACK500/JPEGImages/images/20160328_153241.jpg,CRACK500/Annotations/masks/20160328_153241_mask.png,20160328_153241,train,1440,2560,True,False
crack500,CRACK500/JPEGImages/images/20160329_104035.jpg,CRACK500/Annotations/masks/20160329_104035_mask.png,20160329_104035,train,1440,2560,True,False
crack500,CRACK500/JPEGImages/images/20160222_080933.jpg,CRACK500/Annotations/masks/20160222_080933_mask.png,20160222_080933,train,1440,2560,True,False
crack500,CRACK500/JPEGImages/images/20160405_171336.jpg,CRACK500/Annotations/masks/20160405_171336_mask.png,20160405_171336,train,1440,2560,True,False
crack500,CRACK500/JPEGImages/images/20160307_144115.jpg,CRACK500/Annotations/masks/20160307_144115_mask.png,20160307_144115,train,1440,2560,True,False
crack500,CRACK500/JPEGImages/images/20160328_151020.jpg,CRACK500/Annotations/masks/20160328_151020_mask.png,20160328_151020,train,1440,2560,True,False
crack500,CRACK500/JPEGImages/images/20160407_165009.jpg,CRACK500/Annotations/masks/20160407_165009_mask.png,20160407_165009,train,1440,2560,True,False
crack500,CRACK500/JPEGImages/images/IMG_6186.jpg,CRACK500/Annotations/masks/IMG_6186_mask.png,IMG_6186,train,2448,3264,True,False
crack500,CRACK500/JPEGImages/images/IMG_2932.jpg,CRACK500/Annotations/masks/IMG_2932_mask.png,IMG_2932,train,2592,1936,True,False
crack500,CRACK500/JPEGImages/images/IMG_5787.jpg,CRACK500/Annotations/masks/IMG_5787_mask.png,IMG_5787,train,2448,3264,True,False
crack500,CRACK500/JPEGImages/images/IMG_1729.jpg,CRACK500/Annotations/masks/IMG_1729_mask.png,IMG_1729,train,2448,3264,True,False
crack500,CRACK500/JPEGImages/images/20160302_155925.jpg,CRACK500/Annotations/masks/20160302_155925_mask.png,20160302_155925,train,1440,2560,True,False
crack500,CRACK500/JPEGImages/images/20160222_081113.jpg,CRACK500/Annotations/masks/20160222_081113_mask.png,20160222_081113,train,2560,1440,True,False
crack500,CRACK500/JPEGImages/images/20160328_153724.jpg,CRACK500/Annotations/masks/20160328_153724_mask.png,20160328_153724,train,2560,1440,True,False
crack500,CRACK500/JPEGImages/images/20160308_074321.jpg,CRACK500/Annotations/masks/20160308_074321_mask.png,20160308_074321,train,2560,1440,True,False
crack500,CRACK500/JPEGImages/images/20160328_153604.jpg,CRACK500/Annotations/masks/20160328_153604_mask.png,20160328_153604,train,1440,2560,True,False
crack500,CRACK500/JPEGImages/images/20160328_151657.jpg,CRACK500/Annotations/masks/20160328_151657_mask.png,20160328_151657,train,1440,2560,True,False
crack500,CRACK500/JPEGImages/images/20160329_094527.jpg,CRACK500/Annotations/masks/20160329_094527_mask.png,20160329_094527,train,1440,2560,True,False
crack500,CRACK500/JPEGImages/images/20160325_185829.jpg,CRACK500/Annotations/masks/20160325_185829_mask.png,20160325_185829,train,1440,2560,True,False
crack500,CRACK500/JPEGImages/images/20160326_141812.jpg,CRACK500/Annotations/masks/20160326_141812_mask.png,20160326_141812,train,1440,2560,True,False
crack500,CRACK500/JPEGImages/images/20160222_164825.jpg,CRACK500/Annotations/masks/20160222_164825_mask.png,20160222_164825,train,2560,1440,True,False
crack500,CRACK500/JPEGImages/images/20160328_154454.jpg,CRACK500/Annotations/masks/20160328_154454_mask.png,20160328_154454,train,1440,2560,True,False
crack500,CRACK500/JPEGImages/images/IMG_2933.jpg,CRACK500/Annotations/masks/IMG_2933_mask.png,IMG_2933,train,2592,1936,True,False
crack500,CRACK500/JPEGImages/images/IMG_2935.jpg,CRACK500/Annotations/masks/IMG_2935_mask.png,IMG_2935,train,2592,1936,True,False
crack500,CRACK500/JPEGImages/images/20160407_165001.jpg,CRACK500/Annotations/masks/20160407_165001_mask.png,20160407_165001,train,1440,2560,True,False
crack500,CRACK500/JPEGImages/images/20160306_104522.jpg,CRACK500/Annotations/masks/20160306_104522_mask.png,20160306_104522,train,1440,2560,True,False
crack500,CRACK500/JPEGImages/images/20160302_155914.jpg,CRACK500/Annotations/masks/20160302_155914_mask.png,20160302_155914,train,1440,2560,True,False
crack500,CRACK500/JPEGImages/images/20160222_115847.jpg,CRACK500/Annotations/masks/20160222_115847_mask.png,20160222_115847,train,2560,1440,True,False
crack500,CRACK500/JPEGImages/images/20160222_165926.jpg,CRACK500/Annotations/masks/20160222_165926_mask.png,20160222_165926,train,2560,1440,True,False
crack500,CRACK500/JPEGImages/images/20160328_152511.jpg,CRACK500/Annotations/masks/20160328_152511_mask.png,20160328_152511,train,1440,2560,True,False
crack500,CRACK500/JPEGImages/images/20160328_153421.jpg,CRACK500/Annotations/masks/20160328_153421_mask.png,20160328_153421,val,1440,2560,True,False
crack500,CRACK500/JPEGImages/images/20160306_103613.jpg,CRACK500/Annotations/masks/20160306_103613_mask.png,20160306_103613,val,1440,2560,True,False
crack500,CRACK500/JPEGImages/images/20160330_170201.jpg,CRACK500/Annotations/masks/20160330_170201_mask.png,20160330_170201,val,1440,2560,True,False
crack500,CRACK500/JPEGImages/images/20160407_163522.jpg,CRACK500/Annotations/masks/20160407_163522_mask.png,20160407_163522,val,1440,2560,True,False
crack500,CRACK500/JPEGImages/images/20160326_142745.jpg,CRACK500/Annotations/masks/20160326_142745_mask.png,20160326_142745,val,2560,1440,True,False
crack500,CRACK500/JPEGImages/images/20160328_154325.jpg,CRACK500/Annotations/masks/20160328_154325_mask.png,20160328_154325,val,2560,1440,True,False
crack500,CRACK500/JPEGImages/images/20160328_150940.jpg,CRACK500/Annotations/masks/20160328_150940_mask.png,20160328_150940,val,2560,1440,True,False
crack500,CRACK500/JPEGImages/images/20160328_154334.jpg,CRACK500/Annotations/masks/20160328_154334_mask.png,20160328_154334,val,2560,1440,True,False
crack500,CRACK500/JPEGImages/images/20160308_155731.jpg,CRACK500/Annotations/masks/20160308_155731_mask.png,20160308_155731,val,2560,1440,True,False
crack500,CRACK500/JPEGImages/images/20160328_153632.jpg,CRACK500/Annotations/masks/20160328_153632_mask.png,20160328_153632,val,2560,1440,True,False
crack500,CRACK500/JPEGImages/images/IMG_5763.jpg,CRACK500/Annotations/masks/IMG_5763_mask.png,IMG_5763,val,2448,3264,True,False
crack500,CRACK500/JPEGImages/images/20160308_074101.jpg,CRACK500/Annotations/masks/20160308_074101_mask.png,20160308_074101,val,2560,1440,True,False
crack500,CRACK500/JPEGImages/images/IMG_6179.jpg,CRACK500/Annotations/masks/IMG_6179_mask.png,IMG_6179,val,2448,3264,True,False
crack500,CRACK500/JPEGImages/images/IMG_2940.jpg,CRACK500/Annotations/masks/IMG_2940_mask.png,IMG_2940,val,2592,1936,True,False
crack500,CRACK500/JPEGImages/images/20160306_103657.jpg,CRACK500/Annotations/masks/20160306_103657_mask.png,20160306_103657,val,1440,2560,True,False
crack500,CRACK500/JPEGImages/images/20160328_151413.jpg,CRACK500/Annotations/masks/20160328_151413_mask.png,20160328_151413,val,2560,1440,True,False
crack500,CRACK500/JPEGImages/images/20160329_101524.jpg,CRACK500/Annotations/masks/20160329_101524_mask.png,20160329_101524,val,1440,2560,True,False
crack500,CRACK500/JPEGImages/images/20160326_142403.jpg,CRACK500/Annotations/masks/20160326_142403_mask.png,20160326_142403,val,2560,1440,True,False
crack500,CRACK500/JPEGImages/images/20160328_153020.jpg,CRACK500/Annotations/masks/20160328_153020_mask.png,20160328_153020,val,1440,2560,True,False
crack500,CRACK500/JPEGImages/images/20160329_104024.jpg,CRACK500/Annotations/masks/20160329_104024_mask.png,20160329_104024,val,1440,2560,True,False
crack500,CRACK500/JPEGImages/images/20160330_170308.jpg,CRACK500/Annotations/masks/20160330_170308_mask.png,20160330_170308,val,1440,2560,True,False
crack500,CRACK500/JPEGImages/images/20160330_164935.jpg,CRACK500/Annotations/masks/20160330_164935_mask.png,20160330_164935,val,1440,2560,True,False
crack500,CRACK500/JPEGImages/images/20160328_153848.jpg,CRACK500/Annotations/masks/20160328_153848_mask.png,20160328_153848,val,2560,1440,True,False
crack500,CRACK500/JPEGImages/images/20160307_164400.jpg,CRACK500/Annotations/masks/20160307_164400_mask.png,20160307_164400,val,2560,1440,True,False
crack500,CRACK500/JPEGImages/images/20160222_164851.jpg,CRACK500/Annotations/masks/20160222_164851_mask.png,20160222_164851,val,2560,1440,True,False
crack500,CRACK500/JPEGImages/images/20160308_155836.jpg,CRACK500/Annotations/masks/20160308_155836_mask.png,20160308_155836,val,1440,2560,True,False
crack500,CRACK500/JPEGImages/images/20160326_144512.jpg,CRACK500/Annotations/masks/20160326_144512_mask.png,20160326_144512,val,1440,2560,True,False
crack500,CRACK500/JPEGImages/images/20160316_143527.jpg,CRACK500/Annotations/masks/20160316_143527_mask.png,20160316_143527,val,1440,2560,True,False
crack500,CRACK500/JPEGImages/images/IMG_5777.jpg,CRACK500/Annotations/masks/IMG_5777_mask.png,IMG_5777,val,2448,3264,True,False
crack500,CRACK500/JPEGImages/images/20160308_072951.jpg,CRACK500/Annotations/masks/20160308_072951_mask.png,20160308_072951,val,2560,1440,True,False
crack500,CRACK500/JPEGImages/images/20160222_164000.jpg,CRACK500/Annotations/masks/20160222_164000_mask.png,20160222_164000,val,2560,1440,True,False
crack500,CRACK500/JPEGImages/images/20160316_144105.jpg,CRACK500/Annotations/masks/20160316_144105_mask.png,20160316_144105,val,2560,1440,True,False
crack500,CRACK500/JPEGImages/images/20160330_160938.jpg,CRACK500/Annotations/masks/20160330_160938_mask.png,20160330_160938,val,2560,1440,True,False
crack500,CRACK500/JPEGImages/images/IMG_5746.jpg,CRACK500/Annotations/masks/IMG_5746_mask.png,IMG_5746,val,2448,3264,True,False
crack500,CRACK500/JPEGImages/images/20160328_153801.jpg,CRACK500/Annotations/masks/20160328_153801_mask.png,20160328_153801,val,2560,1440,True,False
crack500,CRACK500/JPEGImages/images/20160330_163725.jpg,CRACK500/Annotations/masks/20160330_163725_mask.png,20160330_163725,val,1440,2560,True,False
crack500,CRACK500/JPEGImages/images/IMG_6187.jpg,CRACK500/Annotations/masks/IMG_6187_mask.png,IMG_6187,val,3264,2448,True,False
crack500,CRACK500/JPEGImages/images/20160308_155847.jpg,CRACK500/Annotations/masks/20160308_155847_mask.png,20160308_155847,val,2560,1440,True,False
crack500,CRACK500/JPEGImages/images/20160405_171431.jpg,CRACK500/Annotations/masks/20160405_171431_mask.png,20160405_171431,val,2560,1440,True,False
crack500,CRACK500/JPEGImages/images/20160328_151429.jpg,CRACK500/Annotations/masks/20160328_151429_mask.png,20160328_151429,val,1440,2560,True,False
crack500,CRACK500/JPEGImages/images/20160402_151054.jpg,CRACK500/Annotations/masks/20160402_151054_mask.png,20160402_151054,val,1440,2560,True,False
crack500,CRACK500/JPEGImages/images/IMG_6181.jpg,CRACK500/Annotations/masks/IMG_6181_mask.png,IMG_6181,val,2448,3264,True,False
crack500,CRACK500/JPEGImages/images/20160328_153623.jpg,CRACK500/Annotations/masks/20160328_153623_mask.png,20160328_153623,val,2560,1440,True,False
crack500,CRACK500/JPEGImages/images/20160307_145000.jpg,CRACK500/Annotations/masks/20160307_145000_mask.png,20160307_145000,val,2560,1440,True,False
crack500,CRACK500/JPEGImages/images/20160405_171219.jpg,CRACK500/Annotations/masks/20160405_171219_mask.png,20160405_171219,val,1440,2560,True,False
crack500,CRACK500/JPEGImages/images/20160329_094006.jpg,CRACK500/Annotations/masks/20160329_094006_mask.png,20160329_094006,val,2560,1440,True,False
crack500,CRACK500/JPEGImages/images/20160222_165031.jpg,CRACK500/Annotations/masks/20160222_165031_mask.png,20160222_165031,val,2560,1440,True,False
crack500,CRACK500/JPEGImages/images/20160329_103609.jpg,CRACK500/Annotations/masks/20160329_103609_mask.png,20160329_103609,val,1440,2560,True,False
crack500,CRACK500/JPEGImages/images/20160329_115531.jpg,CRACK500/Annotations/masks/20160329_115531_mask.png,20160329_115531,val,1440,2560,True,False
crack500,CRACK500/JPEGImages/images/IMG_5751.jpg,CRACK500/Annotations/masks/IMG_5751_mask.png,IMG_5751,val,2448,3264,True,False
crack500,CRACK500/JPEGImages/images/20160308_155828.jpg,CRACK500/Annotations/masks/20160308_155828_mask.png,20160308_155828,val,1440,2560,True,False
crack500,CRACK500/JPEGImages/images/20160329_104133.jpg,CRACK500/Annotations/masks/20160329_104133_mask.png,20160329_104133,val,2560,1440,True,False
crack500,CRACK500/JPEGImages/images/20160307_164334.jpg,CRACK500/Annotations/masks/20160307_164334_mask.png,20160307_164334,val,2560,1440,True,False
crack500,CRACK500/JPEGImages/images/20160321_185457.jpg,CRACK500/Annotations/masks/20160321_185457_mask.png,20160321_185457,val,1440,2560,True,False
crack500,CRACK500/JPEGImages/images/20160324_170347.jpg,CRACK500/Annotations/masks/20160324_170347_mask.png,20160324_170347,val,2560,1440,True,False
crack500,CRACK500/JPEGImages/images/20160307_144842.jpg,CRACK500/Annotations/masks/20160307_144842_mask.png,20160307_144842,val,2560,1440,True,False
crack500,CRACK500/JPEGImages/images/20160324_165857.jpg,CRACK500/Annotations/masks/20160324_165857_mask.png,20160324_165857,val,2560,1440,True,False
crack500,CRACK500/JPEGImages/images/20160329_101507.jpg,CRACK500/Annotations/masks/20160329_101507_mask.png,20160329_101507,val,1440,2560,True,False
crack500,CRACK500/JPEGImages/images/20160328_151343.jpg,CRACK500/Annotations/masks/20160328_151343_mask.png,20160328_151343,val,1440,2560,True,False
crack500,CRACK500/JPEGImages/images/IMG_2931.jpg,CRACK500/Annotations/masks/IMG_2931_mask.png,IMG_2931,val,2592,1936,True,False
crack500,CRACK500/JPEGImages/images/IMG_2911.jpg,CRACK500/Annotations/masks/IMG_2911_mask.png,IMG_2911,val,1936,2592,True,False
crack500,CRACK500/JPEGImages/images/20160225_114514.jpg,CRACK500/Annotations/masks/20160225_114514_mask.png,20160225_114514,val,1440,2560,True,False
crack500,CRACK500/JPEGImages/images/IMG_5767.jpg,CRACK500/Annotations/masks/IMG_5767_mask.png,IMG_5767,val,3264,2448,True,False
crack500,CRACK500/JPEGImages/images/20160413_113422.jpg,CRACK500/Annotations/masks/20160413_113422_mask.png,20160413_113422,val,1440,2560,True,False
crack500,CRACK500/JPEGImages/images/20160310_114658.jpg,CRACK500/Annotations/masks/20160310_114658_mask.png,20160310_114658,val,1440,2560,True,False
crack500,CRACK500/JPEGImages/images/20160308_072944.jpg,CRACK500/Annotations/masks/20160308_072944_mask.png,20160308_072944,val,2560,1440,True,False
crack500,CRACK500/JPEGImages/images/20160329_104038.jpg,CRACK500/Annotations/masks/20160329_104038_mask.png,20160329_104038,val,1440,2560,True,False
crack500,CRACK500/JPEGImages/images/20160222_115843.jpg,CRACK500/Annotations/masks/20160222_115843_mask.png,20160222_115843,val,2560,1440,True,False
crack500,CRACK500/JPEGImages/images/20160222_165012.jpg,CRACK500/Annotations/masks/20160222_165012_mask.png,20160222_165012,val,2560,1440,True,False
crack500,CRACK500/JPEGImages/images/20160330_170014.jpg,CRACK500/Annotations/masks/20160330_170014_mask.png,20160330_170014,val,1440,2560,True,False
crack500,CRACK500/JPEGImages/images/20160307_163552.jpg,CRACK500/Annotations/masks/20160307_163552_mask.png,20160307_163552,test,2560,1440,True,False
crack500,CRACK500/JPEGImages/images/20160328_154202.jpg,CRACK500/Annotations/masks/20160328_154202_mask.png,20160328_154202,test,2560,1440,True,False
crack500,CRACK500/JPEGImages/images/20160321_185637.jpg,CRACK500/Annotations/masks/20160321_185637_mask.png,20160321_185637,test,1440,2560,True,False
crack500,CRACK500/JPEGImages/images/20160329_094452.jpg,CRACK500/Annotations/masks/20160329_094452_mask.png,20160329_094452,test,2560,1440,True,False
crack500,CRACK500/JPEGImages/images/20160329_094632.jpg,CRACK500/Annotations/masks/20160329_094632_mask.png,20160329_094632,test,1440,2560,True,False
crack500,CRACK500/JPEGImages/images/20160316_141736.jpg,CRACK500/Annotations/masks/20160316_141736_mask.png,20160316_141736,test,1440,2560,True,False
crack500,CRACK500/JPEGImages/images/20160328_153718.jpg,CRACK500/Annotations/masks/20160328_153718_mask.png,20160328_153718,test,2560,1440,True,False
crack500,CRACK500/JPEGImages/images/20160222_165256.jpg,CRACK500/Annotations/masks/20160222_165256_mask.png,20160222_165256,test,2560,1440,True,False
crack500,CRACK500/JPEGImages/images/20160324_173501.jpg,CRACK500/Annotations/masks/20160324_173501_mask.png,20160324_173501,test,2560,1440,True,False
crack500,CRACK500/JPEGImages/images/20160303_092627.jpg,CRACK500/Annotations/masks/20160303_092627_mask.png,20160303_092627,test,2560,1440,True,False
crack500,CRACK500/JPEGImages/images/20160328_153629.jpg,CRACK500/Annotations/masks/20160328_153629_mask.png,20160328_153629,test,2560,1440,True,False
crack500,CRACK500/JPEGImages/images/20160328_151423.jpg,CRACK500/Annotations/masks/20160328_151423_mask.png,20160328_151423,test,1440,2560,True,False
crack500,CRACK500/JPEGImages/images/20160330_172305.jpg,CRACK500/Annotations/masks/20160330_172305_mask.png,20160330_172305,test,1440,2560,True,False
crack500,CRACK500/JPEGImages/images/20160222_115837.jpg,CRACK500/Annotations/masks/20160222_115837_mask.png,20160222_115837,test,2560,1440,True,False
crack500,CRACK500/JPEGImages/images/IMG_2740.jpg,CRACK500/Annotations/masks/IMG_2740_mask.png,IMG_2740,test,2592,1904,True,False
crack500,CRACK500/JPEGImages/images/20160308_155737.jpg,CRACK500/Annotations/masks/20160308_155737_mask.png,20160308_155737,test,2560,1440,True,False
crack500,CRACK500/JPEGImages/images/20160329_093924.jpg,CRACK500/Annotations/masks/20160329_093924_mask.png,20160329_093924,test,2560,1440,True,False
crack500,CRACK500/JPEGImages/images/20160318_181632.jpg,CRACK500/Annotations/masks/20160318_181632_mask.png,20160318_181632,test,1440,2560,True,False
crack500,CRACK500/JPEGImages/images/20160321_185534.jpg,CRACK500/Annotations/masks/20160321_185534_mask.png,20160321_185534,test,1440,2560,True,False
crack500,CRACK500/JPEGImages/images/20160222_165951.jpg,CRACK500/Annotations/masks/20160222_165951_mask.png,20160222_165951,test,2560,1440,True,False
crack500,CRACK500/JPEGImages/images/20160324_173527.jpg,CRACK500/Annotations/masks/20160324_173527_mask.png,20160324_173527,test,2560,1440,True,False
crack500,CRACK500/JPEGImages/images/IMG_5775.jpg,CRACK500/Annotations/masks/IMG_5775_mask.png,IMG_5775,test,2448,3264,True,False
crack500,CRACK500/JPEGImages/images/IMG_5789.jpg,CRACK500/Annotations/masks/IMG_5789_mask.png,IMG_5789,test,2448,3264,True,False
crack500,CRACK500/JPEGImages/images/20160316_183217.jpg,CRACK500/Annotations/masks/20160316_183217_mask.png,20160316_183217,test,1440,2560,True,False
crack500,CRACK500/JPEGImages/images/20160405_171453.jpg,CRACK500/Annotations/masks/20160405_171453_mask.png,20160405_171453,test,2560,1440,True,False
crack500,CRACK500/JPEGImages/images/20160308_072824.jpg,CRACK500/Annotations/masks/20160308_072824_mask.png,20160308_072824,test,2560,1440,True,False
crack500,CRACK500/JPEGImages/images/20160306_104527.jpg,CRACK500/Annotations/masks/20160306_104527_mask.png,20160306_104527,test,1440,2560,True,False
crack500,CRACK500/JPEGImages/images/IMG_2941.jpg,CRACK500/Annotations/masks/IMG_2941_mask.png,IMG_2941,test,2592,1936,True,False
crack500,CRACK500/JPEGImages/images/20160318_181602.jpg,CRACK500/Annotations/masks/20160318_181602_mask.png,20160318_181602,test,1440,2560,True,False
crack500,CRACK500/JPEGImages/images/IMG_5778.jpg,CRACK500/Annotations/masks/IMG_5778_mask.png,IMG_5778,test,2448,3264,True,False
crack500,CRACK500/JPEGImages/images/20160330_165325.jpg,CRACK500/Annotations/masks/20160330_165325_mask.png,20160330_165325,test,1440,2560,True,False
crack500,CRACK500/JPEGImages/images/20160307_144150.jpg,CRACK500/Annotations/masks/20160307_144150_mask.png,20160307_144150,test,2560,1440,True,False
crack500,CRACK500/JPEGImages/images/IMG_1732.jpg,CRACK500/Annotations/masks/IMG_1732_mask.png,IMG_1732,test,2448,3264,True,False
crack500,CRACK500/JPEGImages/images/20160405_171353.jpg,CRACK500/Annotations/masks/20160405_171353_mask.png,20160405_171353,test,2560,1440,True,False
crack500,CRACK500/JPEGImages/images/20160222_081031.jpg,CRACK500/Annotations/masks/20160222_081031_mask.png,20160222_081031,test,2560,1440,True,False
crack500,CRACK500/JPEGImages/images/IMG_2906.jpg,CRACK500/Annotations/masks/IMG_2906_mask.png,IMG_2906,test,2592,1936,True,False
crack500,CRACK500/JPEGImages/images/20160310_114425.jpg,CRACK500/Annotations/masks/20160310_114425_mask.png,20160310_114425,test,2560,1440,True,False
crack500,CRACK500/JPEGImages/images/20160328_154352.jpg,CRACK500/Annotations/masks/20160328_154352_mask.png,20160328_154352,test,2560,1440,True,False
crack500,CRACK500/JPEGImages/images/20160328_151244.jpg,CRACK500/Annotations/masks/20160328_151244_mask.png,20160328_151244,test,2560,1440,True,False
crack500,CRACK500/JPEGImages/images/20160308_072844.jpg,CRACK500/Annotations/masks/20160308_072844_mask.png,20160308_072844,test,1440,2560,True,False
crack500,CRACK500/JPEGImages/images/20160328_150821.jpg,CRACK500/Annotations/masks/20160328_150821_mask.png,20160328_150821,test,2560,1440,True,False
crack500,CRACK500/JPEGImages/images/IMG_5781.jpg,CRACK500/Annotations/masks/IMG_5781_mask.png,IMG_5781,test,2448,3264,True,False
crack500,CRACK500/JPEGImages/images/20160330_165956.jpg,CRACK500/Annotations/masks/20160330_165956_mask.png,20160330_165956,test,1440,2560,True,False
crack500,CRACK500/JPEGImages/images/20160329_103626.jpg,CRACK500/Annotations/masks/20160329_103626_mask.png,20160329_103626,test,1440,2560,True,False
crack500,CRACK500/JPEGImages/images/20160330_170359.jpg,CRACK500/Annotations/masks/20160330_170359_mask.png,20160330_170359,test,1440,2560,True,False
crack500,CRACK500/JPEGImages/images/20160307_163641.jpg,CRACK500/Annotations/masks/20160307_163641_mask.png,20160307_163641,test,2560,1440,True,False
crack500,CRACK500/JPEGImages/images/20160328_153821.jpg,CRACK500/Annotations/masks/20160328_153821_mask.png,20160328_153821,test,2560,1440,True,False
crack500,CRACK500/JPEGImages/images/20160222_115305.jpg,CRACK500/Annotations/masks/20160222_115305_mask.png,20160222_115305,test,2560,1440,True,False
crack500,CRACK500/JPEGImages/images/20160329_093920.jpg,CRACK500/Annotations/masks/20160329_093920_mask.png,20160329_093920,test,2560,1440,True,False
crack500,CRACK500/JPEGImages/images/20160328_153357.jpg,CRACK500/Annotations/masks/20160328_153357_mask.png,20160328_153357,test,2560,1440,True,False
crack500,CRACK500/JPEGImages/images/20160308_073213.jpg,CRACK500/Annotations/masks/20160308_073213_mask.png,20160308_073213,test,1440,2560,True,False
crack500,CRACK500/JPEGImages/images/20160308_072831.jpg,CRACK500/Annotations/masks/20160308_072831_mask.png,20160308_072831,test,1440,2560,True,False
crack500,CRACK500/JPEGImages/images/20160222_165937.jpg,CRACK500/Annotations/masks/20160222_165937_mask.png,20160222_165937,test,2560,1440,True,False
crack500,CRACK500/JPEGImages/images/20160222_115519.jpg,CRACK500/Annotations/masks/20160222_115519_mask.png,20160222_115519,test,2560,1440,True,False
crack500,CRACK500/JPEGImages/images/20160222_115620.jpg,CRACK500/Annotations/masks/20160222_115620_mask.png,20160222_115620,test,2560,1440,True,False
crack500,CRACK500/JPEGImages/images/20160328_150927.jpg,CRACK500/Annotations/masks/20160328_150927_mask.png,20160328_150927,test,2560,1440,True,False
crack500,CRACK500/JPEGImages/images/20160328_154356.jpg,CRACK500/Annotations/masks/20160328_154356_mask.png,20160328_154356,test,2560,1440,True,False
crack500,CRACK500/JPEGImages/images/20160222_165909.jpg,CRACK500/Annotations/masks/20160222_165909_mask.png,20160222_165909,test,2560,1440,True,False
crack500,CRACK500/JPEGImages/images/20160328_153702.jpg,CRACK500/Annotations/masks/20160328_153702_mask.png,20160328_153702,test,2560,1440,True,False
crack500,CRACK500/JPEGImages/images/IMG_5780.jpg,CRACK500/Annotations/masks/IMG_5780_mask.png,IMG_5780,test,2448,3264,True,False
crack500,CRACK500/JPEGImages/images/IMG_6183.jpg,CRACK500/Annotations/masks/IMG_6183_mask.png,IMG_6183,test,2448,3264,True,False
crack500,CRACK500/JPEGImages/images/20160329_104205.jpg,CRACK500/Annotations/masks/20160329_104205_mask.png,20160329_104205,test,1440,2560,True,False
crack500,CRACK500/JPEGImages/images/20160225_114531.jpg,CRACK500/Annotations/masks/20160225_114531_mask.png,20160225_114531,test,1440,2560,True,False
crack500,CRACK500/JPEGImages/images/20160402_150300.jpg,CRACK500/Annotations/masks/20160402_150300_mask.png,20160402_150300,test,1440,2560,True,False
crack500,CRACK500/JPEGImages/images/20160306_103632.jpg,CRACK500/Annotations/masks/20160306_103632_mask.png,20160306_103632,test,1440,2560,True,False
crack500,CRACK500/JPEGImages/images/20160308_072927.jpg,CRACK500/Annotations/masks/20160308_072927_mask.png,20160308_072927,test,2560,1440,True,False
crack500,CRACK500/JPEGImages/images/20160308_073736.jpg,CRACK500/Annotations/masks/20160308_073736_mask.png,20160308_073736,test,2560,1440,True,False
crack500,CRACK500/JPEGImages/images/20160308_160128.jpg,CRACK500/Annotations/masks/20160308_160128_mask.png,20160308_160128,test,2560,1440,True,False
crack500,CRACK500/JPEGImages/images/20160402_150314.jpg,CRACK500/Annotations/masks/20160402_150314_mask.png,20160402_150314,test,1440,2560,True,False
crack500,CRACK500/JPEGImages/images/20160222_115233.jpg,CRACK500/Annotations/masks/20160222_115233_mask.png,20160222_115233,test,2560,1440,True,False
crack500,CRACK500/JPEGImages/images/20160302_155919.jpg,CRACK500/Annotations/masks/20160302_155919_mask.png,20160302_155919,test,2560,1440,True,False
crack500,CRACK500/JPEGImages/images/20160329_101514.jpg,CRACK500/Annotations/masks/20160329_101514_mask.png,20160329_101514,test,1440,2560,True,False
